{"cameraMode":{"drawMode":0,"name":"Shaded","section":"Shading Mode"},"sceneLighting":true,"audioPlay":false,"sceneViewState":{"m_AlwaysRefresh":false,"showFog":true,"showSkybox":true,"showFlares":true,"showImageEffects":true,"showParticleSystems":true,"showVisualEffectGraphs":true,"m_FxEnabled":true},"in2DMode":false,"pivot":{"x":13.224520683288575,"y":-17.84933090209961,"z":-79.5818099975586},"rotation":{"x":2.9798505243178175e-12,"y":-0.003600005991756916,"z":2.0264256852392526e-12,"w":0.999993622303009},"size":29.596885681152345,"orthographic":false}