[Licensing::Module] Trying to connect to existing licensing client channel...
Built from '6000.2/respin/6000.2.6f2-cc51a95c03' branch; Version is '6000.2.6f2 (4a4dcaec6541) revision 4869578'; Using compiler version '194234433'; Build Type 'Release'
OS: 'Windows 11  (10.0.26100) 64bit Core' Language: 'en' Physical Memory: 16087 MB
[Licensing::IpcConnector] Successfully connected to: "LicenseClient-ayana" at "2025-10-06T00:03:37.7784213Z"
BatchMode: 1, IsHumanControllingUs: 0, StartBugReporterOnCrash: 0, Is64bit: 1
Date: 2025-10-06T00:03:37Z

COMMAND LINE ARGUMENTS:
C:\Program Files\Unity\Hub\Editor\6000.2.6f2\Editor\Unity.exe
-adb2
-batchMode
-noUpm
-name
AssetImportWorker7
-projectPath
C:/Users/ayana/OneDrive/Documents/GitHub/Animation2025/AnimationLabs
-logFile
Logs/AssetImportWorker7.log
-srvPort
51426
-licensingIpc
LicenseClient-ayana
-job-worker-count
7
-background-job-worker-count
8
-gc-helper-count
1
-name
AssetImport
Successfully changed project path to: C:/Users/ayana/OneDrive/Documents/GitHub/Animation2025/AnimationLabs
C:/Users/ayana/OneDrive/Documents/GitHub/Animation2025/AnimationLabs
[UnityMemory] Configuration Parameters - Can be set up in boot.config
    "memorysetup-allocator-temp-initial-block-size-main=262144"
    "memorysetup-allocator-temp-initial-block-size-worker=262144"
    "memorysetup-bucket-allocator-granularity=16"
    "memorysetup-bucket-allocator-bucket-count=8"
    "memorysetup-bucket-allocator-block-size=33554432"
    "memorysetup-bucket-allocator-block-count=8"
    "memorysetup-main-allocator-block-size=16777216"
    "memorysetup-thread-allocator-block-size=16777216"
    "memorysetup-gfx-main-allocator-block-size=16777216"
    "memorysetup-gfx-thread-allocator-block-size=16777216"
    "memorysetup-cache-allocator-block-size=4194304"
    "memorysetup-typetree-allocator-block-size=2097152"
    "memorysetup-profiler-bucket-allocator-granularity=16"
    "memorysetup-profiler-bucket-allocator-bucket-count=8"
    "memorysetup-profiler-bucket-allocator-block-size=33554432"
    "memorysetup-profiler-bucket-allocator-block-count=8"
    "memorysetup-profiler-allocator-block-size=16777216"
    "memorysetup-profiler-editor-allocator-block-size=1048576"
    "memorysetup-temp-allocator-size-main=16777216"
    "memorysetup-job-temp-allocator-block-size=2097152"
    "memorysetup-job-temp-allocator-block-size-background=1048576"
    "memorysetup-job-temp-allocator-reduction-small-platforms=262144"
    "memorysetup-temp-allocator-size-background-worker=32768"
    "memorysetup-temp-allocator-size-job-worker=262144"
    "memorysetup-temp-allocator-size-preload-manager=33554432"
    "memorysetup-temp-allocator-size-nav-mesh-worker=65536"
    "memorysetup-temp-allocator-size-audio-worker=65536"
    "memorysetup-temp-allocator-size-cloud-worker=32768"
    "memorysetup-temp-allocator-size-gi-baking-worker=262144"
    "memorysetup-temp-allocator-size-gi-baking-worker=262144"
    "memorysetup-temp-allocator-size-gi-baking-worker=262144"
    "memorysetup-temp-allocator-size-gi-baking-worker=262144"
    "memorysetup-temp-allocator-size-gi-baking-worker=262144"
    "memorysetup-temp-allocator-size-gfx=262144"
Player connection [15988]  Target information:

Player connection [15988]  * "[IP] 192.168.0.200 [Port] 0 [Flags] 2 [Guid] 163489321 [EditorId] 163489321 [Version] 1048832 [Id] WindowsEditor(7,MSI) [Debug] 1 [PackageName] WindowsEditor [ProjectName] Editor" 

Player connection [15988] Host joined multi-casting on [225.0.0.222:54997]...
Player connection [15988] Host joined alternative multi-casting on [225.0.0.222:34997]...
JobSystem: Creating JobQueue using job-worker-count value 7
Input System module state changed to: Initialized.
[Physics::Module] Initialized fallback backend.
[Physics::Module] Id: 0xdecafbad
[Licensing::Client] Code 10 while verifying Licensing Client signature (process Id: 21080, path: "C:/Users/ayana/SchoolSoftware/Unity Hub/UnityLicensingClient_V1/Unity.Licensing.Client.exe")
[Licensing::Module] LicensingClient has failed validation; ignoring
[Licensing::Client] Handshaking with LicensingClient:
  Version:                 1.17.3+a4e98f1
  Session Id:              e673cadc9c9e430baa9a340a4c99385c
  Correlation Id:          e7c51e1bf4057ac22b7e490d051b4a7b
  External correlation Id: 6879200913114053625
  Machine Id:              cleDMvXY9O+45m6I22BHXt+mVGw=
[Licensing::Module] Successfully connected to LicensingClient on channel: "LicenseClient-ayana" (connect: 0.00s, validation: 0.00s, handshake: 0.06s)
[Licensing::IpcConnector] Successfully connected to: "LicenseClient-ayana-notifications" at "2025-10-06T00:03:37.8395899Z"
[Licensing::Module] Licensing Background thread has ended after 0.06s
Library Redirect Path: Library/
[Physics::Module] Selected backend.
[Physics::Module] Name: PhysX
[Physics::Module] Id: 0xf2b8ea05
[Physics::Module] SDK Version: 4.1.2
[Physics::Module] Integration Version: 1.0.0
[Physics::Module] Threading Mode: Multi-Threaded
Refreshing native plugins compatible for Editor in 3.92 ms, found 3 plugins.
Preloading 0 native plugins for Editor in 0.00 ms.
Initialize engine version: 6000.2.6f2 (4a4dcaec6541)
[Subsystems] Discovering subsystems at path C:/Program Files/Unity/Hub/Editor/6000.2.6f2/Editor/Data/Resources/UnitySubsystems
[Subsystems] Discovering subsystems at path C:/Users/ayana/OneDrive/Documents/GitHub/Animation2025/AnimationLabs/Assets
GfxDevice: creating device client; kGfxThreadingModeNonThreaded
d3d12: failed to query info queue interface (0x80004002).
Direct3D:
    Version:         Direct3D 12 [level 12.1]
    Renderer:        NVIDIA GeForce RTX 4060 Laptop GPU (ID=0x28a0)
    Vendor:          NVIDIA
    VRAM:            7957 MB
    App VRAM Budget: 7189 MB
    Driver:          32.0.15.7700
Initialize mono
Mono path[0] = 'C:/Program Files/Unity/Hub/Editor/6000.2.6f2/Editor/Data/Managed'
Mono path[1] = 'C:/Program Files/Unity/Hub/Editor/6000.2.6f2/Editor/Data/MonoBleedingEdge/lib/mono/unityjit-win32'
Mono config path = 'C:/Program Files/Unity/Hub/Editor/6000.2.6f2/Editor/Data/MonoBleedingEdge/etc'
Using monoOptions --debugger-agent=transport=dt_socket,embedding=1,server=y,suspend=n,address=127.0.0.1:56756
Begin MonoManager ReloadAssembly
Registering precompiled unity dll's ...
Register platform support module: C:/Program Files/Unity/Hub/Editor/6000.2.6f2/Editor/Data/PlaybackEngines/WindowsStandaloneSupport/UnityEditor.WindowsStandalone.Extensions.dll
Registered in 0.002064 seconds.
- Loaded All Assemblies, in  1.396 seconds
Native extension for WindowsStandalone target not found
Mono: successfully reloaded assembly
- Finished resetting the current domain, in  0.373 seconds
Domain Reload Profiling: 1767ms
	BeginReloadAssembly (1088ms)
		ExecutionOrderSort (0ms)
		DisableScriptedObjects (0ms)
		BackupInstance (0ms)
		ReleaseScriptingObjects (0ms)
		CreateAndSetChildDomain (1ms)
	RebuildCommonClasses (47ms)
	RebuildNativeTypeToScriptingClass (17ms)
	initialDomainReloadingComplete (57ms)
	LoadAllAssembliesAndSetupDomain (185ms)
		LoadAssemblies (1085ms)
		RebuildTransferFunctionScriptingTraits (0ms)
		AnalyzeDomain (182ms)
			TypeCache.Refresh (180ms)
				TypeCache.ScanAssembly (166ms)
			BuildScriptInfoCaches (0ms)
			ResolveRequiredComponents (0ms)
	FinalizeReload (374ms)
		ReleaseScriptCaches (0ms)
		RebuildScriptCaches (0ms)
		SetupLoadedEditorAssemblies (326ms)
			LogAssemblyErrors (0ms)
			InitializePlatformSupportModulesInManaged (62ms)
			SetLoadedEditorAssemblies (4ms)
			BeforeProcessingInitializeOnLoad (72ms)
			ProcessInitializeOnLoadAttributes (137ms)
			ProcessInitializeOnLoadMethodAttributes (50ms)
			AfterProcessingInitializeOnLoad (0ms)
			EditorAssembliesLoaded (0ms)
		ExecutionOrderSort2 (0ms)
		AwakeInstancesAfterBackupRestoration (0ms)
========================================================================
Worker process is ready to serve import requests
Import Worker Mode flag is 0x00
Begin MonoManager ReloadAssembly
[Licensing::Client] Successfully resolved entitlement details
[Licensing::Module] License group:
  Id: 3574232338638-UnityPersXXXX
  Product: Unity Personal
  Type: Assigned
  Expiration: Unlimited
- Loaded All Assemblies, in  0.948 seconds
Refreshing native plugins compatible for Editor in 2.08 ms, found 3 plugins.
Native extension for WindowsStandalone target not found
Package Manager log level set to [2]
[Package Manager] Failed to launch server process. Reason: Unity was launched with the -noUpm command-line argument
[Package Manager] Unable to send message (not connected to server process).
[Package Manager] Cannot connect to Unity Package Manager local server
Mono: successfully reloaded assembly
- Finished resetting the current domain, in  0.866 seconds
Domain Reload Profiling: 1809ms
	BeginReloadAssembly (211ms)
		ExecutionOrderSort (0ms)
		DisableScriptedObjects (6ms)
		BackupInstance (0ms)
		ReleaseScriptingObjects (0ms)
		CreateAndSetChildDomain (36ms)
	RebuildCommonClasses (39ms)
	RebuildNativeTypeToScriptingClass (13ms)
	initialDomainReloadingComplete (45ms)
	LoadAllAssembliesAndSetupDomain (635ms)
		LoadAssemblies (419ms)
		RebuildTransferFunctionScriptingTraits (0ms)
		AnalyzeDomain (324ms)
			TypeCache.Refresh (259ms)
				TypeCache.ScanAssembly (244ms)
			BuildScriptInfoCaches (51ms)
			ResolveRequiredComponents (11ms)
	FinalizeReload (866ms)
		ReleaseScriptCaches (0ms)
		RebuildScriptCaches (0ms)
		SetupLoadedEditorAssemblies (620ms)
			LogAssemblyErrors (0ms)
			InitializePlatformSupportModulesInManaged (2ms)
			SetLoadedEditorAssemblies (5ms)
			BeforeProcessingInitializeOnLoad (136ms)
			ProcessInitializeOnLoadAttributes (419ms)
			ProcessInitializeOnLoadMethodAttributes (52ms)
			AfterProcessingInitializeOnLoad (6ms)
			EditorAssembliesLoaded (0ms)
		ExecutionOrderSort2 (0ms)
		AwakeInstancesAfterBackupRestoration (6ms)
Launched and connected shader compiler UnityShaderCompiler.exe after 0.06 seconds
Refreshing native plugins compatible for Editor in 2.15 ms, found 3 plugins.
Preloading 0 native plugins for Editor in 0.00 ms.
Unloading 13 Unused Serialized files (Serialized files now loaded: 0)
Unloading 6113 unused Assets / (5.2 MB). Loaded Objects now: 6812.
Memory consumption went from 136.8 MB to 131.6 MB.
Total: 11.116500 ms (FindLiveObjects: 1.200200 ms CreateObjectMapping: 0.937500 ms MarkObjects: 5.729400 ms  DeleteObjects: 3.246700 ms)

========================================================================
Received Prepare
Begin MonoManager ReloadAssembly
[Licensing::Client] Successfully resolved entitlement details
- Loaded All Assemblies, in  0.859 seconds
Refreshing native plugins compatible for Editor in 1.35 ms, found 3 plugins.
Native extension for WindowsStandalone target not found
[Package Manager] Failed to launch server process. Reason: Unity was launched with the -noUpm command-line argument
[Package Manager] Unable to send message (not connected to server process).
[Package Manager] Cannot connect to Unity Package Manager local server
Mono: successfully reloaded assembly
- Finished resetting the current domain, in  0.807 seconds
Domain Reload Profiling: 1665ms
	BeginReloadAssembly (225ms)
		ExecutionOrderSort (0ms)
		DisableScriptedObjects (6ms)
		BackupInstance (0ms)
		ReleaseScriptingObjects (0ms)
		CreateAndSetChildDomain (51ms)
	RebuildCommonClasses (38ms)
	RebuildNativeTypeToScriptingClass (14ms)
	initialDomainReloadingComplete (40ms)
	LoadAllAssembliesAndSetupDomain (540ms)
		LoadAssemblies (417ms)
		RebuildTransferFunctionScriptingTraits (0ms)
		AnalyzeDomain (222ms)
			TypeCache.Refresh (8ms)
				TypeCache.ScanAssembly (0ms)
			BuildScriptInfoCaches (196ms)
			ResolveRequiredComponents (13ms)
	FinalizeReload (808ms)
		ReleaseScriptCaches (0ms)
		RebuildScriptCaches (0ms)
		SetupLoadedEditorAssemblies (613ms)
			LogAssemblyErrors (0ms)
			InitializePlatformSupportModulesInManaged (2ms)
			SetLoadedEditorAssemblies (7ms)
			BeforeProcessingInitializeOnLoad (132ms)
			ProcessInitializeOnLoadAttributes (398ms)
			ProcessInitializeOnLoadMethodAttributes (66ms)
			AfterProcessingInitializeOnLoad (8ms)
			EditorAssembliesLoaded (0ms)
		ExecutionOrderSort2 (0ms)
		AwakeInstancesAfterBackupRestoration (22ms)
Refreshing native plugins compatible for Editor in 2.03 ms, found 3 plugins.
Preloading 0 native plugins for Editor in 0.00 ms.
Unloading 13 Unused Serialized files (Serialized files now loaded: 0)
Unloading 6111 unused Assets / (3.6 MB). Loaded Objects now: 6826.
Memory consumption went from 142.7 MB to 139.1 MB.
Total: 7.962300 ms (FindLiveObjects: 0.471100 ms CreateObjectMapping: 0.609500 ms MarkObjects: 4.931300 ms  DeleteObjects: 1.949000 ms)

Prepare: number of updated asset objects reloaded= 0
========================================================================
Received Prepare
Begin MonoManager ReloadAssembly
[Licensing::Client] Successfully resolved entitlement details
- Loaded All Assemblies, in  7.507 seconds
Refreshing native plugins compatible for Editor in 3.21 ms, found 3 plugins.
Native extension for WindowsStandalone target not found
[Package Manager] Failed to launch server process. Reason: Unity was launched with the -noUpm command-line argument
[Package Manager] Unable to send message (not connected to server process).
[Package Manager] Cannot connect to Unity Package Manager local server
Mono: successfully reloaded assembly
- Finished resetting the current domain, in  0.834 seconds
Domain Reload Profiling: 8338ms
	BeginReloadAssembly (1152ms)
		ExecutionOrderSort (0ms)
		DisableScriptedObjects (8ms)
		BackupInstance (0ms)
		ReleaseScriptingObjects (0ms)
		CreateAndSetChildDomain (49ms)
	RebuildCommonClasses (445ms)
	RebuildNativeTypeToScriptingClass (19ms)
	initialDomainReloadingComplete (44ms)
	LoadAllAssembliesAndSetupDomain (5844ms)
		LoadAssemblies (6631ms)
		RebuildTransferFunctionScriptingTraits (0ms)
		AnalyzeDomain (235ms)
			TypeCache.Refresh (9ms)
				TypeCache.ScanAssembly (0ms)
			BuildScriptInfoCaches (208ms)
			ResolveRequiredComponents (13ms)
	FinalizeReload (835ms)
		ReleaseScriptCaches (0ms)
		RebuildScriptCaches (0ms)
		SetupLoadedEditorAssemblies (641ms)
			LogAssemblyErrors (0ms)
			InitializePlatformSupportModulesInManaged (2ms)
			SetLoadedEditorAssemblies (7ms)
			BeforeProcessingInitializeOnLoad (159ms)
			ProcessInitializeOnLoadAttributes (406ms)
			ProcessInitializeOnLoadMethodAttributes (60ms)
			AfterProcessingInitializeOnLoad (7ms)
			EditorAssembliesLoaded (0ms)
		ExecutionOrderSort2 (0ms)
		AwakeInstancesAfterBackupRestoration (19ms)
Refreshing native plugins compatible for Editor in 1.96 ms, found 3 plugins.
Preloading 0 native plugins for Editor in 0.00 ms.
Unloading 13 Unused Serialized files (Serialized files now loaded: 0)
Unloading 6111 unused Assets / (4.0 MB). Loaded Objects now: 6828.
Memory consumption went from 144.5 MB to 140.5 MB.
Total: 7.653900 ms (FindLiveObjects: 0.698400 ms CreateObjectMapping: 0.436700 ms MarkObjects: 4.411200 ms  DeleteObjects: 2.106400 ms)

Prepare: number of updated asset objects reloaded= 0
========================================================================
Received Import Request.
  Time since last request: 2792880.964279 seconds.
  path: Assets/Readme - Copy.asset
  artifactKey: Guid(44f0e7f0781bf1648844865c339772ac) Importer(2089858483,192608db42251d675da83286b1cce702)
Start importing Assets/Readme - Copy.asset using Guid(44f0e7f0781bf1648844865c339772ac) Importer(2089858483,192608db42251d675da83286b1cce702) (ScriptedImporter) -> (artifact id: '79f0ce1ad17e5ace436ef50226bf3c0b') in 0.2885612 seconds
Number of updated asset objects reloaded before import = 0Number of asset objects unloaded after import = 2

========================================================================
Received Import Request.
  Time since last request: 0.000027 seconds.
  path: Assets/Lab2 - Copy/Scripts/pathController.cs
  artifactKey: Guid(95db9e0879c01cd43a1f01acfb80bba6) Importer(2089858483,192608db42251d675da83286b1cce702)
Start importing Assets/Lab2 - Copy/Scripts/pathController.cs using Guid(95db9e0879c01cd43a1f01acfb80bba6) Importer(2089858483,192608db42251d675da83286b1cce702) (ScriptedImporter) -> (artifact id: '93dd5b357a374d99bef57866550590bd') in 0.0329097 seconds
Number of updated asset objects reloaded before import = 0Number of asset objects unloaded after import = 0

========================================================================
Received Import Request.
  Time since last request: 0.000027 seconds.
  path: Assets/Lab2 - Copy/sprites/Star Variant.prefab
  artifactKey: Guid(8636afdf1ae3a104c825501ff0753e1c) Importer(2089858483,192608db42251d675da83286b1cce702)
Start importing Assets/Lab2 - Copy/sprites/Star Variant.prefab using Guid(8636afdf1ae3a104c825501ff0753e1c) Importer(2089858483,192608db42251d675da83286b1cce702) (ScriptedImporter) -> (artifact id: 'd8fd26134eee25ceb9a3265d648bab07') in 0.1493239 seconds
Number of updated asset objects reloaded before import = 0Number of asset objects unloaded after import = 23

========================================================================
Received Import Request.
  Time since last request: 0.000018 seconds.
  path: Assets/FreeDragons/Animations/DragonSoulEater/Sleeping.fbx
  artifactKey: Guid(0b0985d8d75993d4ba1c094379da358c) Importer(2089858483,192608db42251d675da83286b1cce702)
Start importing Assets/FreeDragons/Animations/DragonSoulEater/Sleeping.fbx using Guid(0b0985d8d75993d4ba1c094379da358c) Importer(2089858483,192608db42251d675da83286b1cce702) (ScriptedImporter) -> (artifact id: '52d32a4dcc558dc6f2b5cf2612c10d83') in 0.0887069 seconds
Number of updated asset objects reloaded before import = 0Number of asset objects unloaded after import = 133

========================================================================
Received Import Request.
  Time since last request: 0.000022 seconds.
  path: Assets/FreeDragons/Animations/DragonSoulEater/Basic Attack.fbx
  artifactKey: Guid(5d9efb65c776b714fb5123711f07de0c) Importer(2089858483,192608db42251d675da83286b1cce702)
Start importing Assets/FreeDragons/Animations/DragonSoulEater/Basic Attack.fbx using Guid(5d9efb65c776b714fb5123711f07de0c) Importer(2089858483,192608db42251d675da83286b1cce702) (ScriptedImporter) -> (artifact id: '9862c1b3e0361fee81504df32878aef3') in 0.0618375 seconds
Number of updated asset objects reloaded before import = 0Number of asset objects unloaded after import = 133

========================================================================
Received Prepare
Refreshing native plugins compatible for Editor in 1.25 ms, found 3 plugins.
Preloading 0 native plugins for Editor in 0.00 ms.
Unloading 13 Unused Serialized files (Serialized files now loaded: 0)
Unloading 6105 unused Assets / (3.7 MB). Loaded Objects now: 6831.
Memory consumption went from 143.9 MB to 140.2 MB.
Total: 7.473700 ms (FindLiveObjects: 0.463600 ms CreateObjectMapping: 0.306400 ms MarkObjects: 4.987100 ms  DeleteObjects: 1.715500 ms)

Prepare: number of updated asset objects reloaded= 0
========================================================================
Received Import Request.
  Time since last request: 1.062002 seconds.
  path: Assets/Lab2 - Copy/RPGHero/Meshes/NewFreeRPGHeroPolyart.fbx
  artifactKey: Guid(e4aa31f274820b94eb0d0b764e0f383b) Importer(2089858483,192608db42251d675da83286b1cce702)
Start importing Assets/Lab2 - Copy/RPGHero/Meshes/NewFreeRPGHeroPolyart.fbx using Guid(e4aa31f274820b94eb0d0b764e0f383b) Importer(2089858483,192608db42251d675da83286b1cce702) (ScriptedImporter) -> (artifact id: '572db5d2350559e18d46b65b26e00fe6') in 0.0598942 seconds
Number of updated asset objects reloaded before import = 0Number of asset objects unloaded after import = 136

========================================================================
Received Import Request.
  Time since last request: 0.000024 seconds.
  path: Assets/Lab2 - Copy/RPGHero/Meshes/PolyartSword.fbx
  artifactKey: Guid(8e748ab8b2b891145b67425cad73aebf) Importer(2089858483,192608db42251d675da83286b1cce702)
Start importing Assets/Lab2 - Copy/RPGHero/Meshes/PolyartSword.fbx using Guid(8e748ab8b2b891145b67425cad73aebf) Importer(2089858483,192608db42251d675da83286b1cce702) (ScriptedImporter) -> (artifact id: '1fc866b48ae0972db4cb000f8bf9f752') in 0.0556473 seconds
Number of updated asset objects reloaded before import = 0Number of asset objects unloaded after import = 7

========================================================================
Received Import Request.
  Time since last request: 0.000029 seconds.
  path: Assets/Lab2 - Copy/RPGHero/Prefabs/RPGHeroHP.prefab
  artifactKey: Guid(c20397bf1592dc040b827e8716b0bd41) Importer(2089858483,192608db42251d675da83286b1cce702)
Start importing Assets/Lab2 - Copy/RPGHero/Prefabs/RPGHeroHP.prefab using Guid(c20397bf1592dc040b827e8716b0bd41) Importer(2089858483,192608db42251d675da83286b1cce702) (ScriptedImporter) -> (artifact id: '98bdc6e4ac5c9819579b1484108bd50b') in 0.2052875 seconds
Number of updated asset objects reloaded before import = 0Number of asset objects unloaded after import = 154

========================================================================
Received Import Request.
  Time since last request: 0.087944 seconds.
  path: Assets/Lab2 - Copy/RPGHero/Prefabs/RPGHeroPolyart.prefab
  artifactKey: Guid(c647a6e9ba715004ebbf4dc6d7bd1e7a) Importer(2089858483,192608db42251d675da83286b1cce702)
Start importing Assets/Lab2 - Copy/RPGHero/Prefabs/RPGHeroPolyart.prefab using Guid(c647a6e9ba715004ebbf4dc6d7bd1e7a) Importer(2089858483,192608db42251d675da83286b1cce702) (ScriptedImporter) -> (artifact id: 'eb46f2b2a2150b397483546190b23529') in 0.0914089 seconds
Number of updated asset objects reloaded before import = 0Number of asset objects unloaded after import = 154

========================================================================
Received Import Request.
  Time since last request: 0.000030 seconds.
  path: Assets/Lab2 - Copy/RPGHero/Scene/HP_CharacterSettings.lighting
  artifactKey: Guid(d2b421ef812cb5d4e9e82d6c5c013762) Importer(2089858483,192608db42251d675da83286b1cce702)
Start importing Assets/Lab2 - Copy/RPGHero/Scene/HP_CharacterSettings.lighting using Guid(d2b421ef812cb5d4e9e82d6c5c013762) Importer(2089858483,192608db42251d675da83286b1cce702) (ScriptedImporter) -> (artifact id: '49e6d14b5c5081719f3b63d9b6a12940') in 0.0747555 seconds
Number of updated asset objects reloaded before import = 0Number of asset objects unloaded after import = 1

========================================================================
Received Import Request.
  Time since last request: 0.000034 seconds.
  path: Assets/Lab2 - Copy/RPGHero/Scene/All_CharacterSettings.lighting
  artifactKey: Guid(9dfef5d9849f65e49ba739fd8f2afe19) Importer(2089858483,192608db42251d675da83286b1cce702)
Start importing Assets/Lab2 - Copy/RPGHero/Scene/All_CharacterSettings.lighting using Guid(9dfef5d9849f65e49ba739fd8f2afe19) Importer(2089858483,192608db42251d675da83286b1cce702) (ScriptedImporter) -> (artifact id: 'bc7c16554a9695ae8b83ac3735ff22d3') in 0.0546334 seconds
Number of updated asset objects reloaded before import = 0Number of asset objects unloaded after import = 1

========================================================================
Received Import Request.
  Time since last request: 0.000021 seconds.
  path: Assets/Lab2 - Copy/RPGHero/Scene/All_Character.unity
  artifactKey: Guid(d48cb0f0f0804f3439f6a8fb15e3f50d) Importer(2089858483,192608db42251d675da83286b1cce702)
Start importing Assets/Lab2 - Copy/RPGHero/Scene/All_Character.unity using Guid(d48cb0f0f0804f3439f6a8fb15e3f50d) Importer(2089858483,192608db42251d675da83286b1cce702) (ScriptedImporter) -> (artifact id: '33e9f3c191ab7eb2744735a0335aede2') in 0.0527704 seconds
Number of updated asset objects reloaded before import = 0Number of asset objects unloaded after import = 1

========================================================================
Received Import Request.
  Time since last request: 0.015970 seconds.
  path: Assets/Lab2 - Copy/RPGHero/Scene/PolyArt_CharacterSettings.lighting
  artifactKey: Guid(1fb5019425dcd0548b2c3a5e72f6f539) Importer(2089858483,192608db42251d675da83286b1cce702)
Start importing Assets/Lab2 - Copy/RPGHero/Scene/PolyArt_CharacterSettings.lighting using Guid(1fb5019425dcd0548b2c3a5e72f6f539) Importer(2089858483,192608db42251d675da83286b1cce702) (ScriptedImporter) -> (artifact id: '0f3b6e8126c7b6fa6de86ff443ced3fb') in 0.0552673 seconds
Number of updated asset objects reloaded before import = 0Number of asset objects unloaded after import = 1

========================================================================
Received Import Request.
  Time since last request: 0.000017 seconds.
  path: Assets/Lab2 - Copy/RPGHero/Textures/HandPaintedTexture.png
  artifactKey: Guid(56cd14cc867c3f247ad4dab4f1e47413) Importer(2089858483,192608db42251d675da83286b1cce702)
Start importing Assets/Lab2 - Copy/RPGHero/Textures/HandPaintedTexture.png using Guid(56cd14cc867c3f247ad4dab4f1e47413) Importer(2089858483,192608db42251d675da83286b1cce702) (ScriptedImporter) -> (artifact id: 'e6756bed1785ad1aaf296e75eacdd25d') in 0.0955632 seconds
Number of updated asset objects reloaded before import = 0Number of asset objects unloaded after import = 1

========================================================================
Received Import Request.
  Time since last request: 0.000032 seconds.
  path: Assets/Lab2 - Copy/RPGHero/Textures/PBR_Albedo.png
  artifactKey: Guid(802701e4ffdf6b44890959e9fc44b4ff) Importer(2089858483,192608db42251d675da83286b1cce702)
Start importing Assets/Lab2 - Copy/RPGHero/Textures/PBR_Albedo.png using Guid(802701e4ffdf6b44890959e9fc44b4ff) Importer(2089858483,192608db42251d675da83286b1cce702) (ScriptedImporter) -> (artifact id: '75c5ba85e4142201a1fb7b367d7bd476') in 0.0572639 seconds
Number of updated asset objects reloaded before import = 0Number of asset objects unloaded after import = 1

========================================================================
Received Import Request.
  Time since last request: 0.000035 seconds.
  path: Assets/Lab2 - Copy/RPGHero/SRP/FreeRPGHeroesLW.zip
  artifactKey: Guid(08e5378003a93e442af2c2ca9ee9de41) Importer(2089858483,192608db42251d675da83286b1cce702)
Start importing Assets/Lab2 - Copy/RPGHero/SRP/FreeRPGHeroesLW.zip using Guid(08e5378003a93e442af2c2ca9ee9de41) Importer(2089858483,192608db42251d675da83286b1cce702) (ScriptedImporter) -> (artifact id: '4a087a8b7619cf696dd02a31e745cd09') in 0.0247703 seconds
Number of updated asset objects reloaded before import = 0Number of asset objects unloaded after import = 1

========================================================================
Received Import Request.
  Time since last request: 0.076681 seconds.
  path: Assets/Lab2 - Copy/RPGHero/Textures/PolyArtTexture.png
  artifactKey: Guid(6c077c7c0e8b52640992a79f449cbdf9) Importer(2089858483,192608db42251d675da83286b1cce702)
Start importing Assets/Lab2 - Copy/RPGHero/Textures/PolyArtTexture.png using Guid(6c077c7c0e8b52640992a79f449cbdf9) Importer(2089858483,192608db42251d675da83286b1cce702) (ScriptedImporter) -> (artifact id: '8767f874aacf083eb43d953920237558') in 0.0635997 seconds
Number of updated asset objects reloaded before import = 0Number of asset objects unloaded after import = 1

========================================================================
Received Import Request.
  Time since last request: 0.000020 seconds.
  path: Assets/FreeDragons/Texture/DragonBoarPBR/Gold/Metallic.png
  artifactKey: Guid(c4ee1cc7d1f0d49478ae271f8b7b24ce) Importer(2089858483,192608db42251d675da83286b1cce702)
Start importing Assets/FreeDragons/Texture/DragonBoarPBR/Gold/Metallic.png using Guid(c4ee1cc7d1f0d49478ae271f8b7b24ce) Importer(2089858483,192608db42251d675da83286b1cce702) (ScriptedImporter) -> (artifact id: 'c7d3b1c10d67fd00124e43897bf35fed') in 0.0768456 seconds
Number of updated asset objects reloaded before import = 0Number of asset objects unloaded after import = 1

========================================================================
Received Import Request.
  Time since last request: 0.000031 seconds.
  path: Assets/FreeDragons/Texture/DragonBoarPBR/Blue/Metallic.png
  artifactKey: Guid(bf993fd33a2eef14a942f7262c135a59) Importer(2089858483,192608db42251d675da83286b1cce702)
Start importing Assets/FreeDragons/Texture/DragonBoarPBR/Blue/Metallic.png using Guid(bf993fd33a2eef14a942f7262c135a59) Importer(2089858483,192608db42251d675da83286b1cce702) (ScriptedImporter) -> (artifact id: '11b6cb64b455b21c8a983fa03632b713') in 0.0846044 seconds
Number of updated asset objects reloaded before import = 0Number of asset objects unloaded after import = 1

========================================================================
Received Import Request.
  Time since last request: 0.000016 seconds.
  path: Assets/FreeDragons/Texture/DragonBoarPBR/Gold/Albedo.png
  artifactKey: Guid(aa6db0aed01d2c344b816e3d1d07731c) Importer(2089858483,192608db42251d675da83286b1cce702)
Start importing Assets/FreeDragons/Texture/DragonBoarPBR/Gold/Albedo.png using Guid(aa6db0aed01d2c344b816e3d1d07731c) Importer(2089858483,192608db42251d675da83286b1cce702) (ScriptedImporter) -> (artifact id: '31d3755d5c4ff789a1c6c5d032781eac') in 0.0757267 seconds
Number of updated asset objects reloaded before import = 0Number of asset objects unloaded after import = 1

========================================================================
Received Import Request.
  Time since last request: 0.000019 seconds.
  path: Assets/FreeDragons/Texture/DragonBoarPBR/Green/Albedo.png
  artifactKey: Guid(23804c8aa7a8af640955679a96def1a6) Importer(2089858483,192608db42251d675da83286b1cce702)
Start importing Assets/FreeDragons/Texture/DragonBoarPBR/Green/Albedo.png using Guid(23804c8aa7a8af640955679a96def1a6) Importer(2089858483,192608db42251d675da83286b1cce702) (ScriptedImporter) -> (artifact id: '3a76648c700003ff12ea7018521720cf') in 0.0797689 seconds
Number of updated asset objects reloaded before import = 0Number of asset objects unloaded after import = 1

========================================================================
Received Import Request.
  Time since last request: 0.000029 seconds.
  path: Assets/FreeDragons/Texture/DragonBoarPBR/Red/Metallic.png
  artifactKey: Guid(1bd748ce3db33b644b767d4b0e555dc1) Importer(2089858483,192608db42251d675da83286b1cce702)
Start importing Assets/FreeDragons/Texture/DragonBoarPBR/Red/Metallic.png using Guid(1bd748ce3db33b644b767d4b0e555dc1) Importer(2089858483,192608db42251d675da83286b1cce702) (ScriptedImporter) -> (artifact id: '6a165078422cfbad533de2934cd2e05b') in 0.0455099 seconds
Number of updated asset objects reloaded before import = 0Number of asset objects unloaded after import = 1

========================================================================
Received Import Request.
  Time since last request: 0.000017 seconds.
  path: Assets/FreeDragons/Texture/DragonBoarPBR/Green/Normal.png
  artifactKey: Guid(0306708ed7e7ea54e8cf7dabdd2fd1e2) Importer(2089858483,192608db42251d675da83286b1cce702)
Start importing Assets/FreeDragons/Texture/DragonBoarPBR/Green/Normal.png using Guid(0306708ed7e7ea54e8cf7dabdd2fd1e2) Importer(2089858483,192608db42251d675da83286b1cce702) (ScriptedImporter) -> (artifact id: 'bc1549897e119de321714b956aad8b26') in 0.0856573 seconds
Number of updated asset objects reloaded before import = 0Number of asset objects unloaded after import = 1

========================================================================
Received Import Request.
  Time since last request: 0.000031 seconds.
  path: Assets/FreeDragons/Texture/DragonSoulEaterPBR/Blue/Albedo.png
  artifactKey: Guid(b03abfd2f0f19a44298bd889ec706888) Importer(2089858483,192608db42251d675da83286b1cce702)
Start importing Assets/FreeDragons/Texture/DragonSoulEaterPBR/Blue/Albedo.png using Guid(b03abfd2f0f19a44298bd889ec706888) Importer(2089858483,192608db42251d675da83286b1cce702) (ScriptedImporter) -> (artifact id: '2820270574c6a49b8209f073d9ff358e') in 0.0605195 seconds
Number of updated asset objects reloaded before import = 0Number of asset objects unloaded after import = 1

========================================================================
Received Import Request.
  Time since last request: 0.033778 seconds.
  path: Assets/FreeDragons/Texture/DragonSoulEaterPBR/Blue/Emission.png
  artifactKey: Guid(1dcbe1db1fea154469c07d4010c28f86) Importer(2089858483,192608db42251d675da83286b1cce702)
Start importing Assets/FreeDragons/Texture/DragonSoulEaterPBR/Blue/Emission.png using Guid(1dcbe1db1fea154469c07d4010c28f86) Importer(2089858483,192608db42251d675da83286b1cce702) (ScriptedImporter) -> (artifact id: 'bd2924d3fb2d0a46c61447a883448a9f') in 0.0618121 seconds
Number of updated asset objects reloaded before import = 0Number of asset objects unloaded after import = 1

========================================================================
Received Import Request.
  Time since last request: 0.000017 seconds.
  path: Assets/FreeDragons/Texture/DragonSoulEaterPBR/Blue/Specular.png
  artifactKey: Guid(b4dc54372ed4bf3498a8438d8abcbd27) Importer(2089858483,192608db42251d675da83286b1cce702)
Start importing Assets/FreeDragons/Texture/DragonSoulEaterPBR/Blue/Specular.png using Guid(b4dc54372ed4bf3498a8438d8abcbd27) Importer(2089858483,192608db42251d675da83286b1cce702) (ScriptedImporter) -> (artifact id: '8905933ad2152295c59c50055af025a6') in 0.061492 seconds
Number of updated asset objects reloaded before import = 0Number of asset objects unloaded after import = 1

========================================================================
Received Import Request.
  Time since last request: 0.000021 seconds.
  path: Assets/FreeDragons/Texture/DragonSoulEaterPBR/green/AO.png
  artifactKey: Guid(dce22288e48903d4ca0aced0a4440328) Importer(2089858483,192608db42251d675da83286b1cce702)
Start importing Assets/FreeDragons/Texture/DragonSoulEaterPBR/green/AO.png using Guid(dce22288e48903d4ca0aced0a4440328) Importer(2089858483,192608db42251d675da83286b1cce702) (ScriptedImporter) -> (artifact id: '3943fa63e8bfc546bf0861ad939f9ad3') in 0.0454458 seconds
Number of updated asset objects reloaded before import = 0Number of asset objects unloaded after import = 1

========================================================================
Received Import Request.
  Time since last request: 0.000035 seconds.
  path: Assets/FreeDragons/Texture/DragonSoulEaterPBR/green/Emission.png
  artifactKey: Guid(4d8c700cdf261c4488293282cba6ce2c) Importer(2089858483,192608db42251d675da83286b1cce702)
Start importing Assets/FreeDragons/Texture/DragonSoulEaterPBR/green/Emission.png using Guid(4d8c700cdf261c4488293282cba6ce2c) Importer(2089858483,192608db42251d675da83286b1cce702) (ScriptedImporter) -> (artifact id: '8c24d40fd46029694349a4af9880dc87') in 0.0399044 seconds
Number of updated asset objects reloaded before import = 0Number of asset objects unloaded after import = 1

========================================================================
Received Import Request.
  Time since last request: 0.086799 seconds.
  path: Assets/FreeDragons/Texture/DragonSoulEaterPBR/purple/Albedo.png
  artifactKey: Guid(ddfeb3f60561b0847989090444083eb0) Importer(2089858483,192608db42251d675da83286b1cce702)
Start importing Assets/FreeDragons/Texture/DragonSoulEaterPBR/purple/Albedo.png using Guid(ddfeb3f60561b0847989090444083eb0) Importer(2089858483,192608db42251d675da83286b1cce702) (ScriptedImporter) -> (artifact id: '14685939cf0e125f46b2741e30d9b9e8') in 0.0650716 seconds
Number of updated asset objects reloaded before import = 0Number of asset objects unloaded after import = 1

========================================================================
Received Import Request.
  Time since last request: 0.000021 seconds.
  path: Assets/FreeDragons/Texture/DragonSoulEaterPBR/purple/Emission.png
  artifactKey: Guid(1bce8e862c52be342a4f983b5412a79e) Importer(2089858483,192608db42251d675da83286b1cce702)
Start importing Assets/FreeDragons/Texture/DragonSoulEaterPBR/purple/Emission.png using Guid(1bce8e862c52be342a4f983b5412a79e) Importer(2089858483,192608db42251d675da83286b1cce702) (ScriptedImporter) -> (artifact id: 'df883f66eb1930b29aa95ed6bfc15d1e') in 0.0378439 seconds
Number of updated asset objects reloaded before import = 0Number of asset objects unloaded after import = 1

========================================================================
Received Import Request.
  Time since last request: 0.000028 seconds.
  path: Assets/FreeDragons/Texture/DragonSoulEaterPBR/purple/Normal.png
  artifactKey: Guid(9f60d4f108b182844b24440a1ca4af5b) Importer(2089858483,192608db42251d675da83286b1cce702)
Start importing Assets/FreeDragons/Texture/DragonSoulEaterPBR/purple/Normal.png using Guid(9f60d4f108b182844b24440a1ca4af5b) Importer(2089858483,192608db42251d675da83286b1cce702) (ScriptedImporter) -> (artifact id: '682e82ec5f6781adf15aa33401fe2d76') in 0.0361447 seconds
Number of updated asset objects reloaded before import = 0Number of asset objects unloaded after import = 1

========================================================================
Received Import Request.
  Time since last request: 0.000021 seconds.
  path: Assets/FreeDragons/Texture/DragonSoulEaterPBR/purple/AO.png
  artifactKey: Guid(cf7cc70ea5ed3c046aec3919aa28e586) Importer(2089858483,192608db42251d675da83286b1cce702)
Start importing Assets/FreeDragons/Texture/DragonSoulEaterPBR/purple/AO.png using Guid(cf7cc70ea5ed3c046aec3919aa28e586) Importer(2089858483,192608db42251d675da83286b1cce702) (ScriptedImporter) -> (artifact id: '89be0cec391d1245f740e83e0dc5a335') in 0.0421634 seconds
Number of updated asset objects reloaded before import = 0Number of asset objects unloaded after import = 1

========================================================================
Received Import Request.
  Time since last request: 0.108785 seconds.
  path: Assets/FreeDragons/Texture/DragonSoulEaterPBR/Red/Normal.png
  artifactKey: Guid(24b71f068cc3266479fc9fa8a8eaf85e) Importer(2089858483,192608db42251d675da83286b1cce702)
Start importing Assets/FreeDragons/Texture/DragonSoulEaterPBR/Red/Normal.png using Guid(24b71f068cc3266479fc9fa8a8eaf85e) Importer(2089858483,192608db42251d675da83286b1cce702) (ScriptedImporter) -> (artifact id: '3a4e341ce3cc390311958a07fa91ac0d') in 0.0406588 seconds
Number of updated asset objects reloaded before import = 0Number of asset objects unloaded after import = 1

========================================================================
Received Import Request.
  Time since last request: 0.000017 seconds.
  path: Assets/FreeDragons/Texture/DragonSoulEaterPBR/Red/Specular.png
  artifactKey: Guid(e834f92dadf3329498daf71575501e48) Importer(2089858483,192608db42251d675da83286b1cce702)
Start importing Assets/FreeDragons/Texture/DragonSoulEaterPBR/Red/Specular.png using Guid(e834f92dadf3329498daf71575501e48) Importer(2089858483,192608db42251d675da83286b1cce702) (ScriptedImporter) -> (artifact id: 'b3165a9e80866c847477e65d88596814') in 0.039311 seconds
Number of updated asset objects reloaded before import = 0Number of asset objects unloaded after import = 1

========================================================================
Received Import Request.
  Time since last request: 0.000020 seconds.
  path: Assets/Lab2 - Copy/BTM_Assets/BTM_Items_Gems/Materials/BaseMaterial_Pink.mat
  artifactKey: Guid(20c593a79fdf4ef428dca41cc02d4628) Importer(2089858483,192608db42251d675da83286b1cce702)
Start importing Assets/Lab2 - Copy/BTM_Assets/BTM_Items_Gems/Materials/BaseMaterial_Pink.mat using Guid(20c593a79fdf4ef428dca41cc02d4628) Importer(2089858483,192608db42251d675da83286b1cce702) (ScriptedImporter) -> (artifact id: 'f1fa73368805768c9fe772bdc00cddc5') in 0.0626772 seconds
Number of updated asset objects reloaded before import = 0Number of asset objects unloaded after import = 2

========================================================================
Received Import Request.
  Time since last request: 0.000030 seconds.
  path: Assets/Lab2 - Copy/BTM_Assets/BTM_Items_Gems/Materials/Backdrop.mat
  artifactKey: Guid(124674cf07a479740871e01a76336390) Importer(2089858483,192608db42251d675da83286b1cce702)
Start importing Assets/Lab2 - Copy/BTM_Assets/BTM_Items_Gems/Materials/Backdrop.mat using Guid(124674cf07a479740871e01a76336390) Importer(2089858483,192608db42251d675da83286b1cce702) (ScriptedImporter) -> (artifact id: '8cf89855ac640214419e724a7da7eeea') in 0.0440094 seconds
Number of updated asset objects reloaded before import = 0Number of asset objects unloaded after import = 1

========================================================================
Received Import Request.
  Time since last request: 0.132615 seconds.
  path: Assets/Lab2 - Copy/BTM_Assets/BTM_Items_Gems/Materials/BaseMaterial_Teal.mat
  artifactKey: Guid(20893d5872b396849be6d600f7d2d333) Importer(2089858483,192608db42251d675da83286b1cce702)
Start importing Assets/Lab2 - Copy/BTM_Assets/BTM_Items_Gems/Materials/BaseMaterial_Teal.mat using Guid(20893d5872b396849be6d600f7d2d333) Importer(2089858483,192608db42251d675da83286b1cce702) (ScriptedImporter) -> (artifact id: 'bba5c6f6908dd5f6236a370e982c2086') in 0.0476328 seconds
Number of updated asset objects reloaded before import = 0Number of asset objects unloaded after import = 2

========================================================================
Received Import Request.
  Time since last request: 0.000023 seconds.
  path: Assets/Lab2 - Copy/BTM_Assets/BTM_Items_Gems/Models/BluePill.fbx
  artifactKey: Guid(0ceaecaf1d3fb224bb08f0159137bee7) Importer(2089858483,192608db42251d675da83286b1cce702)
Start importing Assets/Lab2 - Copy/BTM_Assets/BTM_Items_Gems/Models/BluePill.fbx using Guid(0ceaecaf1d3fb224bb08f0159137bee7) Importer(2089858483,192608db42251d675da83286b1cce702) (ScriptedImporter) -> (artifact id: 'a0ab0f6d312c3073312405d181195b45') in 0.0602795 seconds
Number of updated asset objects reloaded before import = 0Number of asset objects unloaded after import = 9

========================================================================
Received Import Request.
  Time since last request: 0.000023 seconds.
  path: Assets/Lab2 - Copy/BTM_Assets/BTM_Items_Gems/Models/4SideDiamond.fbx
  artifactKey: Guid(05224ec7e4d85c14dbf345dd08810e67) Importer(2089858483,192608db42251d675da83286b1cce702)
Start importing Assets/Lab2 - Copy/BTM_Assets/BTM_Items_Gems/Models/4SideDiamond.fbx using Guid(05224ec7e4d85c14dbf345dd08810e67) Importer(2089858483,192608db42251d675da83286b1cce702) (ScriptedImporter) -> (artifact id: 'de3851c6c41e0512b618cf2adf899ca8') in 0.0592647 seconds
Number of updated asset objects reloaded before import = 0Number of asset objects unloaded after import = 9

========================================================================
Received Import Request.
  Time since last request: 0.000032 seconds.
  path: Assets/Lab2 - Copy/BTM_Assets/BTM_Items_Gems/Models/Battery.fbx
  artifactKey: Guid(9766cb41d1c5a5b42bf9fff17eccaa7e) Importer(2089858483,192608db42251d675da83286b1cce702)
Start importing Assets/Lab2 - Copy/BTM_Assets/BTM_Items_Gems/Models/Battery.fbx using Guid(9766cb41d1c5a5b42bf9fff17eccaa7e) Importer(2089858483,192608db42251d675da83286b1cce702) (ScriptedImporter) -> (artifact id: '99ef4fba3d6d37de614355bd67d4b0d5') in 0.0529984 seconds
Number of updated asset objects reloaded before import = 0Number of asset objects unloaded after import = 9

========================================================================
Received Import Request.
  Time since last request: 0.084160 seconds.
  path: Assets/Lab2 - Copy/BTM_Assets/BTM_Items_Gems/Models/BlueVial.fbx
  artifactKey: Guid(d43530ba94306194c8c70bc5f43645c0) Importer(2089858483,192608db42251d675da83286b1cce702)
Start importing Assets/Lab2 - Copy/BTM_Assets/BTM_Items_Gems/Models/BlueVial.fbx using Guid(d43530ba94306194c8c70bc5f43645c0) Importer(2089858483,192608db42251d675da83286b1cce702) (ScriptedImporter) -> (artifact id: '03ac62c40edbabb3f86b133ccf0ee4d3') in 0.0538496 seconds
Number of updated asset objects reloaded before import = 0Number of asset objects unloaded after import = 9

========================================================================
Received Import Request.
  Time since last request: 0.000023 seconds.
  path: Assets/Lab2 - Copy/BTM_Assets/BTM_Items_Gems/Models/Coin.fbx
  artifactKey: Guid(7545b41dcb5e9bc429013a8c2378c942) Importer(2089858483,192608db42251d675da83286b1cce702)
Start importing Assets/Lab2 - Copy/BTM_Assets/BTM_Items_Gems/Models/Coin.fbx using Guid(7545b41dcb5e9bc429013a8c2378c942) Importer(2089858483,192608db42251d675da83286b1cce702) (ScriptedImporter) -> (artifact id: '8450b2f888ca86a1de605798b1cd65da') in 0.0536316 seconds
Number of updated asset objects reloaded before import = 0Number of asset objects unloaded after import = 9

========================================================================
Received Import Request.
  Time since last request: 0.000032 seconds.
  path: Assets/Lab2 - Copy/BTM_Assets/BTM_Items_Gems/Models/Bomb.fbx
  artifactKey: Guid(b69ab7dc4a09f094885bf950a65c44c3) Importer(2089858483,192608db42251d675da83286b1cce702)
Start importing Assets/Lab2 - Copy/BTM_Assets/BTM_Items_Gems/Models/Bomb.fbx using Guid(b69ab7dc4a09f094885bf950a65c44c3) Importer(2089858483,192608db42251d675da83286b1cce702) (ScriptedImporter) -> (artifact id: '4945b2664386f2087269419ccb934f77') in 0.0484407 seconds
Number of updated asset objects reloaded before import = 0Number of asset objects unloaded after import = 9

========================================================================
Received Import Request.
  Time since last request: 0.000020 seconds.
  path: Assets/Lab2 - Copy/BTM_Assets/BTM_Items_Gems/Models/Cuboid.fbx
  artifactKey: Guid(5b95901ea9b9ede4da89cf8cad216e46) Importer(2089858483,192608db42251d675da83286b1cce702)
Start importing Assets/Lab2 - Copy/BTM_Assets/BTM_Items_Gems/Models/Cuboid.fbx using Guid(5b95901ea9b9ede4da89cf8cad216e46) Importer(2089858483,192608db42251d675da83286b1cce702) (ScriptedImporter) -> (artifact id: 'e4ad622ccdc3c0bdcf376fd44d346902') in 0.0576727 seconds
Number of updated asset objects reloaded before import = 0Number of asset objects unloaded after import = 9

========================================================================
Received Import Request.
  Time since last request: 0.071870 seconds.
  path: Assets/Lab2 - Copy/BTM_Assets/BTM_Items_Gems/Models/DoubleDiamond.fbx
  artifactKey: Guid(1da671e46980fa245abf8907fc0bcac7) Importer(2089858483,192608db42251d675da83286b1cce702)
Start importing Assets/Lab2 - Copy/BTM_Assets/BTM_Items_Gems/Models/DoubleDiamond.fbx using Guid(1da671e46980fa245abf8907fc0bcac7) Importer(2089858483,192608db42251d675da83286b1cce702) (ScriptedImporter) -> (artifact id: '98348bebe166d97a8467c30b86a369fc') in 0.0469827 seconds
Number of updated asset objects reloaded before import = 0Number of asset objects unloaded after import = 9

========================================================================
Received Import Request.
  Time since last request: 0.000025 seconds.
  path: Assets/Lab2 - Copy/BTM_Assets/BTM_Items_Gems/Models/GoldPile.fbx
  artifactKey: Guid(3661d9bc416d1ca43ba806c4fd419615) Importer(2089858483,192608db42251d675da83286b1cce702)
Start importing Assets/Lab2 - Copy/BTM_Assets/BTM_Items_Gems/Models/GoldPile.fbx using Guid(3661d9bc416d1ca43ba806c4fd419615) Importer(2089858483,192608db42251d675da83286b1cce702) (ScriptedImporter) -> (artifact id: 'deef45ca0800c56a35ad7e7db5bf143c') in 0.0649306 seconds
Number of updated asset objects reloaded before import = 0Number of asset objects unloaded after import = 9

========================================================================
Received Import Request.
  Time since last request: 0.000022 seconds.
  path: Assets/Lab2 - Copy/BTM_Assets/BTM_Items_Gems/Models/GreenPill.fbx
  artifactKey: Guid(4cf0ddf15379a1e4683e83a660034947) Importer(2089858483,192608db42251d675da83286b1cce702)
Start importing Assets/Lab2 - Copy/BTM_Assets/BTM_Items_Gems/Models/GreenPill.fbx using Guid(4cf0ddf15379a1e4683e83a660034947) Importer(2089858483,192608db42251d675da83286b1cce702) (ScriptedImporter) -> (artifact id: 'df0e2042f2b5c2a9f1edd74ffb8ac660') in 0.0576939 seconds
Number of updated asset objects reloaded before import = 0Number of asset objects unloaded after import = 9

========================================================================
Received Import Request.
  Time since last request: 0.000034 seconds.
  path: Assets/Lab2 - Copy/BTM_Assets/BTM_Items_Gems/Models/GreenPotion.fbx
  artifactKey: Guid(905f72ca98139284d856e235054cf139) Importer(2089858483,192608db42251d675da83286b1cce702)
Start importing Assets/Lab2 - Copy/BTM_Assets/BTM_Items_Gems/Models/GreenPotion.fbx using Guid(905f72ca98139284d856e235054cf139) Importer(2089858483,192608db42251d675da83286b1cce702) (ScriptedImporter) -> (artifact id: '968daa5e4571b18facb928dfba11e072') in 0.0589048 seconds
Number of updated asset objects reloaded before import = 0Number of asset objects unloaded after import = 9

========================================================================
Received Import Request.
  Time since last request: 0.053502 seconds.
  path: Assets/Settings - Copy/DefaultVolumeProfile.asset
  artifactKey: Guid(ab09877e2e707104187f6f83e2f62510) Importer(2089858483,192608db42251d675da83286b1cce702)
Start importing Assets/Settings - Copy/DefaultVolumeProfile.asset using Guid(ab09877e2e707104187f6f83e2f62510) Importer(2089858483,192608db42251d675da83286b1cce702) (ScriptedImporter) -> (artifact id: '6f1583614faeb6e1a4dadc38723a12e2') in 0.0301978 seconds
Number of updated asset objects reloaded before import = 0Number of asset objects unloaded after import = 0

========================================================================
Received Import Request.
  Time since last request: 0.000017 seconds.
  path: Assets/FreeDragons/Prefab/DragonSoulEaterHP/DragonSoulEaterRedHP.prefab
  artifactKey: Guid(318830e16c9af9a449459f9b35ed0179) Importer(2089858483,192608db42251d675da83286b1cce702)
Start importing Assets/FreeDragons/Prefab/DragonSoulEaterHP/DragonSoulEaterRedHP.prefab using Guid(318830e16c9af9a449459f9b35ed0179) Importer(2089858483,192608db42251d675da83286b1cce702) (ScriptedImporter) -> (artifact id: 'a41cba76955c8d29643723e1e3846644') in 0.4218344 seconds
Number of updated asset objects reloaded before import = 0Number of asset objects unloaded after import = 185

========================================================================
Received Import Request.
  Time since last request: 0.000040 seconds.
  path: Assets/FreeDragons/Animations/DragonSoulEater/Fly Glide.fbx
  artifactKey: Guid(28a39de94def6c84ca4b447fa78a3a66) Importer(2089858483,192608db42251d675da83286b1cce702)
Start importing Assets/FreeDragons/Animations/DragonSoulEater/Fly Glide.fbx using Guid(28a39de94def6c84ca4b447fa78a3a66) Importer(2089858483,192608db42251d675da83286b1cce702) (ScriptedImporter) -> (artifact id: '5ea0646f8dcc17be47ef5930add9191f') in 0.0512679 seconds
Number of updated asset objects reloaded before import = 0Number of asset objects unloaded after import = 133

========================================================================
Received Import Request.
  Time since last request: 0.000018 seconds.
  path: Assets/FreeDragons/Animations/DragonBoar/Die.fbx
  artifactKey: Guid(e30ffe326b27d924aaac44272b4e9aa7) Importer(2089858483,192608db42251d675da83286b1cce702)
Start importing Assets/FreeDragons/Animations/DragonBoar/Die.fbx using Guid(e30ffe326b27d924aaac44272b4e9aa7) Importer(2089858483,192608db42251d675da83286b1cce702) (ScriptedImporter) -> (artifact id: 'fb0309b3c86edc10f6773e29a11abb5a') in 0.0609251 seconds
Number of updated asset objects reloaded before import = 0Number of asset objects unloaded after import = 93

========================================================================
Received Import Request.
  Time since last request: 0.000019 seconds.
  path: Assets/TutorialInfo - Copy/Icons/URP.png
  artifactKey: Guid(727a75301c3d24613a3ebcec4a24c2c8) Importer(2089858483,192608db42251d675da83286b1cce702)
Start importing Assets/TutorialInfo - Copy/Icons/URP.png using Guid(727a75301c3d24613a3ebcec4a24c2c8) Importer(2089858483,192608db42251d675da83286b1cce702) (ScriptedImporter) -> (artifact id: 'e710df1d80280f9caaa2bea3ab3a2d2e') in 0.0349654 seconds
Number of updated asset objects reloaded before import = 0Number of asset objects unloaded after import = 1

========================================================================
Received Import Request.
  Time since last request: 0.000028 seconds.
  path: Assets/FreeDragons/Texture/DragonSoulEaterHP/RedHP.png
  artifactKey: Guid(461e87db4defbab4799dbce04acadf0a) Importer(2089858483,192608db42251d675da83286b1cce702)
Start importing Assets/FreeDragons/Texture/DragonSoulEaterHP/RedHP.png using Guid(461e87db4defbab4799dbce04acadf0a) Importer(2089858483,192608db42251d675da83286b1cce702) (ScriptedImporter) -> (artifact id: 'a9daaba952beda3c6d4f41c021d30ab3') in 0.0624623 seconds
Number of updated asset objects reloaded before import = 0Number of asset objects unloaded after import = 1

========================================================================
Received Import Request.
  Time since last request: 0.000017 seconds.
  path: Assets/FreeDragons/Scene/DragonBoarPBR.unity
  artifactKey: Guid(abd974e8f4002d14994cb4d1bfce6443) Importer(2089858483,192608db42251d675da83286b1cce702)
Start importing Assets/FreeDragons/Scene/DragonBoarPBR.unity using Guid(abd974e8f4002d14994cb4d1bfce6443) Importer(2089858483,192608db42251d675da83286b1cce702) (ScriptedImporter) -> (artifact id: '789c5add656f3a6676ab3951d675b35d') in 0.0486124 seconds
Number of updated asset objects reloaded before import = 0Number of asset objects unloaded after import = 1

========================================================================
Received Import Request.
  Time since last request: 0.000021 seconds.
  path: Assets/Lab2 - Copy/BTM_Assets/BTM_Items_Gems/Models/Spiral.fbx
  artifactKey: Guid(4da415d70811ed54e812bd16bb0e8247) Importer(2089858483,192608db42251d675da83286b1cce702)
Start importing Assets/Lab2 - Copy/BTM_Assets/BTM_Items_Gems/Models/Spiral.fbx using Guid(4da415d70811ed54e812bd16bb0e8247) Importer(2089858483,192608db42251d675da83286b1cce702) (ScriptedImporter) -> (artifact id: '7737b659ef2853a1d5e92e0f4c655d67') in 0.0620116 seconds
Number of updated asset objects reloaded before import = 0Number of asset objects unloaded after import = 9

========================================================================
Received Import Request.
  Time since last request: 0.000037 seconds.
  path: Assets/FreeDragons/Animations/DragonSoulEater/Defend.fbx
  artifactKey: Guid(e0b6d06a8887b3641a0608659230e121) Importer(2089858483,192608db42251d675da83286b1cce702)
Start importing Assets/FreeDragons/Animations/DragonSoulEater/Defend.fbx using Guid(e0b6d06a8887b3641a0608659230e121) Importer(2089858483,192608db42251d675da83286b1cce702) (ScriptedImporter) -> (artifact id: '43511dd96c21637320767930afb9a9be') in 0.0518027 seconds
Number of updated asset objects reloaded before import = 0Number of asset objects unloaded after import = 133

========================================================================
Received Import Request.
  Time since last request: 0.000020 seconds.
  path: Assets/FreeDragons/Prefab/DragonBoarPBR/GoldBoarPBR.prefab
  artifactKey: Guid(36dd14b7ef773c54e96eb7d110c8b5ce) Importer(2089858483,192608db42251d675da83286b1cce702)
Start importing Assets/FreeDragons/Prefab/DragonBoarPBR/GoldBoarPBR.prefab using Guid(36dd14b7ef773c54e96eb7d110c8b5ce) Importer(2089858483,192608db42251d675da83286b1cce702) (ScriptedImporter) -> (artifact id: 'f741761a772cbd110d9c37f20529fd3f') in 0.1411268 seconds
Number of updated asset objects reloaded before import = 0Number of asset objects unloaded after import = 120

========================================================================
Received Import Request.
  Time since last request: 0.000022 seconds.
  path: Assets/FreeDragons/Animations/DragonSoulEater/Run.fbx
  artifactKey: Guid(93048e03d4dc597468fce555d02e9274) Importer(2089858483,192608db42251d675da83286b1cce702)
Start importing Assets/FreeDragons/Animations/DragonSoulEater/Run.fbx using Guid(93048e03d4dc597468fce555d02e9274) Importer(2089858483,192608db42251d675da83286b1cce702) (ScriptedImporter) -> (artifact id: 'e07b79a70efa25c2b9adb188a051266b') in 0.0442507 seconds
Number of updated asset objects reloaded before import = 0Number of asset objects unloaded after import = 133

========================================================================
Received Import Request.
  Time since last request: 0.000031 seconds.
  path: Assets/Lab2 - Copy/BTM_Assets/BTM_Items_Gems/Models/StarGem1.fbx
  artifactKey: Guid(d9cb743b0a3cd534d914c3021e8c4020) Importer(2089858483,192608db42251d675da83286b1cce702)
Start importing Assets/Lab2 - Copy/BTM_Assets/BTM_Items_Gems/Models/StarGem1.fbx using Guid(d9cb743b0a3cd534d914c3021e8c4020) Importer(2089858483,192608db42251d675da83286b1cce702) (ScriptedImporter) -> (artifact id: '71b5bcec838ca483a54fa331a3d67966') in 0.06873 seconds
Number of updated asset objects reloaded before import = 0Number of asset objects unloaded after import = 9

========================================================================
Received Import Request.
  Time since last request: 0.000022 seconds.
  path: Assets/FreeDragons/Prefab/DragonSoulEaterPBR/DragonSoulEaterBluePBR.prefab
  artifactKey: Guid(31a77d5e57bdce243a1c38bc0ba2808f) Importer(2089858483,192608db42251d675da83286b1cce702)
Start importing Assets/FreeDragons/Prefab/DragonSoulEaterPBR/DragonSoulEaterBluePBR.prefab using Guid(31a77d5e57bdce243a1c38bc0ba2808f) Importer(2089858483,192608db42251d675da83286b1cce702) (ScriptedImporter) -> (artifact id: '2c2cfa24b70734761cd325af1a2c704a') in 0.0766154 seconds
Number of updated asset objects reloaded before import = 0Number of asset objects unloaded after import = 185

========================================================================
Received Import Request.
  Time since last request: 0.000022 seconds.
  path: Assets/TutorialInfo - Copy/Scripts/Readme.cs
  artifactKey: Guid(fcf7219bab7fe46a1ad266029b2fee19) Importer(2089858483,192608db42251d675da83286b1cce702)
Start importing Assets/TutorialInfo - Copy/Scripts/Readme.cs using Guid(fcf7219bab7fe46a1ad266029b2fee19) Importer(2089858483,192608db42251d675da83286b1cce702) (ScriptedImporter) -> (artifact id: 'd42d9bd72abc47f9af3ab9a5265b30df') in 0.0275876 seconds
Number of updated asset objects reloaded before import = 0Number of asset objects unloaded after import = 0

========================================================================
Received Import Request.
  Time since last request: 0.000029 seconds.
  path: Assets/Lab2 - Copy/Scripts/wayPoint.cs
  artifactKey: Guid(b811ae2a0c8893344856ec37a89812b1) Importer(2089858483,192608db42251d675da83286b1cce702)
Start importing Assets/Lab2 - Copy/Scripts/wayPoint.cs using Guid(b811ae2a0c8893344856ec37a89812b1) Importer(2089858483,192608db42251d675da83286b1cce702) (ScriptedImporter) -> (artifact id: '29ab38e4f0892df0e70dbd4fc9da51f6') in 0.0188677 seconds
Number of updated asset objects reloaded before import = 0Number of asset objects unloaded after import = 0

========================================================================
Received Import Request.
  Time since last request: 0.000019 seconds.
  path: Assets/FreeDragons/Mesh/DragonBoarMesh.fbx
  artifactKey: Guid(5c658df0d8d544b4c860c0ad70993a2a) Importer(2089858483,192608db42251d675da83286b1cce702)
Start importing Assets/FreeDragons/Mesh/DragonBoarMesh.fbx using Guid(5c658df0d8d544b4c860c0ad70993a2a) Importer(2089858483,192608db42251d675da83286b1cce702) (ScriptedImporter) -> (artifact id: '502822e03547f8e992f75468abda35da') in 0.0364468 seconds
Number of updated asset objects reloaded before import = 0Number of asset objects unloaded after import = 92

========================================================================
Received Import Request.
  Time since last request: 0.000017 seconds.
  path: Assets/Lab2 - Copy/BTM_Assets/BTM_Items_Gems/Prefabs/BluePill.prefab
  artifactKey: Guid(48853cd3cc24c284d8a5333395c20ba3) Importer(2089858483,192608db42251d675da83286b1cce702)
Start importing Assets/Lab2 - Copy/BTM_Assets/BTM_Items_Gems/Prefabs/BluePill.prefab using Guid(48853cd3cc24c284d8a5333395c20ba3) Importer(2089858483,192608db42251d675da83286b1cce702) (ScriptedImporter) -> (artifact id: '3f2ee7a75eaccb880107ca70b0908f60') in 0.0697739 seconds
Number of updated asset objects reloaded before import = 0Number of asset objects unloaded after import = 16

========================================================================
Received Import Request.
  Time since last request: 0.000020 seconds.
  path: Assets/Lab2 - Copy/BTM_Assets/BTM_Items_Gems/Models/Ruby2.fbx
  artifactKey: Guid(01cea9c04d1450f4297a33380cf7f2ed) Importer(2089858483,192608db42251d675da83286b1cce702)
Start importing Assets/Lab2 - Copy/BTM_Assets/BTM_Items_Gems/Models/Ruby2.fbx using Guid(01cea9c04d1450f4297a33380cf7f2ed) Importer(2089858483,192608db42251d675da83286b1cce702) (ScriptedImporter) -> (artifact id: '260f6c90757fed517e30f42ed4cf4003') in 0.0600464 seconds
Number of updated asset objects reloaded before import = 0Number of asset objects unloaded after import = 9

========================================================================
Received Import Request.
  Time since last request: 0.000032 seconds.
  path: Assets/FreeDragons/Materials/DragonSoulEaterHP/GreenHP.mat
  artifactKey: Guid(378b1863f9b87ec46a0086912f6e8fc4) Importer(2089858483,192608db42251d675da83286b1cce702)
Start importing Assets/FreeDragons/Materials/DragonSoulEaterHP/GreenHP.mat using Guid(378b1863f9b87ec46a0086912f6e8fc4) Importer(2089858483,192608db42251d675da83286b1cce702) (ScriptedImporter) -> (artifact id: 'b9f121b41046fc3afc819a08a0b7eaba') in 0.0833671 seconds
Number of updated asset objects reloaded before import = 0Number of asset objects unloaded after import = 2

========================================================================
Received Import Request.
  Time since last request: 0.000021 seconds.
  path: Assets/Settings - Copy/Mobile_Renderer.asset
  artifactKey: Guid(65bc7dbf4170f435aa868c779acfb082) Importer(2089858483,192608db42251d675da83286b1cce702)
Start importing Assets/Settings - Copy/Mobile_Renderer.asset using Guid(65bc7dbf4170f435aa868c779acfb082) Importer(2089858483,192608db42251d675da83286b1cce702) (ScriptedImporter) -> (artifact id: '79d773ba61f356165c54790c718c75d0') in 0.0492937 seconds
Number of updated asset objects reloaded before import = 0Number of asset objects unloaded after import = 1

========================================================================
Received Import Request.
  Time since last request: 0.000024 seconds.
  path: Assets/Lab2 - Copy/BTM_Assets/BTM_Items_Gems/Models/HeartGem.fbx
  artifactKey: Guid(8975fa6f14038f640a09d7c1f619c1e5) Importer(2089858483,192608db42251d675da83286b1cce702)
Start importing Assets/Lab2 - Copy/BTM_Assets/BTM_Items_Gems/Models/HeartGem.fbx using Guid(8975fa6f14038f640a09d7c1f619c1e5) Importer(2089858483,192608db42251d675da83286b1cce702) (ScriptedImporter) -> (artifact id: '56b8073302ac15169cca17cfecb3b633') in 0.0695765 seconds
Number of updated asset objects reloaded before import = 0Number of asset objects unloaded after import = 9

========================================================================
Received Import Request.
  Time since last request: 0.000038 seconds.
  path: Assets/Lab2 - Copy/BTM_Assets/BTM_Items_Gems/Models/SphereGem.fbx
  artifactKey: Guid(5ae72abb4f5c0814e98a001acc1127bf) Importer(2089858483,192608db42251d675da83286b1cce702)
Start importing Assets/Lab2 - Copy/BTM_Assets/BTM_Items_Gems/Models/SphereGem.fbx using Guid(5ae72abb4f5c0814e98a001acc1127bf) Importer(2089858483,192608db42251d675da83286b1cce702) (ScriptedImporter) -> (artifact id: 'f1a54f3cccf0b1b240bf9bdf1f666de7') in 0.0666499 seconds
Number of updated asset objects reloaded before import = 0Number of asset objects unloaded after import = 9

========================================================================
Received Import Request.
  Time since last request: 0.000043 seconds.
  path: Assets/FreeDragons/Prefab/DragonBoarPBR/GreenBoarPBR.prefab
  artifactKey: Guid(7add1d5b90ab7234d92b5feb2d77c953) Importer(2089858483,192608db42251d675da83286b1cce702)
Start importing Assets/FreeDragons/Prefab/DragonBoarPBR/GreenBoarPBR.prefab using Guid(7add1d5b90ab7234d92b5feb2d77c953) Importer(2089858483,192608db42251d675da83286b1cce702) (ScriptedImporter) -> (artifact id: '349bb25f12644feb8a691759612660e2') in 0.0803527 seconds
Number of updated asset objects reloaded before import = 0Number of asset objects unloaded after import = 120

========================================================================
Received Import Request.
  Time since last request: 0.000029 seconds.
  path: Assets/Lab2 - Copy/BTM_Assets/BTM_Items_Gems/Models/SphereGem2.fbx
  artifactKey: Guid(cf22ac9b16eab2b4c8cbccf3b8eddfc4) Importer(2089858483,192608db42251d675da83286b1cce702)
Start importing Assets/Lab2 - Copy/BTM_Assets/BTM_Items_Gems/Models/SphereGem2.fbx using Guid(cf22ac9b16eab2b4c8cbccf3b8eddfc4) Importer(2089858483,192608db42251d675da83286b1cce702) (ScriptedImporter) -> (artifact id: 'daab1d4204672b755c88c5e683d21e8d') in 0.0542588 seconds
Number of updated asset objects reloaded before import = 0Number of asset objects unloaded after import = 9

========================================================================
Received Import Request.
  Time since last request: 0.000040 seconds.
  path: Assets/Lab2 - Copy/BTM_Assets/BTM_Items_Gems/Prefabs/Heart.prefab
  artifactKey: Guid(af9d1131c788d454fa7dae4544fa99d2) Importer(2089858483,192608db42251d675da83286b1cce702)
Start importing Assets/Lab2 - Copy/BTM_Assets/BTM_Items_Gems/Prefabs/Heart.prefab using Guid(af9d1131c788d454fa7dae4544fa99d2) Importer(2089858483,192608db42251d675da83286b1cce702) (ScriptedImporter) -> (artifact id: '18ea1f9f00445f0de9c8c23cc7b4c4b6') in 0.0959836 seconds
Number of updated asset objects reloaded before import = 0Number of asset objects unloaded after import = 15

========================================================================
Received Import Request.
  Time since last request: 0.000024 seconds.
  path: Assets/FreeDragons/Animations/DragonSoulEater/Walk.fbx
  artifactKey: Guid(555c2f8b240202a4c8f3c3f412587e5a) Importer(2089858483,192608db42251d675da83286b1cce702)
Start importing Assets/FreeDragons/Animations/DragonSoulEater/Walk.fbx using Guid(555c2f8b240202a4c8f3c3f412587e5a) Importer(2089858483,192608db42251d675da83286b1cce702) (ScriptedImporter) -> (artifact id: '75602a0b7323d0a7dc07c1313509b2d6') in 0.0445843 seconds
Number of updated asset objects reloaded before import = 0Number of asset objects unloaded after import = 133

========================================================================
Received Import Request.
  Time since last request: 0.000020 seconds.
  path: Assets/Settings - Copy/UniversalRenderPipelineGlobalSettings.asset
  artifactKey: Guid(18dc0cd2c080841dea60987a38ce93fa) Importer(2089858483,192608db42251d675da83286b1cce702)
Start importing Assets/Settings - Copy/UniversalRenderPipelineGlobalSettings.asset using Guid(18dc0cd2c080841dea60987a38ce93fa) Importer(2089858483,192608db42251d675da83286b1cce702) (ScriptedImporter) -> (artifact id: '7585eb8d4a6b4bbc7bee89dd38a26c73') in 0.1010855 seconds
Number of updated asset objects reloaded before import = 0Number of asset objects unloaded after import = 0

========================================================================
Received Import Request.
  Time since last request: 0.000028 seconds.
  path: Assets/Lab2 - Copy/BTM_Assets/BTM_Items_Gems/Models/SphereGem3.fbx
  artifactKey: Guid(86547782c0ca55f4098b1185db372acc) Importer(2089858483,192608db42251d675da83286b1cce702)
Start importing Assets/Lab2 - Copy/BTM_Assets/BTM_Items_Gems/Models/SphereGem3.fbx using Guid(86547782c0ca55f4098b1185db372acc) Importer(2089858483,192608db42251d675da83286b1cce702) (ScriptedImporter) -> (artifact id: 'a1128e8a3cedfbf32062368bf72101d9') in 0.055721 seconds
Number of updated asset objects reloaded before import = 0Number of asset objects unloaded after import = 9

========================================================================
Received Import Request.
  Time since last request: 0.000043 seconds.
  path: Assets/Lab2 - Copy/BTM_Assets/BTM_Items_Gems/Prefabs/RedPotion.prefab
  artifactKey: Guid(1242a88922ac6d34da67517f4c97626b) Importer(2089858483,192608db42251d675da83286b1cce702)
Start importing Assets/Lab2 - Copy/BTM_Assets/BTM_Items_Gems/Prefabs/RedPotion.prefab using Guid(1242a88922ac6d34da67517f4c97626b) Importer(2089858483,192608db42251d675da83286b1cce702) (ScriptedImporter) -> (artifact id: 'a4f729ed0518255612b8e49c7e7aafac') in 0.1103695 seconds
Number of updated asset objects reloaded before import = 0Number of asset objects unloaded after import = 15

========================================================================
Received Import Request.
  Time since last request: 0.000029 seconds.
  path: Assets/FreeDragons/Materials/DragonBoarPBR/GreenPBR.mat
  artifactKey: Guid(2c1ae55f713e6434eaeec26f629100bc) Importer(2089858483,192608db42251d675da83286b1cce702)
Start importing Assets/FreeDragons/Materials/DragonBoarPBR/GreenPBR.mat using Guid(2c1ae55f713e6434eaeec26f629100bc) Importer(2089858483,192608db42251d675da83286b1cce702) (ScriptedImporter) -> (artifact id: '1c94c96bcbe5239e6c5ee599a3aaa8d2') in 0.1672783 seconds
Number of updated asset objects reloaded before import = 0Number of asset objects unloaded after import = 6

========================================================================
Received Import Request.
  Time since last request: 0.000041 seconds.
  path: Assets/Lab2 - Copy/RPGHero/Animations/Die_SwordShield.anim
  artifactKey: Guid(4e411f2f6d5b81e4b9aeb8cae68c84b5) Importer(2089858483,192608db42251d675da83286b1cce702)
Start importing Assets/Lab2 - Copy/RPGHero/Animations/Die_SwordShield.anim using Guid(4e411f2f6d5b81e4b9aeb8cae68c84b5) Importer(2089858483,192608db42251d675da83286b1cce702) (ScriptedImporter) -> (artifact id: '2e5990d70d33413f0687f0cd4c5346d1') in 0.0553859 seconds
Number of updated asset objects reloaded before import = 0Number of asset objects unloaded after import = 1

========================================================================
Received Import Request.
  Time since last request: 0.000020 seconds.
  path: Assets/Lab2 - Copy/BTM_Assets/BTM_Items_Gems/Prefabs/SpeedChevRed.prefab
  artifactKey: Guid(996928e6bd7f53b4c922c5099f203847) Importer(2089858483,192608db42251d675da83286b1cce702)
Start importing Assets/Lab2 - Copy/BTM_Assets/BTM_Items_Gems/Prefabs/SpeedChevRed.prefab using Guid(996928e6bd7f53b4c922c5099f203847) Importer(2089858483,192608db42251d675da83286b1cce702) (ScriptedImporter) -> (artifact id: '4780964cdc5d69ffca206f45abfecdf2') in 0.0812501 seconds
Number of updated asset objects reloaded before import = 0Number of asset objects unloaded after import = 15

========================================================================
Received Import Request.
  Time since last request: 0.000024 seconds.
  path: Assets/Lab2 - Copy/BTM_Assets/BTM_Items_Gems/Models/RedPill.fbx
  artifactKey: Guid(15d91f53302e333468b01c993b22cad7) Importer(2089858483,192608db42251d675da83286b1cce702)
Start importing Assets/Lab2 - Copy/BTM_Assets/BTM_Items_Gems/Models/RedPill.fbx using Guid(15d91f53302e333468b01c993b22cad7) Importer(2089858483,192608db42251d675da83286b1cce702) (ScriptedImporter) -> (artifact id: '70f9fe71d2669858c167dd8bfff595ce') in 0.0568313 seconds
Number of updated asset objects reloaded before import = 0Number of asset objects unloaded after import = 9

========================================================================
Received Import Request.
  Time since last request: 0.000032 seconds.
  path: Assets/FreeDragons/Animations/DragonBoar/run.fbx
  artifactKey: Guid(5f9b47d1228458148ac9b6e86d151862) Importer(2089858483,192608db42251d675da83286b1cce702)
Start importing Assets/FreeDragons/Animations/DragonBoar/run.fbx using Guid(5f9b47d1228458148ac9b6e86d151862) Importer(2089858483,192608db42251d675da83286b1cce702) (ScriptedImporter) -> (artifact id: '86d3051126a0f3866a846dd02d39d3f1') in 0.0447201 seconds
Number of updated asset objects reloaded before import = 0Number of asset objects unloaded after import = 91

========================================================================
Received Import Request.
  Time since last request: 0.000017 seconds.
  path: Assets/Lab2 - Copy/RPGHero/Animator/SwordAndShield.controller
  artifactKey: Guid(081111fd1834f42469e07a9a2ce295c6) Importer(2089858483,192608db42251d675da83286b1cce702)
Start importing Assets/Lab2 - Copy/RPGHero/Animator/SwordAndShield.controller using Guid(081111fd1834f42469e07a9a2ce295c6) Importer(2089858483,192608db42251d675da83286b1cce702) (ScriptedImporter) -> (artifact id: '20efc83db86014f7c1d1623116e889fd') in 0.0318479 seconds
Number of updated asset objects reloaded before import = 0Number of asset objects unloaded after import = 8

========================================================================
Received Import Request.
  Time since last request: 0.000026 seconds.
  path: Assets/FreeDragons/Materials/DragonBoarPBR/GoldPBR.mat
  artifactKey: Guid(0d6b32f7a1327524f8e933d4e0c86b09) Importer(2089858483,192608db42251d675da83286b1cce702)
Start importing Assets/FreeDragons/Materials/DragonBoarPBR/GoldPBR.mat using Guid(0d6b32f7a1327524f8e933d4e0c86b09) Importer(2089858483,192608db42251d675da83286b1cce702) (ScriptedImporter) -> (artifact id: 'bc420b52db9d8c8ff367f5abd60d8d3d') in 0.1871916 seconds
Number of updated asset objects reloaded before import = 0Number of asset objects unloaded after import = 6

========================================================================
Received Import Request.
  Time since last request: 0.000039 seconds.
  path: Assets/Lab2 - Copy/BTM_Assets/BTM_Items_Gems/Prefabs/SphereGem3.prefab
  artifactKey: Guid(2231e242ec531e44caa03826addc9302) Importer(2089858483,192608db42251d675da83286b1cce702)
Start importing Assets/Lab2 - Copy/BTM_Assets/BTM_Items_Gems/Prefabs/SphereGem3.prefab using Guid(2231e242ec531e44caa03826addc9302) Importer(2089858483,192608db42251d675da83286b1cce702) (ScriptedImporter) -> (artifact id: '443e71f9bb90b2723a6c3e6cf514d006') in 0.0639576 seconds
Number of updated asset objects reloaded before import = 0Number of asset objects unloaded after import = 15

========================================================================
Received Import Request.
  Time since last request: 0.000034 seconds.
  path: Assets/Lab2 - Copy/BTM_Assets/BTM_Items_Gems/Prefabs/StarGem1.prefab
  artifactKey: Guid(9c6032bc7284a5146a9b61081bf3c510) Importer(2089858483,192608db42251d675da83286b1cce702)
Start importing Assets/Lab2 - Copy/BTM_Assets/BTM_Items_Gems/Prefabs/StarGem1.prefab using Guid(9c6032bc7284a5146a9b61081bf3c510) Importer(2089858483,192608db42251d675da83286b1cce702) (ScriptedImporter) -> (artifact id: '408146b5b26e87ad2089ccd1d64fb365') in 0.0734096 seconds
Number of updated asset objects reloaded before import = 0Number of asset objects unloaded after import = 15

========================================================================
Received Import Request.
  Time since last request: 0.000033 seconds.
  path: Assets/Lab2 - Copy/BTM_Assets/BTM_Items_Gems/Prefabs/Spiral.prefab
  artifactKey: Guid(eebd8dd2296babd41a969a47c1590127) Importer(2089858483,192608db42251d675da83286b1cce702)
Start importing Assets/Lab2 - Copy/BTM_Assets/BTM_Items_Gems/Prefabs/Spiral.prefab using Guid(eebd8dd2296babd41a969a47c1590127) Importer(2089858483,192608db42251d675da83286b1cce702) (ScriptedImporter) -> (artifact id: '1d82a0d65ddfd73e8724ae70fce36f35') in 0.0830043 seconds
Number of updated asset objects reloaded before import = 0Number of asset objects unloaded after import = 15

========================================================================
Received Import Request.
  Time since last request: 0.000021 seconds.
  path: Assets/Lab2 - Copy/BTM_Assets/BTM_Items_Gems/Scenes/Gems Sample Scene.unity
  artifactKey: Guid(d4cfd39932f58a34d860f558a0834e1d) Importer(2089858483,192608db42251d675da83286b1cce702)
Start importing Assets/Lab2 - Copy/BTM_Assets/BTM_Items_Gems/Scenes/Gems Sample Scene.unity using Guid(d4cfd39932f58a34d860f558a0834e1d) Importer(2089858483,192608db42251d675da83286b1cce702) (ScriptedImporter) -> (artifact id: '822a0888741228c824b7e63792e7d7b7') in 0.0550041 seconds
Number of updated asset objects reloaded before import = 0Number of asset objects unloaded after import = 1

========================================================================
Received Import Request.
  Time since last request: 0.000033 seconds.
  path: Assets/FreeDragons/Animations/DragonSoulEater/Fireball Shoot.fbx
  artifactKey: Guid(6e4f9ef5485ccb04299f52ceae24d120) Importer(2089858483,192608db42251d675da83286b1cce702)
Start importing Assets/FreeDragons/Animations/DragonSoulEater/Fireball Shoot.fbx using Guid(6e4f9ef5485ccb04299f52ceae24d120) Importer(2089858483,192608db42251d675da83286b1cce702) (ScriptedImporter) -> (artifact id: '4e21e350912dc1eb24e108aa80823093') in 0.0453515 seconds
Number of updated asset objects reloaded before import = 0Number of asset objects unloaded after import = 133

========================================================================
Received Import Request.
  Time since last request: 0.000018 seconds.
  path: Assets/Lab2 - Copy/BTM_Assets/BTM_Items_Gems/Prefabs/Penta.prefab
  artifactKey: Guid(57377efc0a877474ab0478d4ce8180c2) Importer(2089858483,192608db42251d675da83286b1cce702)
Start importing Assets/Lab2 - Copy/BTM_Assets/BTM_Items_Gems/Prefabs/Penta.prefab using Guid(57377efc0a877474ab0478d4ce8180c2) Importer(2089858483,192608db42251d675da83286b1cce702) (ScriptedImporter) -> (artifact id: '66bc331e38b514211929b58fc42c7801') in 0.0772614 seconds
Number of updated asset objects reloaded before import = 0Number of asset objects unloaded after import = 15

========================================================================
Received Import Request.
  Time since last request: 0.000027 seconds.
  path: Assets/Lab2 - Copy/RPGHero/Materials/HandPainted.mat
  artifactKey: Guid(6acc71550c566ce42a8bedab0c3b42af) Importer(2089858483,192608db42251d675da83286b1cce702)
Start importing Assets/Lab2 - Copy/RPGHero/Materials/HandPainted.mat using Guid(6acc71550c566ce42a8bedab0c3b42af) Importer(2089858483,192608db42251d675da83286b1cce702) (ScriptedImporter) -> (artifact id: 'dd5c8402c9ac967a6f4e2045e2dc30ff') in 0.057803 seconds
Number of updated asset objects reloaded before import = 0Number of asset objects unloaded after import = 3

========================================================================
Received Import Request.
  Time since last request: 0.000029 seconds.
  path: Assets/Lab2 - Copy/BTM_Assets/BTM_Items_Gems/Prefabs/Coin.prefab
  artifactKey: Guid(6a301d09debaf1e4a8d3e2657cc44a96) Importer(2089858483,192608db42251d675da83286b1cce702)
Start importing Assets/Lab2 - Copy/BTM_Assets/BTM_Items_Gems/Prefabs/Coin.prefab using Guid(6a301d09debaf1e4a8d3e2657cc44a96) Importer(2089858483,192608db42251d675da83286b1cce702) (ScriptedImporter) -> (artifact id: '869fe35a50efa389b6838fc2671e7320') in 0.0695587 seconds
Number of updated asset objects reloaded before import = 0Number of asset objects unloaded after import = 15

========================================================================
Received Import Request.
  Time since last request: 0.000021 seconds.
  path: Assets/Scenes/CatBorg Studio/3D Dungeon Lowpoly Pack/Models/01_DiningHall_01_Cup#2.fbx
  artifactKey: Guid(9f4bf87c7fe9f40498710243b709e356) Importer(2089858483,192608db42251d675da83286b1cce702)
Start importing Assets/Scenes/CatBorg Studio/3D Dungeon Lowpoly Pack/Models/01_DiningHall_01_Cup#2.fbx using Guid(9f4bf87c7fe9f40498710243b709e356) Importer(2089858483,192608db42251d675da83286b1cce702) (ScriptedImporter) -> (artifact id: '1a8f4ab753f1fd74003419fa40dfd0da') in 0.0582424 seconds
Number of updated asset objects reloaded before import = 0Number of asset objects unloaded after import = 8

========================================================================
Received Import Request.
  Time since last request: 0.000020 seconds.
  path: Assets/FreeDragons/Animations/DragonBoar/walk.fbx
  artifactKey: Guid(4c7a0e0d6f7821c439d739697a6bbee0) Importer(2089858483,192608db42251d675da83286b1cce702)
Start importing Assets/FreeDragons/Animations/DragonBoar/walk.fbx using Guid(4c7a0e0d6f7821c439d739697a6bbee0) Importer(2089858483,192608db42251d675da83286b1cce702) (ScriptedImporter) -> (artifact id: 'f514aed638886507109a7cae200bdf4f') in 0.0499986 seconds
Number of updated asset objects reloaded before import = 0Number of asset objects unloaded after import = 93

========================================================================
Received Import Request.
  Time since last request: 0.000027 seconds.
  path: Assets/Lab2 - Copy/BTM_Assets/BTM_Items_Gems/Prefabs/SkullBones.prefab
  artifactKey: Guid(01fba43840893414a83863004e3a487b) Importer(2089858483,192608db42251d675da83286b1cce702)
Start importing Assets/Lab2 - Copy/BTM_Assets/BTM_Items_Gems/Prefabs/SkullBones.prefab using Guid(01fba43840893414a83863004e3a487b) Importer(2089858483,192608db42251d675da83286b1cce702) (ScriptedImporter) -> (artifact id: 'c3cf9443105b79430449c54837a28721') in 0.0752109 seconds
Number of updated asset objects reloaded before import = 0Number of asset objects unloaded after import = 15

========================================================================
Received Import Request.
  Time since last request: 0.000022 seconds.
  path: Assets/FreeDragons/Scene/DragonBoarPBRSettings.lighting
  artifactKey: Guid(e6a111be4500bbd4f999e08a755d2e51) Importer(2089858483,192608db42251d675da83286b1cce702)
Start importing Assets/FreeDragons/Scene/DragonBoarPBRSettings.lighting using Guid(e6a111be4500bbd4f999e08a755d2e51) Importer(2089858483,192608db42251d675da83286b1cce702) (ScriptedImporter) -> (artifact id: 'badd23924f1d940a5a0dd8e143b70ee5') in 0.0309861 seconds
Number of updated asset objects reloaded before import = 0Number of asset objects unloaded after import = 1

========================================================================
Received Import Request.
  Time since last request: 0.000028 seconds.
  path: Assets/Scenes/CatBorg Studio/3D Dungeon Lowpoly Pack/Models/02_Kitchen_01_Chopper.fbx
  artifactKey: Guid(21676d294d655b5478ce76c58d15f06e) Importer(2089858483,192608db42251d675da83286b1cce702)
Start importing Assets/Scenes/CatBorg Studio/3D Dungeon Lowpoly Pack/Models/02_Kitchen_01_Chopper.fbx using Guid(21676d294d655b5478ce76c58d15f06e) Importer(2089858483,192608db42251d675da83286b1cce702) (ScriptedImporter) -> (artifact id: '0ea6b30429974b121391e2aff170c3f2') in 0.054817 seconds
Number of updated asset objects reloaded before import = 0Number of asset objects unloaded after import = 8

========================================================================
Received Import Request.
  Time since last request: 0.000051 seconds.
  path: Assets/Scenes/CatBorg Studio/3D Dungeon Lowpoly Pack/Models/01_Library_01_Chear_High#1.fbx
  artifactKey: Guid(e75b6260e4f60b74fa98347b1ee928ff) Importer(2089858483,192608db42251d675da83286b1cce702)
Start importing Assets/Scenes/CatBorg Studio/3D Dungeon Lowpoly Pack/Models/01_Library_01_Chear_High#1.fbx using Guid(e75b6260e4f60b74fa98347b1ee928ff) Importer(2089858483,192608db42251d675da83286b1cce702) (ScriptedImporter) -> (artifact id: '8bdcaf2380dee3fcc887f528eb78cb7d') in 0.0592024 seconds
Number of updated asset objects reloaded before import = 0Number of asset objects unloaded after import = 8

========================================================================
Received Import Request.
  Time since last request: 0.000022 seconds.
  path: Assets/Lab2 - Copy/BTM_Assets/BTM_Items_Gems/Prefabs/Battery 1.prefab
  artifactKey: Guid(f9f6ddb79c292b64e9e817d5835268f9) Importer(2089858483,192608db42251d675da83286b1cce702)
Start importing Assets/Lab2 - Copy/BTM_Assets/BTM_Items_Gems/Prefabs/Battery 1.prefab using Guid(f9f6ddb79c292b64e9e817d5835268f9) Importer(2089858483,192608db42251d675da83286b1cce702) (ScriptedImporter) -> (artifact id: 'f43ff22d7fdc6b6ad8058fca497a2c54') in 0.083293 seconds
Number of updated asset objects reloaded before import = 0Number of asset objects unloaded after import = 15

========================================================================
Received Import Request.
  Time since last request: 0.000028 seconds.
  path: Assets/Lab2 - Copy/BTM_Assets/BTM_Items_Gems/Prefabs/Cubie.prefab
  artifactKey: Guid(e1dcc1756599cdb45b9d838c33287a10) Importer(2089858483,192608db42251d675da83286b1cce702)
Start importing Assets/Lab2 - Copy/BTM_Assets/BTM_Items_Gems/Prefabs/Cubie.prefab using Guid(e1dcc1756599cdb45b9d838c33287a10) Importer(2089858483,192608db42251d675da83286b1cce702) (ScriptedImporter) -> (artifact id: '00a3a2cb1ca99b798d16770666b036bc') in 0.0800284 seconds
Number of updated asset objects reloaded before import = 0Number of asset objects unloaded after import = 15

========================================================================
Received Import Request.
  Time since last request: 0.000052 seconds.
  path: Assets/Scenes/CatBorg Studio/3D Dungeon Lowpoly Pack/Models/02_Kitchen_01_CookingPot#2.fbx
  artifactKey: Guid(20ac841c5eb778d488b5a88d44d1bbee) Importer(2089858483,192608db42251d675da83286b1cce702)
Start importing Assets/Scenes/CatBorg Studio/3D Dungeon Lowpoly Pack/Models/02_Kitchen_01_CookingPot#2.fbx using Guid(20ac841c5eb778d488b5a88d44d1bbee) Importer(2089858483,192608db42251d675da83286b1cce702) (ScriptedImporter) -> (artifact id: 'c419123a4d183659db3e45ffe2cd96af') in 0.0487793 seconds
Number of updated asset objects reloaded before import = 0Number of asset objects unloaded after import = 8

========================================================================
Received Import Request.
  Time since last request: 0.000022 seconds.
  path: Assets/Scenes/CatBorg Studio/3D Dungeon Lowpoly Pack/Models/03_Blacksmith_01_AnvilStand.fbx
  artifactKey: Guid(4ca9d429a2b619d4e86ca28ce00b4b5b) Importer(2089858483,192608db42251d675da83286b1cce702)
Start importing Assets/Scenes/CatBorg Studio/3D Dungeon Lowpoly Pack/Models/03_Blacksmith_01_AnvilStand.fbx using Guid(4ca9d429a2b619d4e86ca28ce00b4b5b) Importer(2089858483,192608db42251d675da83286b1cce702) (ScriptedImporter) -> (artifact id: '03d4981d1a998b95a8925d2c86f123f2') in 0.054792 seconds
Number of updated asset objects reloaded before import = 0Number of asset objects unloaded after import = 8

========================================================================
Received Import Request.
  Time since last request: 0.000027 seconds.
  path: Assets/Lab2 - Copy/BTM_Assets/BTM_Items_Gems/Prefabs/Time.prefab
  artifactKey: Guid(05c1bb08d5c7e3b40a87536483a89f10) Importer(2089858483,192608db42251d675da83286b1cce702)
Start importing Assets/Lab2 - Copy/BTM_Assets/BTM_Items_Gems/Prefabs/Time.prefab using Guid(05c1bb08d5c7e3b40a87536483a89f10) Importer(2089858483,192608db42251d675da83286b1cce702) (ScriptedImporter) -> (artifact id: 'e30e362566b5440f3efbd6d02af00415') in 0.0970855 seconds
Number of updated asset objects reloaded before import = 0Number of asset objects unloaded after import = 15

========================================================================
Received Import Request.
  Time since last request: 0.000052 seconds.
  path: Assets/Lab2 - Copy/BTM_Assets/BTM_Items_Gems/Prefabs/Skull.prefab
  artifactKey: Guid(5daff121de6826f4c8029fda5e22b206) Importer(2089858483,192608db42251d675da83286b1cce702)
Start importing Assets/Lab2 - Copy/BTM_Assets/BTM_Items_Gems/Prefabs/Skull.prefab using Guid(5daff121de6826f4c8029fda5e22b206) Importer(2089858483,192608db42251d675da83286b1cce702) (ScriptedImporter) -> (artifact id: '41bdb86ddae3ce9141a83e3d17aef506') in 0.0813805 seconds
Number of updated asset objects reloaded before import = 0Number of asset objects unloaded after import = 15

========================================================================
Received Import Request.
  Time since last request: 0.000020 seconds.
  path: Assets/Scenes/CatBorg Studio/3D Dungeon Lowpoly Pack/Models/04_Bedroom_01_Matrace_ForBeed_1.fbx
  artifactKey: Guid(1ef5953b6c063f242b91ff91bfb0bc44) Importer(2089858483,192608db42251d675da83286b1cce702)
Start importing Assets/Scenes/CatBorg Studio/3D Dungeon Lowpoly Pack/Models/04_Bedroom_01_Matrace_ForBeed_1.fbx using Guid(1ef5953b6c063f242b91ff91bfb0bc44) Importer(2089858483,192608db42251d675da83286b1cce702) (ScriptedImporter) -> (artifact id: 'f1be3377b93d4c70e36b2b21631e50aa') in 0.0626069 seconds
Number of updated asset objects reloaded before import = 0Number of asset objects unloaded after import = 8

========================================================================
Received Import Request.
  Time since last request: 0.000021 seconds.
  path: Assets/Scenes/CatBorg Studio/3D Dungeon Lowpoly Pack/Models/97_Othert_Amphora_Destroyable.fbx
  artifactKey: Guid(52cb12b8923562c4396a116aa66d336a) Importer(2089858483,192608db42251d675da83286b1cce702)
Start importing Assets/Scenes/CatBorg Studio/3D Dungeon Lowpoly Pack/Models/97_Othert_Amphora_Destroyable.fbx using Guid(52cb12b8923562c4396a116aa66d336a) Importer(2089858483,192608db42251d675da83286b1cce702) (ScriptedImporter) -> (artifact id: '4c385c5a3c5192eb79ef4c7413f22730') in 0.0695592 seconds
Number of updated asset objects reloaded before import = 0Number of asset objects unloaded after import = 44

========================================================================
Received Import Request.
  Time since last request: 0.000032 seconds.
  path: Assets/Scenes/CatBorg Studio/3D Dungeon Lowpoly Pack/Models/01_DiningHall_01_WoodenTable#1.fbx
  artifactKey: Guid(390ddb3adfecc3e4f8d044ba8a40fbc7) Importer(2089858483,192608db42251d675da83286b1cce702)
Start importing Assets/Scenes/CatBorg Studio/3D Dungeon Lowpoly Pack/Models/01_DiningHall_01_WoodenTable#1.fbx using Guid(390ddb3adfecc3e4f8d044ba8a40fbc7) Importer(2089858483,192608db42251d675da83286b1cce702) (ScriptedImporter) -> (artifact id: '51a81a3191cfa64b9c9b6d3ce4ebfd46') in 0.0551496 seconds
Number of updated asset objects reloaded before import = 0Number of asset objects unloaded after import = 8

========================================================================
Received Import Request.
  Time since last request: 0.000020 seconds.
  path: Assets/Scenes/CatBorg Studio/3D Dungeon Lowpoly Pack/Materials/M_Imphenzia_LowPollyStyle.mat
  artifactKey: Guid(6209e65906b7d3b45ae8ea4784695500) Importer(2089858483,192608db42251d675da83286b1cce702)
Start importing Assets/Scenes/CatBorg Studio/3D Dungeon Lowpoly Pack/Materials/M_Imphenzia_LowPollyStyle.mat using Guid(6209e65906b7d3b45ae8ea4784695500) Importer(2089858483,192608db42251d675da83286b1cce702) (ScriptedImporter) -> (artifact id: '2cb908503ea73be456d3dc5d5dfb7697') in 0.0337997 seconds
Number of updated asset objects reloaded before import = 0Number of asset objects unloaded after import = 3

========================================================================
Received Import Request.
  Time since last request: 0.000019 seconds.
  path: Assets/Lab2 - Copy/BTM_Assets/BTM_Items_Gems/Prefabs/StarGem2.prefab
  artifactKey: Guid(5151591354fd80f448e91914496d97d1) Importer(2089858483,192608db42251d675da83286b1cce702)
Start importing Assets/Lab2 - Copy/BTM_Assets/BTM_Items_Gems/Prefabs/StarGem2.prefab using Guid(5151591354fd80f448e91914496d97d1) Importer(2089858483,192608db42251d675da83286b1cce702) (ScriptedImporter) -> (artifact id: '76501d3736cc56827eb4310464b5d6b0') in 0.0760625 seconds
Number of updated asset objects reloaded before import = 0Number of asset objects unloaded after import = 15

========================================================================
Received Import Request.
  Time since last request: 0.000050 seconds.
  path: Assets/Scenes/CatBorg Studio/3D Dungeon Lowpoly Pack/Models/97_Othert_Key_Yellow_2.fbx
  artifactKey: Guid(9164e96d5f7440a4eb5a8dd1a8e0855f) Importer(2089858483,192608db42251d675da83286b1cce702)
Start importing Assets/Scenes/CatBorg Studio/3D Dungeon Lowpoly Pack/Models/97_Othert_Key_Yellow_2.fbx using Guid(9164e96d5f7440a4eb5a8dd1a8e0855f) Importer(2089858483,192608db42251d675da83286b1cce702) (ScriptedImporter) -> (artifact id: '3bb594a57e3fad2faab6c05ff0d98790') in 0.0565732 seconds
Number of updated asset objects reloaded before import = 0Number of asset objects unloaded after import = 8

========================================================================
Received Import Request.
  Time since last request: 0.000032 seconds.
  path: Assets/Scenes/CatBorg Studio/3D Dungeon Lowpoly Pack/Models/99_Decorations_SpiderWebb_1.fbx
  artifactKey: Guid(f453fab8f9a1be245a02b9e4e9e20d58) Importer(2089858483,192608db42251d675da83286b1cce702)
Start importing Assets/Scenes/CatBorg Studio/3D Dungeon Lowpoly Pack/Models/99_Decorations_SpiderWebb_1.fbx using Guid(f453fab8f9a1be245a02b9e4e9e20d58) Importer(2089858483,192608db42251d675da83286b1cce702) (ScriptedImporter) -> (artifact id: 'dff0e28636f46e6f89d8e7ca0787b741') in 0.0727188 seconds
Number of updated asset objects reloaded before import = 0Number of asset objects unloaded after import = 8

========================================================================
Received Import Request.
  Time since last request: 0.000018 seconds.
  path: Assets/Scenes/CatBorg Studio/3D Dungeon Lowpoly Pack/Models/01_Library_01_Desk#1.fbx
  artifactKey: Guid(c454e92f88d86214cb2e75fe02c580d9) Importer(2089858483,192608db42251d675da83286b1cce702)
Start importing Assets/Scenes/CatBorg Studio/3D Dungeon Lowpoly Pack/Models/01_Library_01_Desk#1.fbx using Guid(c454e92f88d86214cb2e75fe02c580d9) Importer(2089858483,192608db42251d675da83286b1cce702) (ScriptedImporter) -> (artifact id: '34863162eafdb99362c03393e46372b3') in 0.059089 seconds
Number of updated asset objects reloaded before import = 0Number of asset objects unloaded after import = 8

========================================================================
Received Import Request.
  Time since last request: 0.000019 seconds.
  path: Assets/Lab2 - Copy/BTM_Assets/BTM_Items_Gems/Prefabs/GreenPotion.prefab
  artifactKey: Guid(a610c52de611e244dbe9b6a800cf193b) Importer(2089858483,192608db42251d675da83286b1cce702)
Start importing Assets/Lab2 - Copy/BTM_Assets/BTM_Items_Gems/Prefabs/GreenPotion.prefab using Guid(a610c52de611e244dbe9b6a800cf193b) Importer(2089858483,192608db42251d675da83286b1cce702) (ScriptedImporter) -> (artifact id: '6a2e117eef90dafa3c4c2e61febfaaed') in 0.0778768 seconds
Number of updated asset objects reloaded before import = 0Number of asset objects unloaded after import = 15

========================================================================
Received Import Request.
  Time since last request: 0.000039 seconds.
  path: Assets/Scenes/CatBorg Studio/3D Dungeon Lowpoly Pack/Prefabs/01_DiningHall_01_Bottle#1.prefab
  artifactKey: Guid(7587bd0edf0376344ac9bc85565f8c37) Importer(2089858483,192608db42251d675da83286b1cce702)
Start importing Assets/Scenes/CatBorg Studio/3D Dungeon Lowpoly Pack/Prefabs/01_DiningHall_01_Bottle#1.prefab using Guid(7587bd0edf0376344ac9bc85565f8c37) Importer(2089858483,192608db42251d675da83286b1cce702) (ScriptedImporter) -> (artifact id: '6384da1cdd324bb278c1e42f8ec074c8') in 0.0962627 seconds
Number of updated asset objects reloaded before import = 0Number of asset objects unloaded after import = 8

========================================================================
Received Import Request.
  Time since last request: 0.000018 seconds.
  path: Assets/Scenes/CatBorg Studio/3D Dungeon Lowpoly Pack/Models/99_Decorations_WallBanner_5.fbx
  artifactKey: Guid(2c47b3c297f48df40b76fe28819338e1) Importer(2089858483,192608db42251d675da83286b1cce702)
Start importing Assets/Scenes/CatBorg Studio/3D Dungeon Lowpoly Pack/Models/99_Decorations_WallBanner_5.fbx using Guid(2c47b3c297f48df40b76fe28819338e1) Importer(2089858483,192608db42251d675da83286b1cce702) (ScriptedImporter) -> (artifact id: '49fcd7ab40cfa03654e16ce0ef0c258b') in 0.0566886 seconds
Number of updated asset objects reloaded before import = 0Number of asset objects unloaded after import = 8

========================================================================
Received Import Request.
  Time since last request: 0.000027 seconds.
  path: Assets/Scenes/CatBorg Studio/3D Dungeon Lowpoly Pack/Models/99_Enviroment_Stears.fbx
  artifactKey: Guid(e7acb14ed36ace9438cb0acd158f7d2d) Importer(2089858483,192608db42251d675da83286b1cce702)
Start importing Assets/Scenes/CatBorg Studio/3D Dungeon Lowpoly Pack/Models/99_Enviroment_Stears.fbx using Guid(e7acb14ed36ace9438cb0acd158f7d2d) Importer(2089858483,192608db42251d675da83286b1cce702) (ScriptedImporter) -> (artifact id: '198ee044343934a9a3fedab0625287a6') in 0.0562801 seconds
Number of updated asset objects reloaded before import = 0Number of asset objects unloaded after import = 8

========================================================================
Received Import Request.
  Time since last request: 0.000031 seconds.
  path: Assets/Scenes/CatBorg Studio/3D Dungeon Lowpoly Pack/Models/02_Kitchen_01_CuttingBoard.fbx
  artifactKey: Guid(2aca63611f404414daf3fd813acac052) Importer(2089858483,192608db42251d675da83286b1cce702)
Start importing Assets/Scenes/CatBorg Studio/3D Dungeon Lowpoly Pack/Models/02_Kitchen_01_CuttingBoard.fbx using Guid(2aca63611f404414daf3fd813acac052) Importer(2089858483,192608db42251d675da83286b1cce702) (ScriptedImporter) -> (artifact id: '9b5da4ded5ff3d95985f95ccfad8d933') in 0.0436775 seconds
Number of updated asset objects reloaded before import = 0Number of asset objects unloaded after import = 8

========================================================================
Received Import Request.
  Time since last request: 0.000023 seconds.
  path: Assets/Scenes/CatBorg Studio/3D Dungeon Lowpoly Pack/Prefabs/01_DiningHall_01_Cup#2.prefab
  artifactKey: Guid(c64bf04713b5e0549b27844ba6bfc9c9) Importer(2089858483,192608db42251d675da83286b1cce702)
Start importing Assets/Scenes/CatBorg Studio/3D Dungeon Lowpoly Pack/Prefabs/01_DiningHall_01_Cup#2.prefab using Guid(c64bf04713b5e0549b27844ba6bfc9c9) Importer(2089858483,192608db42251d675da83286b1cce702) (ScriptedImporter) -> (artifact id: '81c730d156566896710576ccc3b8f54f') in 0.0799836 seconds
Number of updated asset objects reloaded before import = 0Number of asset objects unloaded after import = 8

========================================================================
Received Import Request.
  Time since last request: 0.000020 seconds.
  path: Assets/Scenes/CatBorg Studio/3D Dungeon Lowpoly Pack/Prefabs/01_Library_01_BookShelve_1.prefab
  artifactKey: Guid(34883640f89bba84885fe5885c21fa37) Importer(2089858483,192608db42251d675da83286b1cce702)
Start importing Assets/Scenes/CatBorg Studio/3D Dungeon Lowpoly Pack/Prefabs/01_Library_01_BookShelve_1.prefab using Guid(34883640f89bba84885fe5885c21fa37) Importer(2089858483,192608db42251d675da83286b1cce702) (ScriptedImporter) -> (artifact id: '2e4ec8f000982ea2c3255df2b474fa42') in 0.0603757 seconds
Number of updated asset objects reloaded before import = 0Number of asset objects unloaded after import = 8

========================================================================
Received Import Request.
  Time since last request: 0.000028 seconds.
  path: Assets/Scenes/CatBorg Studio/3D Dungeon Lowpoly Pack/Models/03_Blacksmith_01_GrindingWheel_Wheel.fbx
  artifactKey: Guid(c4218bbde1775dc488ffca256521fe4b) Importer(2089858483,192608db42251d675da83286b1cce702)
Start importing Assets/Scenes/CatBorg Studio/3D Dungeon Lowpoly Pack/Models/03_Blacksmith_01_GrindingWheel_Wheel.fbx using Guid(c4218bbde1775dc488ffca256521fe4b) Importer(2089858483,192608db42251d675da83286b1cce702) (ScriptedImporter) -> (artifact id: 'a3a1c853983aec296bf6974fd87e5fa7') in 0.0560455 seconds
Number of updated asset objects reloaded before import = 0Number of asset objects unloaded after import = 8

========================================================================
Received Import Request.
  Time since last request: 0.000027 seconds.
  path: Assets/Lab2 - Copy/BTM_Assets/BTM_Items_Gems/Prefabs/GoldBar.prefab
  artifactKey: Guid(744d1ae3c9575e3499e29a4b6f9f41c7) Importer(2089858483,192608db42251d675da83286b1cce702)
Start importing Assets/Lab2 - Copy/BTM_Assets/BTM_Items_Gems/Prefabs/GoldBar.prefab using Guid(744d1ae3c9575e3499e29a4b6f9f41c7) Importer(2089858483,192608db42251d675da83286b1cce702) (ScriptedImporter) -> (artifact id: '18f820121d7f88880eb337e0daabd519') in 0.0725306 seconds
Number of updated asset objects reloaded before import = 0Number of asset objects unloaded after import = 14

========================================================================
Received Import Request.
  Time since last request: 0.000029 seconds.
  path: Assets/Scenes/CatBorg Studio/3D Dungeon Lowpoly Pack/Prefabs/03_Blacksmith_01_Anvil.prefab
  artifactKey: Guid(6c4f80978ba9d5643881d5508aee3dba) Importer(2089858483,192608db42251d675da83286b1cce702)
Start importing Assets/Scenes/CatBorg Studio/3D Dungeon Lowpoly Pack/Prefabs/03_Blacksmith_01_Anvil.prefab using Guid(6c4f80978ba9d5643881d5508aee3dba) Importer(2089858483,192608db42251d675da83286b1cce702) (ScriptedImporter) -> (artifact id: '05c63bbc6fa3065ccd94e5414dc7f242') in 0.0715976 seconds
Number of updated asset objects reloaded before import = 0Number of asset objects unloaded after import = 8

========================================================================
Received Import Request.
  Time since last request: 0.000027 seconds.
  path: Assets/Scenes/CatBorg Studio/3D Dungeon Lowpoly Pack/Prefabs/01_Library_01_Desk#1.prefab
  artifactKey: Guid(d9691ccd0f8b8614aba757fa4b4cdf8b) Importer(2089858483,192608db42251d675da83286b1cce702)
Start importing Assets/Scenes/CatBorg Studio/3D Dungeon Lowpoly Pack/Prefabs/01_Library_01_Desk#1.prefab using Guid(d9691ccd0f8b8614aba757fa4b4cdf8b) Importer(2089858483,192608db42251d675da83286b1cce702) (ScriptedImporter) -> (artifact id: 'd415a1dac61c788e8e62d80838894e3d') in 0.092759 seconds
Number of updated asset objects reloaded before import = 0Number of asset objects unloaded after import = 8

========================================================================
Received Import Request.
  Time since last request: 0.000020 seconds.
  path: Assets/Scenes/CatBorg Studio/3D Dungeon Lowpoly Pack/Prefabs/03_Blacksmith_01_AnvilStand.prefab
  artifactKey: Guid(a20ce41344aafe441a6a2effbc752c3e) Importer(2089858483,192608db42251d675da83286b1cce702)
Start importing Assets/Scenes/CatBorg Studio/3D Dungeon Lowpoly Pack/Prefabs/03_Blacksmith_01_AnvilStand.prefab using Guid(a20ce41344aafe441a6a2effbc752c3e) Importer(2089858483,192608db42251d675da83286b1cce702) (ScriptedImporter) -> (artifact id: 'db4db1743f4e48a334b7504edce3a0ea') in 0.0619454 seconds
Number of updated asset objects reloaded before import = 0Number of asset objects unloaded after import = 8

========================================================================
Received Import Request.
  Time since last request: 0.000022 seconds.
  path: Assets/FreeDragons/Materials/Skybox_Mat.mat
  artifactKey: Guid(03fa2b9871fd84540a5f7f3697104c30) Importer(2089858483,192608db42251d675da83286b1cce702)
Start importing Assets/FreeDragons/Materials/Skybox_Mat.mat using Guid(03fa2b9871fd84540a5f7f3697104c30) Importer(2089858483,192608db42251d675da83286b1cce702) (ScriptedImporter) -> (artifact id: 'b26fd69868d2aafd46b2d804a5ce3d55') in 0.0468032 seconds
Number of updated asset objects reloaded before import = 0Number of asset objects unloaded after import = 1

========================================================================
Received Import Request.
  Time since last request: 0.000025 seconds.
  path: Assets/Scenes/CatBorg Studio/3D Dungeon Lowpoly Pack/Prefabs/04_Bedroom_01_Matrace_ForBeed_2.prefab
  artifactKey: Guid(fa8c17aa3090c2a4e993067b09233bb2) Importer(2089858483,192608db42251d675da83286b1cce702)
Start importing Assets/Scenes/CatBorg Studio/3D Dungeon Lowpoly Pack/Prefabs/04_Bedroom_01_Matrace_ForBeed_2.prefab using Guid(fa8c17aa3090c2a4e993067b09233bb2) Importer(2089858483,192608db42251d675da83286b1cce702) (ScriptedImporter) -> (artifact id: '4f68434a219f6b258befe7565a9cd566') in 0.0781246 seconds
Number of updated asset objects reloaded before import = 0Number of asset objects unloaded after import = 8

========================================================================
Received Import Request.
  Time since last request: 0.000018 seconds.
  path: Assets/Scenes/CatBorg Studio/3D Dungeon Lowpoly Pack/Prefabs/03_Blacksmith_01_Hammer#2.prefab
  artifactKey: Guid(d71513e356a6264478e901eb30867760) Importer(2089858483,192608db42251d675da83286b1cce702)
Start importing Assets/Scenes/CatBorg Studio/3D Dungeon Lowpoly Pack/Prefabs/03_Blacksmith_01_Hammer#2.prefab using Guid(d71513e356a6264478e901eb30867760) Importer(2089858483,192608db42251d675da83286b1cce702) (ScriptedImporter) -> (artifact id: '4d15e676af0f8098794b3e1cf3f886a6') in 0.0737238 seconds
Number of updated asset objects reloaded before import = 0Number of asset objects unloaded after import = 8

========================================================================
Received Import Request.
  Time since last request: 0.000023 seconds.
  path: Assets/Scenes/CatBorg Studio/3D Dungeon Lowpoly Pack/Prefabs/03_Blacksmith_01_CooperBar.prefab
  artifactKey: Guid(d9c87df41475ca343b77b12b71160898) Importer(2089858483,192608db42251d675da83286b1cce702)
Start importing Assets/Scenes/CatBorg Studio/3D Dungeon Lowpoly Pack/Prefabs/03_Blacksmith_01_CooperBar.prefab using Guid(d9c87df41475ca343b77b12b71160898) Importer(2089858483,192608db42251d675da83286b1cce702) (ScriptedImporter) -> (artifact id: '1a919ebe06b2679aa60b34764cec5eeb') in 0.0901758 seconds
Number of updated asset objects reloaded before import = 0Number of asset objects unloaded after import = 8

========================================================================
Received Import Request.
  Time since last request: 0.000026 seconds.
  path: Assets/Scenes/CatBorg Studio/3D Dungeon Lowpoly Pack/Prefabs/03_Blacksmith_01_Forge.prefab
  artifactKey: Guid(375aacc276d724f41b0baa76221478d3) Importer(2089858483,192608db42251d675da83286b1cce702)
Start importing Assets/Scenes/CatBorg Studio/3D Dungeon Lowpoly Pack/Prefabs/03_Blacksmith_01_Forge.prefab using Guid(375aacc276d724f41b0baa76221478d3) Importer(2089858483,192608db42251d675da83286b1cce702) (ScriptedImporter) -> (artifact id: 'c63775429cee737a1a760d1ea6f7b367') in 0.0766135 seconds
Number of updated asset objects reloaded before import = 0Number of asset objects unloaded after import = 8

========================================================================
Received Import Request.
  Time since last request: 0.000017 seconds.
  path: Assets/Scenes/CatBorg Studio/3D Dungeon Lowpoly Pack/Prefabs/96_Traps_Trap_Cannon.prefab
  artifactKey: Guid(ba998d105a9565c448068e6ed8407858) Importer(2089858483,192608db42251d675da83286b1cce702)
Start importing Assets/Scenes/CatBorg Studio/3D Dungeon Lowpoly Pack/Prefabs/96_Traps_Trap_Cannon.prefab using Guid(ba998d105a9565c448068e6ed8407858) Importer(2089858483,192608db42251d675da83286b1cce702) (ScriptedImporter) -> (artifact id: 'e18b826529bd5b1e1aba355d3a3f95ef') in 0.0982919 seconds
Number of updated asset objects reloaded before import = 0Number of asset objects unloaded after import = 8

========================================================================
Received Import Request.
  Time since last request: 0.000022 seconds.
  path: Assets/Scenes/CatBorg Studio/3D Dungeon Lowpoly Pack/Prefabs/97_Othert_Amphora_Whole.prefab
  artifactKey: Guid(f2b7b9eae59666f479897a6d26d6850f) Importer(2089858483,192608db42251d675da83286b1cce702)
Start importing Assets/Scenes/CatBorg Studio/3D Dungeon Lowpoly Pack/Prefabs/97_Othert_Amphora_Whole.prefab using Guid(f2b7b9eae59666f479897a6d26d6850f) Importer(2089858483,192608db42251d675da83286b1cce702) (ScriptedImporter) -> (artifact id: '671abdf9b5aedacfcf7e2dd0a9589678') in 0.0647503 seconds
Number of updated asset objects reloaded before import = 0Number of asset objects unloaded after import = 14

========================================================================
Received Import Request.
  Time since last request: 0.000029 seconds.
  path: Assets/Scenes/CatBorg Studio/3D Dungeon Lowpoly Pack/Prefabs/97_Othert_Barrel_Whole.prefab
  artifactKey: Guid(3ddfb275a6af7b54aa0decd735ed4b47) Importer(2089858483,192608db42251d675da83286b1cce702)
Start importing Assets/Scenes/CatBorg Studio/3D Dungeon Lowpoly Pack/Prefabs/97_Othert_Barrel_Whole.prefab using Guid(3ddfb275a6af7b54aa0decd735ed4b47) Importer(2089858483,192608db42251d675da83286b1cce702) (ScriptedImporter) -> (artifact id: 'b955f3f06d1ac45b8493669ca668f952') in 0.0970247 seconds
Number of updated asset objects reloaded before import = 0Number of asset objects unloaded after import = 8

========================================================================
Received Import Request.
  Time since last request: 0.000023 seconds.
  path: Assets/Scenes/CatBorg Studio/3D Dungeon Lowpoly Pack/Prefabs/97_Othert_Star.prefab
  artifactKey: Guid(41540e7a0878dde4eba304e204da13e2) Importer(2089858483,192608db42251d675da83286b1cce702)
Start importing Assets/Scenes/CatBorg Studio/3D Dungeon Lowpoly Pack/Prefabs/97_Othert_Star.prefab using Guid(41540e7a0878dde4eba304e204da13e2) Importer(2089858483,192608db42251d675da83286b1cce702) (ScriptedImporter) -> (artifact id: 'bcc476e95cbff2ea15e9168656d913e6') in 0.075397 seconds
Number of updated asset objects reloaded before import = 0Number of asset objects unloaded after import = 8

========================================================================
Received Import Request.
  Time since last request: 0.000021 seconds.
  path: Assets/Scenes/CatBorg Studio/3D Dungeon Lowpoly Pack/Prefabs/99_Enviroment_Column_Rocky_1.prefab
  artifactKey: Guid(f58268a6683cb49408153b9982f987ec) Importer(2089858483,192608db42251d675da83286b1cce702)
Start importing Assets/Scenes/CatBorg Studio/3D Dungeon Lowpoly Pack/Prefabs/99_Enviroment_Column_Rocky_1.prefab using Guid(f58268a6683cb49408153b9982f987ec) Importer(2089858483,192608db42251d675da83286b1cce702) (ScriptedImporter) -> (artifact id: '9bc7eb2ee1e730b44d7429eb6bc0828c') in 0.0691084 seconds
Number of updated asset objects reloaded before import = 0Number of asset objects unloaded after import = 8

========================================================================
Received Import Request.
  Time since last request: 0.000032 seconds.
  path: Assets/Scenes/CatBorg Studio/3D Dungeon Lowpoly Pack/Prefabs/97_Othert_PracticeTarget.prefab
  artifactKey: Guid(31d2c60b47169154b9e7a30684368870) Importer(2089858483,192608db42251d675da83286b1cce702)
Start importing Assets/Scenes/CatBorg Studio/3D Dungeon Lowpoly Pack/Prefabs/97_Othert_PracticeTarget.prefab using Guid(31d2c60b47169154b9e7a30684368870) Importer(2089858483,192608db42251d675da83286b1cce702) (ScriptedImporter) -> (artifact id: 'c20c3d0fce8f474c7fc8388bbd63bb77') in 0.0734839 seconds
Number of updated asset objects reloaded before import = 0Number of asset objects unloaded after import = 8

========================================================================
Received Import Request.
  Time since last request: 0.000019 seconds.
  path: Assets/Scenes/CatBorg Studio/3D Dungeon Lowpoly Pack/Prefabs/99_Decorations_WallBanner_3.prefab
  artifactKey: Guid(7c1dbcbcfea187d42a727e490753b135) Importer(2089858483,192608db42251d675da83286b1cce702)
Start importing Assets/Scenes/CatBorg Studio/3D Dungeon Lowpoly Pack/Prefabs/99_Decorations_WallBanner_3.prefab using Guid(7c1dbcbcfea187d42a727e490753b135) Importer(2089858483,192608db42251d675da83286b1cce702) (ScriptedImporter) -> (artifact id: 'e03aa2300441960bc7af5b4f3523f8de') in 0.0727411 seconds
Number of updated asset objects reloaded before import = 0Number of asset objects unloaded after import = 8

========================================================================
Received Import Request.
  Time since last request: 0.000021 seconds.
  path: Assets/Scenes/CatBorg Studio/3D Dungeon Lowpoly Pack/Prefabs/99_Enviroment_Stears.prefab
  artifactKey: Guid(f2799c2d549259841b9b95372363edc2) Importer(2089858483,192608db42251d675da83286b1cce702)
Start importing Assets/Scenes/CatBorg Studio/3D Dungeon Lowpoly Pack/Prefabs/99_Enviroment_Stears.prefab using Guid(f2799c2d549259841b9b95372363edc2) Importer(2089858483,192608db42251d675da83286b1cce702) (ScriptedImporter) -> (artifact id: '8bbe5946e73daa1304d192a6818c8bb1') in 0.0764761 seconds
Number of updated asset objects reloaded before import = 0Number of asset objects unloaded after import = 8

========================================================================
Received Import Request.
  Time since last request: 0.000040 seconds.
  path: Assets/Scenes/CatBorg Studio/3D Dungeon Lowpoly Pack/Scenes/DemoScene_Room3.unity
  artifactKey: Guid(b2c3b81ec9cc2d24ba16add4044a73f3) Importer(2089858483,192608db42251d675da83286b1cce702)
Start importing Assets/Scenes/CatBorg Studio/3D Dungeon Lowpoly Pack/Scenes/DemoScene_Room3.unity using Guid(b2c3b81ec9cc2d24ba16add4044a73f3) Importer(2089858483,192608db42251d675da83286b1cce702) (ScriptedImporter) -> (artifact id: 'faed4ba93ee7dbf4feac8aff52aee69d') in 0.0570508 seconds
Number of updated asset objects reloaded before import = 0Number of asset objects unloaded after import = 1

========================================================================
Received Import Request.
  Time since last request: 0.000022 seconds.
  path: Assets/Scenes/CatBorg Studio/3D Dungeon Lowpoly Pack/Prefabs/99_Enviroment_DoorsFake#1.prefab
  artifactKey: Guid(3f502d62a2f0dba418858bf9e609c6d1) Importer(2089858483,192608db42251d675da83286b1cce702)
Start importing Assets/Scenes/CatBorg Studio/3D Dungeon Lowpoly Pack/Prefabs/99_Enviroment_DoorsFake#1.prefab using Guid(3f502d62a2f0dba418858bf9e609c6d1) Importer(2089858483,192608db42251d675da83286b1cce702) (ScriptedImporter) -> (artifact id: '29c4c7691895cceee51abbb8629399a8') in 0.071342 seconds
Number of updated asset objects reloaded before import = 0Number of asset objects unloaded after import = 8

========================================================================
Received Import Request.
  Time since last request: 0.000021 seconds.
  path: Assets/FreeDragons/Prefab/DragonSoulEaterHP/DragonSoulEaterPurpleHP.prefab
  artifactKey: Guid(d49b3de70b15bcc4c92b72c9d8610ebc) Importer(2089858483,192608db42251d675da83286b1cce702)
Start importing Assets/FreeDragons/Prefab/DragonSoulEaterHP/DragonSoulEaterPurpleHP.prefab using Guid(d49b3de70b15bcc4c92b72c9d8610ebc) Importer(2089858483,192608db42251d675da83286b1cce702) (ScriptedImporter) -> (artifact id: '12346b2bc7f81f761f0a5dcc7cdca7c0') in 0.1038112 seconds
Number of updated asset objects reloaded before import = 0Number of asset objects unloaded after import = 185

========================================================================
Received Import Request.
  Time since last request: 0.000039 seconds.
  path: Assets/Scenes/CatBorg Studio/3D Dungeon Lowpoly Pack/Prefabs/05_Vault_01_Coin#1.prefab
  artifactKey: Guid(4296b59400a9273488a86c13f4600e9a) Importer(2089858483,192608db42251d675da83286b1cce702)
Start importing Assets/Scenes/CatBorg Studio/3D Dungeon Lowpoly Pack/Prefabs/05_Vault_01_Coin#1.prefab using Guid(4296b59400a9273488a86c13f4600e9a) Importer(2089858483,192608db42251d675da83286b1cce702) (ScriptedImporter) -> (artifact id: '94e0fed1556238b4b933b3cbb32d9006') in 0.0953176 seconds
Number of updated asset objects reloaded before import = 0Number of asset objects unloaded after import = 8

========================================================================
Received Import Request.
  Time since last request: 0.000024 seconds.
  path: Assets/Scenes/CatBorg Studio/3D Dungeon Lowpoly Pack/Prefabs/04_Bedroom_01_Beed_4.prefab
  artifactKey: Guid(3663fe85de2b3634e8ec440c8b8c3dca) Importer(2089858483,192608db42251d675da83286b1cce702)
Start importing Assets/Scenes/CatBorg Studio/3D Dungeon Lowpoly Pack/Prefabs/04_Bedroom_01_Beed_4.prefab using Guid(3663fe85de2b3634e8ec440c8b8c3dca) Importer(2089858483,192608db42251d675da83286b1cce702) (ScriptedImporter) -> (artifact id: 'ebc38ddd5229bd4f7f39df3f185be560') in 0.0775621 seconds
Number of updated asset objects reloaded before import = 0Number of asset objects unloaded after import = 8

========================================================================
Received Import Request.
  Time since last request: 0.000040 seconds.
  path: Assets/Lab2 - Copy/BTM_Assets/BTM_Items_Gems/Models/Trophy.fbx
  artifactKey: Guid(d0958d2a40711a441af583beb71f5bf1) Importer(2089858483,192608db42251d675da83286b1cce702)
Start importing Assets/Lab2 - Copy/BTM_Assets/BTM_Items_Gems/Models/Trophy.fbx using Guid(d0958d2a40711a441af583beb71f5bf1) Importer(2089858483,192608db42251d675da83286b1cce702) (ScriptedImporter) -> (artifact id: 'a35345df92ca34b849d4118260b6c889') in 0.0502975 seconds
Number of updated asset objects reloaded before import = 0Number of asset objects unloaded after import = 9

========================================================================
Received Import Request.
  Time since last request: 0.000032 seconds.
  path: Assets/Scenes/CatBorg Studio/3D Dungeon Lowpoly Pack/Models/02_Kitchen_01_WoodenTable#2.fbx
  artifactKey: Guid(ea28e5713c123c647a7bcfd73549184c) Importer(2089858483,192608db42251d675da83286b1cce702)
Start importing Assets/Scenes/CatBorg Studio/3D Dungeon Lowpoly Pack/Models/02_Kitchen_01_WoodenTable#2.fbx using Guid(ea28e5713c123c647a7bcfd73549184c) Importer(2089858483,192608db42251d675da83286b1cce702) (ScriptedImporter) -> (artifact id: 'd5cb93dce36c0dc32ab166475e66b5b4') in 0.0389532 seconds
Number of updated asset objects reloaded before import = 0Number of asset objects unloaded after import = 8

========================================================================
Received Import Request.
  Time since last request: 0.000020 seconds.
  path: Assets/Scenes/CatBorg Studio/3D Dungeon Lowpoly Pack/Prefabs/05_Vault_01_Chest_Bottom#1.prefab
  artifactKey: Guid(ceddce4fa21192b4894d7164957a9fa9) Importer(2089858483,192608db42251d675da83286b1cce702)
Start importing Assets/Scenes/CatBorg Studio/3D Dungeon Lowpoly Pack/Prefabs/05_Vault_01_Chest_Bottom#1.prefab using Guid(ceddce4fa21192b4894d7164957a9fa9) Importer(2089858483,192608db42251d675da83286b1cce702) (ScriptedImporter) -> (artifact id: '79028e613bf27b1a5b4b520705b1a61e') in 0.0805147 seconds
Number of updated asset objects reloaded before import = 0Number of asset objects unloaded after import = 8

========================================================================
Received Import Request.
  Time since last request: 0.000023 seconds.
  path: Assets/Lab2 - Copy/BTM_Assets/BTM_Items_Gems/Models/Star.fbx
  artifactKey: Guid(884dae88488f6644cad764894920f5ba) Importer(2089858483,192608db42251d675da83286b1cce702)
Start importing Assets/Lab2 - Copy/BTM_Assets/BTM_Items_Gems/Models/Star.fbx using Guid(884dae88488f6644cad764894920f5ba) Importer(2089858483,192608db42251d675da83286b1cce702) (ScriptedImporter) -> (artifact id: 'dc93055283d2a3f8c9a834db2bf7934c') in 0.0447897 seconds
Number of updated asset objects reloaded before import = 0Number of asset objects unloaded after import = 9

========================================================================
Received Import Request.
  Time since last request: 0.000037 seconds.
  path: Assets/FreeDragons/Prefab/DragonSoulEaterPBR/DragonSoulEaterPurplePBR.prefab
  artifactKey: Guid(0bdbbc31102770146858004072a8752a) Importer(2089858483,192608db42251d675da83286b1cce702)
Start importing Assets/FreeDragons/Prefab/DragonSoulEaterPBR/DragonSoulEaterPurplePBR.prefab using Guid(0bdbbc31102770146858004072a8752a) Importer(2089858483,192608db42251d675da83286b1cce702) (ScriptedImporter) -> (artifact id: '152233e97442cb04e1a385aeea5bc3e5') in 0.0776497 seconds
Number of updated asset objects reloaded before import = 0Number of asset objects unloaded after import = 185

========================================================================
Received Import Request.
  Time since last request: 0.000025 seconds.
  path: Assets/Scenes/CatBorg Studio/3D Dungeon Lowpoly Pack/Prefabs/97_Othert_Key_Red.prefab
  artifactKey: Guid(fb7a8fe8399823041b978461ce797a7f) Importer(2089858483,192608db42251d675da83286b1cce702)
Start importing Assets/Scenes/CatBorg Studio/3D Dungeon Lowpoly Pack/Prefabs/97_Othert_Key_Red.prefab using Guid(fb7a8fe8399823041b978461ce797a7f) Importer(2089858483,192608db42251d675da83286b1cce702) (ScriptedImporter) -> (artifact id: 'd934a8d90405362261f1899a81194215') in 0.0799008 seconds
Number of updated asset objects reloaded before import = 0Number of asset objects unloaded after import = 8

========================================================================
Received Import Request.
  Time since last request: 0.000020 seconds.
  path: Assets/Scenes/CatBorg Studio/3D Dungeon Lowpoly Pack/Prefabs/01_Library_01_BookShelve_2.prefab
  artifactKey: Guid(29b8208c0e96a224ba307748030ef061) Importer(2089858483,192608db42251d675da83286b1cce702)
Start importing Assets/Scenes/CatBorg Studio/3D Dungeon Lowpoly Pack/Prefabs/01_Library_01_BookShelve_2.prefab using Guid(29b8208c0e96a224ba307748030ef061) Importer(2089858483,192608db42251d675da83286b1cce702) (ScriptedImporter) -> (artifact id: '6ea446c5e200a2844bd6b19a386776c6') in 0.0688935 seconds
Number of updated asset objects reloaded before import = 0Number of asset objects unloaded after import = 8

========================================================================
Received Import Request.
  Time since last request: 0.000028 seconds.
  path: Assets/FreeDragons/Materials/DragonBoarPBR/RedPBR.mat
  artifactKey: Guid(73c9ddefc022e2c4d8dc53890b1738b0) Importer(2089858483,192608db42251d675da83286b1cce702)
Start importing Assets/FreeDragons/Materials/DragonBoarPBR/RedPBR.mat using Guid(73c9ddefc022e2c4d8dc53890b1738b0) Importer(2089858483,192608db42251d675da83286b1cce702) (ScriptedImporter) -> (artifact id: 'cc02136f87c00c294f42176259da5b6e') in 0.1592531 seconds
Number of updated asset objects reloaded before import = 0Number of asset objects unloaded after import = 6

========================================================================
Received Import Request.
  Time since last request: 0.000027 seconds.
  path: Assets/FreeDragons/Animations/DragonBoar/HornAttack.fbx
  artifactKey: Guid(3496cda763ff70b40aeed94cf510c9db) Importer(2089858483,192608db42251d675da83286b1cce702)
Start importing Assets/FreeDragons/Animations/DragonBoar/HornAttack.fbx using Guid(3496cda763ff70b40aeed94cf510c9db) Importer(2089858483,192608db42251d675da83286b1cce702) (ScriptedImporter) -> (artifact id: '01bc44378401c48ccab36e89983d1ad6') in 0.0434655 seconds
Number of updated asset objects reloaded before import = 0Number of asset objects unloaded after import = 91

========================================================================
Received Import Request.
  Time since last request: 0.000034 seconds.
  path: Assets/Settings - Copy/SampleSceneProfile.asset
  artifactKey: Guid(10fc4df2da32a41aaa32d77bc913491c) Importer(2089858483,192608db42251d675da83286b1cce702)
Start importing Assets/Settings - Copy/SampleSceneProfile.asset using Guid(10fc4df2da32a41aaa32d77bc913491c) Importer(2089858483,192608db42251d675da83286b1cce702) (ScriptedImporter) -> (artifact id: '986e349d3bdef1fb608dfc78d2e03919') in 0.025105 seconds
Number of updated asset objects reloaded before import = 0Number of asset objects unloaded after import = 1

========================================================================
Received Import Request.
  Time since last request: 0.000018 seconds.
  path: Assets/Scenes/CatBorg Studio/3D Dungeon Lowpoly Pack/Models/05_Vault_01_Coin#1.fbx
  artifactKey: Guid(730dc2970670b094abbc0cbe2549e189) Importer(2089858483,192608db42251d675da83286b1cce702)
Start importing Assets/Scenes/CatBorg Studio/3D Dungeon Lowpoly Pack/Models/05_Vault_01_Coin#1.fbx using Guid(730dc2970670b094abbc0cbe2549e189) Importer(2089858483,192608db42251d675da83286b1cce702) (ScriptedImporter) -> (artifact id: 'dd8671a341b65b0b01e6ff541bd5f4f7') in 0.0351263 seconds
Number of updated asset objects reloaded before import = 0Number of asset objects unloaded after import = 8

========================================================================
Received Import Request.
  Time since last request: 0.000019 seconds.
  path: Assets/Lab2 - Copy/BTM_Assets/BTM_Items_Gems/Prefabs/Ruby.prefab
  artifactKey: Guid(e61c9a4b7ad4e684f9866d27135607f5) Importer(2089858483,192608db42251d675da83286b1cce702)
Start importing Assets/Lab2 - Copy/BTM_Assets/BTM_Items_Gems/Prefabs/Ruby.prefab using Guid(e61c9a4b7ad4e684f9866d27135607f5) Importer(2089858483,192608db42251d675da83286b1cce702) (ScriptedImporter) -> (artifact id: '4bcf21fc71228113ccf073d9493cf1f5') in 0.0795624 seconds
Number of updated asset objects reloaded before import = 0Number of asset objects unloaded after import = 15

========================================================================
Received Import Request.
  Time since last request: 0.000026 seconds.
  path: Assets/Scenes/CatBorg Studio/3D Dungeon Lowpoly Pack/Prefabs/03_Blacksmith_01_IronBar.prefab
  artifactKey: Guid(793d90f1b3ced354d80bd73df4e73c1e) Importer(2089858483,192608db42251d675da83286b1cce702)
Start importing Assets/Scenes/CatBorg Studio/3D Dungeon Lowpoly Pack/Prefabs/03_Blacksmith_01_IronBar.prefab using Guid(793d90f1b3ced354d80bd73df4e73c1e) Importer(2089858483,192608db42251d675da83286b1cce702) (ScriptedImporter) -> (artifact id: '785e3eee73aba6615a28d3edf4c95959') in 0.071699 seconds
Number of updated asset objects reloaded before import = 0Number of asset objects unloaded after import = 8

========================================================================
Received Import Request.
  Time since last request: 0.000028 seconds.
  path: Assets/Lab2 - Copy/BTM_Assets/BTM_Items_Gems/Models/Thunder.fbx
  artifactKey: Guid(2de2c222b32b72b4885aa6fd8e8c8ec9) Importer(2089858483,192608db42251d675da83286b1cce702)
Start importing Assets/Lab2 - Copy/BTM_Assets/BTM_Items_Gems/Models/Thunder.fbx using Guid(2de2c222b32b72b4885aa6fd8e8c8ec9) Importer(2089858483,192608db42251d675da83286b1cce702) (ScriptedImporter) -> (artifact id: '1d99e03cc502dc8594c81f590f111fa4') in 0.0323214 seconds
Number of updated asset objects reloaded before import = 0Number of asset objects unloaded after import = 9

========================================================================
Received Import Request.
  Time since last request: 0.000019 seconds.
  path: Assets/Scenes/CatBorg Studio/3D Dungeon Lowpoly Pack/Models/03_Blacksmith_01_WoodenRack.fbx
  artifactKey: Guid(74258af40b59d2c47b99e97512ea457a) Importer(2089858483,192608db42251d675da83286b1cce702)
Start importing Assets/Scenes/CatBorg Studio/3D Dungeon Lowpoly Pack/Models/03_Blacksmith_01_WoodenRack.fbx using Guid(74258af40b59d2c47b99e97512ea457a) Importer(2089858483,192608db42251d675da83286b1cce702) (ScriptedImporter) -> (artifact id: 'a9a409da64eea80986b62cac0476dd3e') in 0.0366489 seconds
Number of updated asset objects reloaded before import = 0Number of asset objects unloaded after import = 9

========================================================================
Received Import Request.
  Time since last request: 0.000018 seconds.
  path: Assets/Lab2 - Copy/BTM_Assets/BTM_Items_Gems/Prefabs/BluePotion.prefab
  artifactKey: Guid(67ebebe313b325b49a8c33c825bdabe5) Importer(2089858483,192608db42251d675da83286b1cce702)
Start importing Assets/Lab2 - Copy/BTM_Assets/BTM_Items_Gems/Prefabs/BluePotion.prefab using Guid(67ebebe313b325b49a8c33c825bdabe5) Importer(2089858483,192608db42251d675da83286b1cce702) (ScriptedImporter) -> (artifact id: '568811c6833fbeb402a43ae29741eb29') in 0.0763274 seconds
Number of updated asset objects reloaded before import = 0Number of asset objects unloaded after import = 15

========================================================================
Received Import Request.
  Time since last request: 0.000026 seconds.
  path: Assets/Scenes/CatBorg Studio/3D Dungeon Lowpoly Pack/Models/01_Library_01_BookSmall_Blue.fbx
  artifactKey: Guid(e9a3ca9aa7a65b6478a6e2b4e24357fc) Importer(2089858483,192608db42251d675da83286b1cce702)
Start importing Assets/Scenes/CatBorg Studio/3D Dungeon Lowpoly Pack/Models/01_Library_01_BookSmall_Blue.fbx using Guid(e9a3ca9aa7a65b6478a6e2b4e24357fc) Importer(2089858483,192608db42251d675da83286b1cce702) (ScriptedImporter) -> (artifact id: '25e33d48b5522e9680f85d8b8835dfe5') in 0.0378047 seconds
Number of updated asset objects reloaded before import = 0Number of asset objects unloaded after import = 8

========================================================================
Received Import Request.
  Time since last request: 0.000030 seconds.
  path: Assets/Scenes/CatBorg Studio/3D Dungeon Lowpoly Pack/Models/04_Bedroom_01_Beed_1.fbx
  artifactKey: Guid(0ac93ca44e3d53f4ca0e022fdb13ee3f) Importer(2089858483,192608db42251d675da83286b1cce702)
Start importing Assets/Scenes/CatBorg Studio/3D Dungeon Lowpoly Pack/Models/04_Bedroom_01_Beed_1.fbx using Guid(0ac93ca44e3d53f4ca0e022fdb13ee3f) Importer(2089858483,192608db42251d675da83286b1cce702) (ScriptedImporter) -> (artifact id: '024298aaac839f6b37a3869e98fdb86d') in 0.0275686 seconds
Number of updated asset objects reloaded before import = 0Number of asset objects unloaded after import = 8

========================================================================
Received Prepare
Begin MonoManager ReloadAssembly
[Licensing::Client] Successfully resolved entitlement details
- Loaded All Assemblies, in  0.847 seconds
Refreshing native plugins compatible for Editor in 1.42 ms, found 3 plugins.
Native extension for WindowsStandalone target not found
[Package Manager] Failed to launch server process. Reason: Unity was launched with the -noUpm command-line argument
[Package Manager] Unable to send message (not connected to server process).
[Package Manager] Cannot connect to Unity Package Manager local server
Mono: successfully reloaded assembly
- Finished resetting the current domain, in  0.858 seconds
Domain Reload Profiling: 1705ms
	BeginReloadAssembly (249ms)
		ExecutionOrderSort (0ms)
		DisableScriptedObjects (7ms)
		BackupInstance (0ms)
		ReleaseScriptingObjects (0ms)
		CreateAndSetChildDomain (63ms)
	RebuildCommonClasses (48ms)
	RebuildNativeTypeToScriptingClass (20ms)
	initialDomainReloadingComplete (34ms)
	LoadAllAssembliesAndSetupDomain (494ms)
		LoadAssemblies (409ms)
		RebuildTransferFunctionScriptingTraits (0ms)
		AnalyzeDomain (190ms)
			TypeCache.Refresh (10ms)
				TypeCache.ScanAssembly (0ms)
			BuildScriptInfoCaches (164ms)
			ResolveRequiredComponents (11ms)
	FinalizeReload (858ms)
		ReleaseScriptCaches (0ms)
		RebuildScriptCaches (0ms)
		SetupLoadedEditorAssemblies (679ms)
			LogAssemblyErrors (0ms)
			InitializePlatformSupportModulesInManaged (3ms)
			SetLoadedEditorAssemblies (7ms)
			BeforeProcessingInitializeOnLoad (201ms)
			ProcessInitializeOnLoadAttributes (399ms)
			ProcessInitializeOnLoadMethodAttributes (63ms)
			AfterProcessingInitializeOnLoad (6ms)
			EditorAssembliesLoaded (0ms)
		ExecutionOrderSort2 (0ms)
		AwakeInstancesAfterBackupRestoration (15ms)
Refreshing native plugins compatible for Editor in 1.40 ms, found 3 plugins.
Preloading 0 native plugins for Editor in 0.00 ms.
Unloading 13 Unused Serialized files (Serialized files now loaded: 0)
Unloading 6115 unused Assets / (4.0 MB). Loaded Objects now: 6833.
Memory consumption went from 143.8 MB to 139.8 MB.
Total: 7.397100 ms (FindLiveObjects: 0.519800 ms CreateObjectMapping: 0.312900 ms MarkObjects: 4.429200 ms  DeleteObjects: 2.134000 ms)

Prepare: number of updated asset objects reloaded= 0
========================================================================
Received Prepare
Refreshing native plugins compatible for Editor in 1.72 ms, found 3 plugins.
Preloading 0 native plugins for Editor in 0.00 ms.
Unloading 13 Unused Serialized files (Serialized files now loaded: 0)
Unloading 6105 unused Assets / (3.3 MB). Loaded Objects now: 6833.
Memory consumption went from 146.0 MB to 142.6 MB.
Total: 75.369800 ms (FindLiveObjects: 1.081200 ms CreateObjectMapping: 0.417900 ms MarkObjects: 71.144600 ms  DeleteObjects: 2.626200 ms)

Prepare: number of updated asset objects reloaded= 0
========================================================================
Received Import Request.
  Time since last request: 1397.944501 seconds.
  path: Assets/Lab2 - Copy/Scripts/dragonCollider.cs
  artifactKey: Guid(8b39f5c817f020148ab10b03ebc606dc) Importer(815301076,1909f56bfc062723c751e8b465ee728b)
Start importing Assets/Lab2 - Copy/Scripts/dragonCollider.cs using Guid(8b39f5c817f020148ab10b03ebc606dc) Importer(815301076,1909f56bfc062723c751e8b465ee728b) (PreviewImporter) -> (artifact id: 'c4f156195f235e130d7fd23ea028acb3') in 0.0496415 seconds
Number of updated asset objects reloaded before import = 0Number of asset objects unloaded after import = 0

========================================================================
Received Prepare
Refreshing native plugins compatible for Editor in 1.40 ms, found 3 plugins.
Preloading 0 native plugins for Editor in 0.00 ms.
Unloading 13 Unused Serialized files (Serialized files now loaded: 0)
Unloading 6105 unused Assets / (4.4 MB). Loaded Objects now: 6833.
Memory consumption went from 144.0 MB to 139.6 MB.
Total: 8.673500 ms (FindLiveObjects: 0.642400 ms CreateObjectMapping: 0.338000 ms MarkObjects: 4.744100 ms  DeleteObjects: 2.947600 ms)

Prepare: number of updated asset objects reloaded= 0
========================================================================
Received Prepare
Begin MonoManager ReloadAssembly
[Licensing::Client] Successfully resolved entitlement details
- Loaded All Assemblies, in  8.962 seconds
Refreshing native plugins compatible for Editor in 1.23 ms, found 3 plugins.
Native extension for WindowsStandalone target not found
[Package Manager] Failed to launch server process. Reason: Unity was launched with the -noUpm command-line argument
[Package Manager] Unable to send message (not connected to server process).
[Package Manager] Cannot connect to Unity Package Manager local server
Mono: successfully reloaded assembly
- Finished resetting the current domain, in  0.738 seconds
Domain Reload Profiling: 9699ms
	BeginReloadAssembly (1311ms)
		ExecutionOrderSort (0ms)
		DisableScriptedObjects (16ms)
		BackupInstance (0ms)
		ReleaseScriptingObjects (0ms)
		CreateAndSetChildDomain (120ms)
	RebuildCommonClasses (477ms)
	RebuildNativeTypeToScriptingClass (14ms)
	initialDomainReloadingComplete (38ms)
	LoadAllAssembliesAndSetupDomain (7120ms)
		LoadAssemblies (7989ms)
		RebuildTransferFunctionScriptingTraits (0ms)
		AnalyzeDomain (216ms)
			TypeCache.Refresh (17ms)
				TypeCache.ScanAssembly (0ms)
			BuildScriptInfoCaches (180ms)
			ResolveRequiredComponents (12ms)
	FinalizeReload (739ms)
		ReleaseScriptCaches (0ms)
		RebuildScriptCaches (0ms)
		SetupLoadedEditorAssemblies (581ms)
			LogAssemblyErrors (0ms)
			InitializePlatformSupportModulesInManaged (2ms)
			SetLoadedEditorAssemblies (5ms)
			BeforeProcessingInitializeOnLoad (136ms)
			ProcessInitializeOnLoadAttributes (358ms)
			ProcessInitializeOnLoadMethodAttributes (75ms)
			AfterProcessingInitializeOnLoad (5ms)
			EditorAssembliesLoaded (0ms)
		ExecutionOrderSort2 (0ms)
		AwakeInstancesAfterBackupRestoration (15ms)
Refreshing native plugins compatible for Editor in 1.33 ms, found 3 plugins.
Preloading 0 native plugins for Editor in 0.00 ms.
Unloading 13 Unused Serialized files (Serialized files now loaded: 0)
Unloading 6112 unused Assets / (3.9 MB). Loaded Objects now: 6835.
Memory consumption went from 145.8 MB to 141.9 MB.
Total: 7.078100 ms (FindLiveObjects: 0.469200 ms CreateObjectMapping: 0.308700 ms MarkObjects: 4.336100 ms  DeleteObjects: 1.962500 ms)

Prepare: number of updated asset objects reloaded= 0
========================================================================
Received Prepare
Begin MonoManager ReloadAssembly
[Licensing::Client] Successfully resolved entitlement details
- Loaded All Assemblies, in  0.858 seconds
Refreshing native plugins compatible for Editor in 1.23 ms, found 3 plugins.
Native extension for WindowsStandalone target not found
[Package Manager] Failed to launch server process. Reason: Unity was launched with the -noUpm command-line argument
[Package Manager] Unable to send message (not connected to server process).
[Package Manager] Cannot connect to Unity Package Manager local server
Mono: successfully reloaded assembly
- Finished resetting the current domain, in  0.724 seconds
Domain Reload Profiling: 1581ms
	BeginReloadAssembly (246ms)
		ExecutionOrderSort (0ms)
		DisableScriptedObjects (7ms)
		BackupInstance (0ms)
		ReleaseScriptingObjects (0ms)
		CreateAndSetChildDomain (48ms)
	RebuildCommonClasses (43ms)
	RebuildNativeTypeToScriptingClass (13ms)
	initialDomainReloadingComplete (32ms)
	LoadAllAssembliesAndSetupDomain (523ms)
		LoadAssemblies (424ms)
		RebuildTransferFunctionScriptingTraits (0ms)
		AnalyzeDomain (223ms)
			TypeCache.Refresh (8ms)
				TypeCache.ScanAssembly (0ms)
			BuildScriptInfoCaches (196ms)
			ResolveRequiredComponents (13ms)
	FinalizeReload (725ms)
		ReleaseScriptCaches (0ms)
		RebuildScriptCaches (0ms)
		SetupLoadedEditorAssemblies (564ms)
			LogAssemblyErrors (0ms)
			InitializePlatformSupportModulesInManaged (2ms)
			SetLoadedEditorAssemblies (6ms)
			BeforeProcessingInitializeOnLoad (133ms)
			ProcessInitializeOnLoadAttributes (360ms)
			ProcessInitializeOnLoadMethodAttributes (53ms)
			AfterProcessingInitializeOnLoad (10ms)
			EditorAssembliesLoaded (0ms)
		ExecutionOrderSort2 (0ms)
		AwakeInstancesAfterBackupRestoration (17ms)
Refreshing native plugins compatible for Editor in 2.11 ms, found 3 plugins.
Preloading 0 native plugins for Editor in 0.00 ms.
Unloading 13 Unused Serialized files (Serialized files now loaded: 0)
Unloading 6112 unused Assets / (4.1 MB). Loaded Objects now: 6837.
Memory consumption went from 147.9 MB to 143.9 MB.
Total: 8.101700 ms (FindLiveObjects: 0.502300 ms CreateObjectMapping: 0.428100 ms MarkObjects: 5.096500 ms  DeleteObjects: 2.073200 ms)

Prepare: number of updated asset objects reloaded= 0
========================================================================
Received Import Request.
  Time since last request: 197.607429 seconds.
  path: Assets/FreeDragons/Animations/DragonBoar/Die.fbx
  artifactKey: Guid(e30ffe326b27d924aaac44272b4e9aa7) Importer(815301076,1909f56bfc062723c751e8b465ee728b)
Start importing Assets/FreeDragons/Animations/DragonBoar/Die.fbx using Guid(e30ffe326b27d924aaac44272b4e9aa7) Importer(815301076,1909f56bfc062723c751e8b465ee728b) (PreviewImporter) -> (artifact id: '280c81af824c6d2e85ec87e80ec1f23d') in 1.1308365 seconds
Number of updated asset objects reloaded before import = 0Number of asset objects unloaded after import = 93

========================================================================
Received Import Request.
  Time since last request: 0.000030 seconds.
  path: Assets/FreeDragons/Animations/DragonBoar/GetHit.fbx
  artifactKey: Guid(b4c53a0d61354f943a98448f95b52c30) Importer(815301076,1909f56bfc062723c751e8b465ee728b)
Start importing Assets/FreeDragons/Animations/DragonBoar/GetHit.fbx using Guid(b4c53a0d61354f943a98448f95b52c30) Importer(815301076,1909f56bfc062723c751e8b465ee728b) (PreviewImporter) -> (artifact id: 'cb397d54a1c2b3db2ef5cdc31e29a832') in 0.0406879 seconds
Number of updated asset objects reloaded before import = 0Number of asset objects unloaded after import = 93

========================================================================
Received Import Request.
  Time since last request: 0.000034 seconds.
  path: Assets/FreeDragons/Animations/DragonBoar/Scream.fbx
  artifactKey: Guid(131e870b83920764e869069cf8c977e9) Importer(815301076,1909f56bfc062723c751e8b465ee728b)
Start importing Assets/FreeDragons/Animations/DragonBoar/Scream.fbx using Guid(131e870b83920764e869069cf8c977e9) Importer(815301076,1909f56bfc062723c751e8b465ee728b) (PreviewImporter) -> (artifact id: '4ac89015a0314a7fe353aa1f85da72fa') in 0.0478821 seconds
Number of updated asset objects reloaded before import = 0Number of asset objects unloaded after import = 93

========================================================================
Received Prepare
Begin MonoManager ReloadAssembly
[Licensing::Client] Successfully resolved entitlement details
- Loaded All Assemblies, in  0.883 seconds
Refreshing native plugins compatible for Editor in 1.23 ms, found 3 plugins.
Native extension for WindowsStandalone target not found
[Package Manager] Failed to launch server process. Reason: Unity was launched with the -noUpm command-line argument
[Package Manager] Unable to send message (not connected to server process).
[Package Manager] Cannot connect to Unity Package Manager local server
Mono: successfully reloaded assembly
- Finished resetting the current domain, in  0.866 seconds
Domain Reload Profiling: 1749ms
	BeginReloadAssembly (276ms)
		ExecutionOrderSort (0ms)
		DisableScriptedObjects (31ms)
		BackupInstance (0ms)
		ReleaseScriptingObjects (0ms)
		CreateAndSetChildDomain (54ms)
	RebuildCommonClasses (38ms)
	RebuildNativeTypeToScriptingClass (15ms)
	initialDomainReloadingComplete (42ms)
	LoadAllAssembliesAndSetupDomain (511ms)
		LoadAssemblies (432ms)
		RebuildTransferFunctionScriptingTraits (0ms)
		AnalyzeDomain (196ms)
			TypeCache.Refresh (8ms)
				TypeCache.ScanAssembly (0ms)
			BuildScriptInfoCaches (170ms)
			ResolveRequiredComponents (11ms)
	FinalizeReload (867ms)
		ReleaseScriptCaches (0ms)
		RebuildScriptCaches (0ms)
		SetupLoadedEditorAssemblies (699ms)
			LogAssemblyErrors (0ms)
			InitializePlatformSupportModulesInManaged (2ms)
			SetLoadedEditorAssemblies (6ms)
			BeforeProcessingInitializeOnLoad (152ms)
			ProcessInitializeOnLoadAttributes (460ms)
			ProcessInitializeOnLoadMethodAttributes (70ms)
			AfterProcessingInitializeOnLoad (9ms)
			EditorAssembliesLoaded (0ms)
		ExecutionOrderSort2 (0ms)
		AwakeInstancesAfterBackupRestoration (22ms)
Refreshing native plugins compatible for Editor in 1.42 ms, found 3 plugins.
Preloading 0 native plugins for Editor in 0.00 ms.
Unloading 13 Unused Serialized files (Serialized files now loaded: 0)
Unloading 6113 unused Assets / (3.2 MB). Loaded Objects now: 6874.
Memory consumption went from 159.4 MB to 156.2 MB.
Total: 7.402500 ms (FindLiveObjects: 0.666700 ms CreateObjectMapping: 0.327700 ms MarkObjects: 4.458600 ms  DeleteObjects: 1.948000 ms)

Prepare: number of updated asset objects reloaded= 0
Editor requested this worker to shutdown with reason: Scaling down because of idle timeout
AssetImportWorker is now disconnected from the server
Process exiting
Exiting without the bug reporter. Application will terminate with return code 0