[Licensing::Module] Trying to connect to existing licensing client channel...
Built from '6000.2/respin/6000.2.6f2-cc51a95c03' branch; Version is '6000.2.6f2 (4a4dcaec6541) revision 4869578'; Using compiler version '194234433'; Build Type 'Release'
OS: 'Windows 11  (10.0.26100) 64bit Core' Language: 'en' Physical Memory: 16087 MB
BatchMode: 1, IsHumanControllingUs: 0, StartBugReporterOnCrash: 0, Is64bit: 1
Date: 2025-10-05T23:40:29Z
[Licensing::IpcConnector] Successfully connected to: "LicenseClient-ayana" at "2025-10-05T23:40:29.7962633Z"

COMMAND LINE ARGUMENTS:
C:\Program Files\Unity\Hub\Editor\6000.2.6f2\Editor\Unity.exe
-adb2
-batchMode
-noUpm
-name
AssetImportWorker4
-projectPath
C:/Users/ayana/OneDrive/Documents/GitHub/Animation2025/AnimationLabs
-logFile
Logs/AssetImportWorker4.log
-srvPort
51426
-licensingIpc
LicenseClient-ayana
-job-worker-count
7
-background-job-worker-count
8
-gc-helper-count
1
-name
AssetImport
Successfully changed project path to: C:/Users/ayana/OneDrive/Documents/GitHub/Animation2025/AnimationLabs
C:/Users/ayana/OneDrive/Documents/GitHub/Animation2025/AnimationLabs
[UnityMemory] Configuration Parameters - Can be set up in boot.config
    "memorysetup-allocator-temp-initial-block-size-main=262144"
    "memorysetup-allocator-temp-initial-block-size-worker=262144"
    "memorysetup-bucket-allocator-granularity=16"
    "memorysetup-bucket-allocator-bucket-count=8"
    "memorysetup-bucket-allocator-block-size=33554432"
    "memorysetup-bucket-allocator-block-count=8"
    "memorysetup-main-allocator-block-size=16777216"
    "memorysetup-thread-allocator-block-size=16777216"
    "memorysetup-gfx-main-allocator-block-size=16777216"
    "memorysetup-gfx-thread-allocator-block-size=16777216"
    "memorysetup-cache-allocator-block-size=4194304"
    "memorysetup-typetree-allocator-block-size=2097152"
    "memorysetup-profiler-bucket-allocator-granularity=16"
    "memorysetup-profiler-bucket-allocator-bucket-count=8"
    "memorysetup-profiler-bucket-allocator-block-size=33554432"
    "memorysetup-profiler-bucket-allocator-block-count=8"
    "memorysetup-profiler-allocator-block-size=16777216"
    "memorysetup-profiler-editor-allocator-block-size=1048576"
    "memorysetup-temp-allocator-size-main=16777216"
    "memorysetup-job-temp-allocator-block-size=2097152"
    "memorysetup-job-temp-allocator-block-size-background=1048576"
    "memorysetup-job-temp-allocator-reduction-small-platforms=262144"
    "memorysetup-temp-allocator-size-background-worker=32768"
    "memorysetup-temp-allocator-size-job-worker=262144"
    "memorysetup-temp-allocator-size-preload-manager=33554432"
    "memorysetup-temp-allocator-size-nav-mesh-worker=65536"
    "memorysetup-temp-allocator-size-audio-worker=65536"
    "memorysetup-temp-allocator-size-cloud-worker=32768"
    "memorysetup-temp-allocator-size-gi-baking-worker=262144"
    "memorysetup-temp-allocator-size-gi-baking-worker=262144"
    "memorysetup-temp-allocator-size-gi-baking-worker=262144"
    "memorysetup-temp-allocator-size-gi-baking-worker=262144"
    "memorysetup-temp-allocator-size-gi-baking-worker=262144"
    "memorysetup-temp-allocator-size-gfx=262144"
Player connection [45520]  Target information:

Player connection [45520]  * "[IP] 192.168.0.200 [Port] 0 [Flags] 2 [Guid] 3909954960 [EditorId] 3909954960 [Version] 1048832 [Id] WindowsEditor(7,MSI) [Debug] 1 [PackageName] WindowsEditor [ProjectName] Editor" 

Player connection [45520] Host joined multi-casting on [225.0.0.222:54997]...
Player connection [45520] Host joined alternative multi-casting on [225.0.0.222:34997]...
JobSystem: Creating JobQueue using job-worker-count value 7
Input System module state changed to: Initialized.
[Physics::Module] Initialized fallback backend.
[Physics::Module] Id: 0xdecafbad
Library Redirect Path: Library/
[Licensing::Client] Code 10 while verifying Licensing Client signature (process Id: 21080, path: "C:/Users/ayana/SchoolSoftware/Unity Hub/UnityLicensingClient_V1/Unity.Licensing.Client.exe")
[Licensing::Module] LicensingClient has failed validation; ignoring
[Licensing::Client] Handshaking with LicensingClient:
  Version:                 1.17.3+a4e98f1
  Session Id:              f6b3272d00e1459589d33c4fa85e93b5
  Correlation Id:          e7c51e1bf4057ac22b7e490d051b4a7b
  External correlation Id: 6086730629392242632
  Machine Id:              cleDMvXY9O+45m6I22BHXt+mVGw=
[Licensing::Module] Successfully connected to LicensingClient on channel: "LicenseClient-ayana" (connect: 0.00s, validation: 0.00s, handshake: 0.64s)
[Licensing::IpcConnector] Successfully connected to: "LicenseClient-ayana-notifications" at "2025-10-05T23:40:30.4374357Z"
[Licensing::Module] Licensing Background thread has ended after 0.64s
[Physics::Module] Selected backend.
[Physics::Module] Name: PhysX
[Physics::Module] Id: 0xf2b8ea05
[Physics::Module] SDK Version: 4.1.2
[Physics::Module] Integration Version: 1.0.0
[Physics::Module] Threading Mode: Multi-Threaded
Refreshing native plugins compatible for Editor in 410.93 ms, found 3 plugins.
Preloading 0 native plugins for Editor in 0.00 ms.
Initialize engine version: 6000.2.6f2 (4a4dcaec6541)
[Subsystems] Discovering subsystems at path C:/Program Files/Unity/Hub/Editor/6000.2.6f2/Editor/Data/Resources/UnitySubsystems
[Subsystems] Discovering subsystems at path C:/Users/ayana/OneDrive/Documents/GitHub/Animation2025/AnimationLabs/Assets
GfxDevice: creating device client; kGfxThreadingModeNonThreaded
d3d12: failed to query info queue interface (0x80004002).
Direct3D:
    Version:         Direct3D 12 [level 12.1]
    Renderer:        NVIDIA GeForce RTX 4060 Laptop GPU (ID=0x28a0)
    Vendor:          NVIDIA
    VRAM:            7957 MB
    App VRAM Budget: 7189 MB
    Driver:          32.0.15.7700
Initialize mono
Mono path[0] = 'C:/Program Files/Unity/Hub/Editor/6000.2.6f2/Editor/Data/Managed'
Mono path[1] = 'C:/Program Files/Unity/Hub/Editor/6000.2.6f2/Editor/Data/MonoBleedingEdge/lib/mono/unityjit-win32'
Mono config path = 'C:/Program Files/Unity/Hub/Editor/6000.2.6f2/Editor/Data/MonoBleedingEdge/etc'
Using monoOptions --debugger-agent=transport=dt_socket,embedding=1,server=y,suspend=n,address=127.0.0.1:56512
Begin MonoManager ReloadAssembly
Registering precompiled unity dll's ...
Register platform support module: C:/Program Files/Unity/Hub/Editor/6000.2.6f2/Editor/Data/PlaybackEngines/WindowsStandaloneSupport/UnityEditor.WindowsStandalone.Extensions.dll
Registered in 0.001827 seconds.
- Loaded All Assemblies, in  4.781 seconds
Native extension for WindowsStandalone target not found
Mono: successfully reloaded assembly
- Finished resetting the current domain, in  0.499 seconds
Domain Reload Profiling: 5277ms
	BeginReloadAssembly (219ms)
		ExecutionOrderSort (0ms)
		DisableScriptedObjects (0ms)
		BackupInstance (0ms)
		ReleaseScriptingObjects (0ms)
		CreateAndSetChildDomain (1ms)
	RebuildCommonClasses (739ms)
	RebuildNativeTypeToScriptingClass (12ms)
	initialDomainReloadingComplete (59ms)
	LoadAllAssembliesAndSetupDomain (3748ms)
		LoadAssemblies (212ms)
		RebuildTransferFunctionScriptingTraits (0ms)
		AnalyzeDomain (3744ms)
			TypeCache.Refresh (3742ms)
				TypeCache.ScanAssembly (3718ms)
			BuildScriptInfoCaches (0ms)
			ResolveRequiredComponents (1ms)
	FinalizeReload (500ms)
		ReleaseScriptCaches (0ms)
		RebuildScriptCaches (0ms)
		SetupLoadedEditorAssemblies (433ms)
			LogAssemblyErrors (0ms)
			InitializePlatformSupportModulesInManaged (59ms)
			SetLoadedEditorAssemblies (4ms)
			BeforeProcessingInitializeOnLoad (71ms)
			ProcessInitializeOnLoadAttributes (131ms)
			ProcessInitializeOnLoadMethodAttributes (168ms)
			AfterProcessingInitializeOnLoad (0ms)
			EditorAssembliesLoaded (0ms)
		ExecutionOrderSort2 (0ms)
		AwakeInstancesAfterBackupRestoration (0ms)
========================================================================
Worker process is ready to serve import requests
Import Worker Mode flag is 0x00
Begin MonoManager ReloadAssembly
[Licensing::Client] Successfully resolved entitlement details
[Licensing::Module] License group:
  Id: 3574232338638-UnityPersXXXX
  Product: Unity Personal
  Type: Assigned
  Expiration: Unlimited
- Loaded All Assemblies, in  1.101 seconds
Refreshing native plugins compatible for Editor in 2.89 ms, found 3 plugins.
Native extension for WindowsStandalone target not found
Package Manager log level set to [2]
[Package Manager] Failed to launch server process. Reason: Unity was launched with the -noUpm command-line argument
[Package Manager] Unable to send message (not connected to server process).
[Package Manager] Cannot connect to Unity Package Manager local server
Mono: successfully reloaded assembly
- Finished resetting the current domain, in  0.973 seconds
Domain Reload Profiling: 2049ms
	BeginReloadAssembly (213ms)
		ExecutionOrderSort (0ms)
		DisableScriptedObjects (6ms)
		BackupInstance (0ms)
		ReleaseScriptingObjects (0ms)
		CreateAndSetChildDomain (35ms)
	RebuildCommonClasses (54ms)
	RebuildNativeTypeToScriptingClass (15ms)
	initialDomainReloadingComplete (80ms)
	LoadAllAssembliesAndSetupDomain (713ms)
		LoadAssemblies (570ms)
		RebuildTransferFunctionScriptingTraits (0ms)
		AnalyzeDomain (262ms)
			TypeCache.Refresh (189ms)
				TypeCache.ScanAssembly (174ms)
			BuildScriptInfoCaches (58ms)
			ResolveRequiredComponents (12ms)
	FinalizeReload (973ms)
		ReleaseScriptCaches (0ms)
		RebuildScriptCaches (0ms)
		SetupLoadedEditorAssemblies (655ms)
			LogAssemblyErrors (0ms)
			InitializePlatformSupportModulesInManaged (2ms)
			SetLoadedEditorAssemblies (5ms)
			BeforeProcessingInitializeOnLoad (143ms)
			ProcessInitializeOnLoadAttributes (436ms)
			ProcessInitializeOnLoadMethodAttributes (64ms)
			AfterProcessingInitializeOnLoad (5ms)
			EditorAssembliesLoaded (0ms)
		ExecutionOrderSort2 (0ms)
		AwakeInstancesAfterBackupRestoration (6ms)
Launched and connected shader compiler UnityShaderCompiler.exe after 1.88 seconds
Refreshing native plugins compatible for Editor in 6.46 ms, found 3 plugins.
Preloading 0 native plugins for Editor in 0.00 ms.
Unloading 13 Unused Serialized files (Serialized files now loaded: 0)
Unloading 6113 unused Assets / (4.3 MB). Loaded Objects now: 6812.
Memory consumption went from 136.9 MB to 132.7 MB.
Total: 16.886500 ms (FindLiveObjects: 2.318400 ms CreateObjectMapping: 0.361100 ms MarkObjects: 10.829500 ms  DeleteObjects: 3.373100 ms)

========================================================================
Received Import Request.
  Time since last request: 2791099.350248 seconds.
  path: Assets/Scenes/CatBorg Studio/3D Dungeon Lowpoly Pack/Prefabs/01_Library_01_InkWell#1.prefab
  artifactKey: Guid(2f570eda51c25004f9aa924d657af75c) Importer(815301076,1909f56bfc062723c751e8b465ee728b)
Start importing Assets/Scenes/CatBorg Studio/3D Dungeon Lowpoly Pack/Prefabs/01_Library_01_InkWell#1.prefab using Guid(2f570eda51c25004f9aa924d657af75c) Importer(815301076,1909f56bfc062723c751e8b465ee728b) (PreviewImporter) -> (artifact id: '294cac4a2eddc2e1300be01bf150bc96') in 0.8274472 seconds
Number of updated asset objects reloaded before import = 0Number of asset objects unloaded after import = 10

========================================================================
Received Import Request.
  Time since last request: 0.000044 seconds.
  path: Assets/Scenes/CatBorg Studio/3D Dungeon Lowpoly Pack/Prefabs/02_Kitchen_01_CookingPot#3.prefab
  artifactKey: Guid(2aa6286db4bf6c24ba9c943b1b942f94) Importer(815301076,1909f56bfc062723c751e8b465ee728b)
Start importing Assets/Scenes/CatBorg Studio/3D Dungeon Lowpoly Pack/Prefabs/02_Kitchen_01_CookingPot#3.prefab using Guid(2aa6286db4bf6c24ba9c943b1b942f94) Importer(815301076,1909f56bfc062723c751e8b465ee728b) (PreviewImporter) -> (artifact id: '703f6bd93febe7ca4185565b09e2054a') in 0.0594254 seconds
Number of updated asset objects reloaded before import = 0Number of asset objects unloaded after import = 10

========================================================================
Received Import Request.
  Time since last request: 0.000053 seconds.
  path: Assets/Scenes/CatBorg Studio/3D Dungeon Lowpoly Pack/Prefabs/01_DiningHall_01_Cup#2.prefab
  artifactKey: Guid(c64bf04713b5e0549b27844ba6bfc9c9) Importer(815301076,1909f56bfc062723c751e8b465ee728b)
Start importing Assets/Scenes/CatBorg Studio/3D Dungeon Lowpoly Pack/Prefabs/01_DiningHall_01_Cup#2.prefab using Guid(c64bf04713b5e0549b27844ba6bfc9c9) Importer(815301076,1909f56bfc062723c751e8b465ee728b) (PreviewImporter) -> (artifact id: 'e1ee74bf53b2d4d05df3bd6b6570a622') in 0.0566192 seconds
Number of updated asset objects reloaded before import = 0Number of asset objects unloaded after import = 10

========================================================================
Received Import Request.
  Time since last request: 0.000024 seconds.
  path: Assets/Scenes/CatBorg Studio/3D Dungeon Lowpoly Pack/Prefabs/01_DiningHall_01_WoodenTable#1.prefab
  artifactKey: Guid(dc9b885602f11ae4b81c7749b464e6dc) Importer(815301076,1909f56bfc062723c751e8b465ee728b)
Start importing Assets/Scenes/CatBorg Studio/3D Dungeon Lowpoly Pack/Prefabs/01_DiningHall_01_WoodenTable#1.prefab using Guid(dc9b885602f11ae4b81c7749b464e6dc) Importer(815301076,1909f56bfc062723c751e8b465ee728b) (PreviewImporter) -> (artifact id: 'a52a0e64b44760fd80799d605927ff40') in 0.0536176 seconds
Number of updated asset objects reloaded before import = 0Number of asset objects unloaded after import = 10

========================================================================
Received Import Request.
  Time since last request: 0.000027 seconds.
  path: Assets/Scenes/CatBorg Studio/3D Dungeon Lowpoly Pack/Prefabs/01_DiningHall_01_Bowl#1.prefab
  artifactKey: Guid(6e86b822bb8d54542ac1e3cf1972452c) Importer(815301076,1909f56bfc062723c751e8b465ee728b)
Start importing Assets/Scenes/CatBorg Studio/3D Dungeon Lowpoly Pack/Prefabs/01_DiningHall_01_Bowl#1.prefab using Guid(6e86b822bb8d54542ac1e3cf1972452c) Importer(815301076,1909f56bfc062723c751e8b465ee728b) (PreviewImporter) -> (artifact id: '023c9e3382eaf0bf956e76af5a050fde') in 0.0532973 seconds
Number of updated asset objects reloaded before import = 0Number of asset objects unloaded after import = 10

========================================================================
Received Import Request.
  Time since last request: 0.000044 seconds.
  path: Assets/Scenes/CatBorg Studio/3D Dungeon Lowpoly Pack/Prefabs/01_Library_01_BigBook#1.prefab
  artifactKey: Guid(0e192ae82376e1f40a809e236fd8f192) Importer(815301076,1909f56bfc062723c751e8b465ee728b)
Start importing Assets/Scenes/CatBorg Studio/3D Dungeon Lowpoly Pack/Prefabs/01_Library_01_BigBook#1.prefab using Guid(0e192ae82376e1f40a809e236fd8f192) Importer(815301076,1909f56bfc062723c751e8b465ee728b) (PreviewImporter) -> (artifact id: 'd13e0db1a2bae3762c69f450370df9db') in 0.0663339 seconds
Number of updated asset objects reloaded before import = 0Number of asset objects unloaded after import = 10

========================================================================
Received Import Request.
  Time since last request: 0.000028 seconds.
  path: Assets/Scenes/CatBorg Studio/3D Dungeon Lowpoly Pack/Prefabs/01_DiningHall_01_Candels#1.prefab
  artifactKey: Guid(842a752523ece6c4996c2c95378a4536) Importer(815301076,1909f56bfc062723c751e8b465ee728b)
Start importing Assets/Scenes/CatBorg Studio/3D Dungeon Lowpoly Pack/Prefabs/01_DiningHall_01_Candels#1.prefab using Guid(842a752523ece6c4996c2c95378a4536) Importer(815301076,1909f56bfc062723c751e8b465ee728b) (PreviewImporter) -> (artifact id: 'b066358cbfd638272a7049d87a243aca') in 0.0476636 seconds
Number of updated asset objects reloaded before import = 0Number of asset objects unloaded after import = 10

========================================================================
Received Import Request.
  Time since last request: 422.685359 seconds.
  path: ProjectSettings/TagManager.asset
  artifactKey: Guid(00000000000000003000000000000000) Importer(815301076,1909f56bfc062723c751e8b465ee728b)
Start importing ProjectSettings/TagManager.asset using Guid(00000000000000003000000000000000) Importer(815301076,1909f56bfc062723c751e8b465ee728b) (PreviewImporter) -> (artifact id: '3a7edb23da3ecee511b0136481fac718') in 0.0096948 seconds
Number of updated asset objects reloaded before import = 0Number of asset objects unloaded after import = 0

========================================================================
Received Import Request.
  Time since last request: 944.474181 seconds.
  path: Assets/FreeDragons/Animations
  artifactKey: Guid(16e415a8dc4a2c14191fdd1286652c36) Importer(815301076,1909f56bfc062723c751e8b465ee728b)
Start importing Assets/FreeDragons/Animations using Guid(16e415a8dc4a2c14191fdd1286652c36) Importer(815301076,1909f56bfc062723c751e8b465ee728b) (PreviewImporter) -> (artifact id: '49f9e7031083a50bd2b6384d8bc04479') in 0.0022721 seconds
Number of updated asset objects reloaded before import = 0Number of asset objects unloaded after import = 0

========================================================================
Received Import Request.
  Time since last request: 1.063019 seconds.
  path: Assets/FreeDragons/Animations/DragonSoulEater
  artifactKey: Guid(436adb7f9fb5bee4b94659b5a83f1147) Importer(815301076,1909f56bfc062723c751e8b465ee728b)
Start importing Assets/FreeDragons/Animations/DragonSoulEater using Guid(436adb7f9fb5bee4b94659b5a83f1147) Importer(815301076,1909f56bfc062723c751e8b465ee728b) (PreviewImporter) -> (artifact id: '8f7b9875a6d21b3379274e92b7ea9f4d') in 0.0066146 seconds
Number of updated asset objects reloaded before import = 0Number of asset objects unloaded after import = 0

========================================================================
Received Import Request.
  Time since last request: 0.046087 seconds.
  path: Assets/FreeDragons/Animations/DragonSoulEater/Basic Attack.fbx
  artifactKey: Guid(5d9efb65c776b714fb5123711f07de0c) Importer(815301076,1909f56bfc062723c751e8b465ee728b)
Start importing Assets/FreeDragons/Animations/DragonSoulEater/Basic Attack.fbx using Guid(5d9efb65c776b714fb5123711f07de0c) Importer(815301076,1909f56bfc062723c751e8b465ee728b) (PreviewImporter) -> (artifact id: 'a15fa763b650f970aa557ac7281810c4') in 0.5333868 seconds
Number of updated asset objects reloaded before import = 0Number of asset objects unloaded after import = 133

========================================================================
Received Import Request.
  Time since last request: 0.000036 seconds.
  path: Assets/FreeDragons/Animations/DragonSoulEater/Fly Forward.fbx
  artifactKey: Guid(5fa09084d33ac9046a4a22372e78213e) Importer(815301076,1909f56bfc062723c751e8b465ee728b)
Start importing Assets/FreeDragons/Animations/DragonSoulEater/Fly Forward.fbx using Guid(5fa09084d33ac9046a4a22372e78213e) Importer(815301076,1909f56bfc062723c751e8b465ee728b) (PreviewImporter) -> (artifact id: '4a4372d657968f6256edb4a1bb24720c') in 0.0630671 seconds
Number of updated asset objects reloaded before import = 0Number of asset objects unloaded after import = 133

========================================================================
Received Import Request.
  Time since last request: 0.000042 seconds.
  path: Assets/FreeDragons/Animations/DragonSoulEater/Fly Float.fbx
  artifactKey: Guid(e02bdaca3b0c3284ab993c4eba862036) Importer(815301076,1909f56bfc062723c751e8b465ee728b)
Start importing Assets/FreeDragons/Animations/DragonSoulEater/Fly Float.fbx using Guid(e02bdaca3b0c3284ab993c4eba862036) Importer(815301076,1909f56bfc062723c751e8b465ee728b) (PreviewImporter) -> (artifact id: 'b2c01bdeeb20b0fabe57c5b33e0a3fa7') in 0.0552941 seconds
Number of updated asset objects reloaded before import = 0Number of asset objects unloaded after import = 133

========================================================================
Received Import Request.
  Time since last request: 0.000026 seconds.
  path: Assets/FreeDragons/Animations/DragonSoulEater/Fly Glide.fbx
  artifactKey: Guid(28a39de94def6c84ca4b447fa78a3a66) Importer(815301076,1909f56bfc062723c751e8b465ee728b)
Start importing Assets/FreeDragons/Animations/DragonSoulEater/Fly Glide.fbx using Guid(28a39de94def6c84ca4b447fa78a3a66) Importer(815301076,1909f56bfc062723c751e8b465ee728b) (PreviewImporter) -> (artifact id: '2ef10ef659f1c62ddc395375849bb2a8') in 0.0580011 seconds
Number of updated asset objects reloaded before import = 0Number of asset objects unloaded after import = 133

========================================================================
Received Import Request.
  Time since last request: 0.000028 seconds.
  path: Assets/FreeDragons/Animations/DragonSoulEater/Run.fbx
  artifactKey: Guid(93048e03d4dc597468fce555d02e9274) Importer(815301076,1909f56bfc062723c751e8b465ee728b)
Start importing Assets/FreeDragons/Animations/DragonSoulEater/Run.fbx using Guid(93048e03d4dc597468fce555d02e9274) Importer(815301076,1909f56bfc062723c751e8b465ee728b) (PreviewImporter) -> (artifact id: 'a34f6ec049de3609ebf5687c3e319da5') in 0.068533 seconds
Number of updated asset objects reloaded before import = 0Number of asset objects unloaded after import = 133

========================================================================
Received Import Request.
  Time since last request: 0.000049 seconds.
  path: Assets/FreeDragons/Animations/DragonSoulEater/Tail Attack.fbx
  artifactKey: Guid(1e32448c0eb5bdb45b3a576fb8011df0) Importer(815301076,1909f56bfc062723c751e8b465ee728b)
Start importing Assets/FreeDragons/Animations/DragonSoulEater/Tail Attack.fbx using Guid(1e32448c0eb5bdb45b3a576fb8011df0) Importer(815301076,1909f56bfc062723c751e8b465ee728b) (PreviewImporter) -> (artifact id: 'ea3d75b49c20afaf9902edf71c45152f') in 0.0555471 seconds
Number of updated asset objects reloaded before import = 0Number of asset objects unloaded after import = 133

========================================================================
Received Import Request.
  Time since last request: 0.000024 seconds.
  path: Assets/FreeDragons/Animations/DragonSoulEater/Die.fbx
  artifactKey: Guid(6f83b9d81f8c7854baeca6ff691bb0c1) Importer(815301076,1909f56bfc062723c751e8b465ee728b)
Start importing Assets/FreeDragons/Animations/DragonSoulEater/Die.fbx using Guid(6f83b9d81f8c7854baeca6ff691bb0c1) Importer(815301076,1909f56bfc062723c751e8b465ee728b) (PreviewImporter) -> (artifact id: '505cf09e6cba9801e8e334d009eb9de4') in 0.1594803 seconds
Number of updated asset objects reloaded before import = 0Number of asset objects unloaded after import = 133

========================================================================
Received Import Request.
  Time since last request: 0.000029 seconds.
  path: Assets/FreeDragons/Animations/DragonSoulEater/Fly Fireball Shoot.fbx
  artifactKey: Guid(37760f0079ba2124cb0198d37570b625) Importer(815301076,1909f56bfc062723c751e8b465ee728b)
Start importing Assets/FreeDragons/Animations/DragonSoulEater/Fly Fireball Shoot.fbx using Guid(37760f0079ba2124cb0198d37570b625) Importer(815301076,1909f56bfc062723c751e8b465ee728b) (PreviewImporter) -> (artifact id: 'fbcc296627799d15f3c422a672c9b1ec') in 0.0537807 seconds
Number of updated asset objects reloaded before import = 0Number of asset objects unloaded after import = 133

========================================================================
Received Import Request.
  Time since last request: 6.942859 seconds.
  path: Assets/FreeDragons/Prefab
  artifactKey: Guid(4375e93352605df4cbdaa1c202fbe8e6) Importer(815301076,1909f56bfc062723c751e8b465ee728b)
Start importing Assets/FreeDragons/Prefab using Guid(4375e93352605df4cbdaa1c202fbe8e6) Importer(815301076,1909f56bfc062723c751e8b465ee728b) (PreviewImporter) -> (artifact id: '1462bfc34cda2a0062f310df668a9045') in 0.0014364 seconds
Number of updated asset objects reloaded before import = 0Number of asset objects unloaded after import = 0

========================================================================
Received Import Request.
  Time since last request: 1.363669 seconds.
  path: Assets/FreeDragons/Prefab/DragonSoulEaterPBR
  artifactKey: Guid(5d7d0afb1a4a2334099a3b364f931492) Importer(815301076,1909f56bfc062723c751e8b465ee728b)
Start importing Assets/FreeDragons/Prefab/DragonSoulEaterPBR using Guid(5d7d0afb1a4a2334099a3b364f931492) Importer(815301076,1909f56bfc062723c751e8b465ee728b) (PreviewImporter) -> (artifact id: '8586f57bb7a53dd7e23225426826cf80') in 0.0036473 seconds
Number of updated asset objects reloaded before import = 0Number of asset objects unloaded after import = 0

========================================================================
Received Import Request.
  Time since last request: 0.324682 seconds.
  path: Assets/FreeDragons/Prefab/DragonSoulEaterHP
  artifactKey: Guid(4b594ff8ed2b16543acd2e0c7772d0f5) Importer(815301076,1909f56bfc062723c751e8b465ee728b)
Start importing Assets/FreeDragons/Prefab/DragonSoulEaterHP using Guid(4b594ff8ed2b16543acd2e0c7772d0f5) Importer(815301076,1909f56bfc062723c751e8b465ee728b) (PreviewImporter) -> (artifact id: '732c04db83f39351415d1a1f4067d40e') in 0.0019727 seconds
Number of updated asset objects reloaded before import = 0Number of asset objects unloaded after import = 0

========================================================================
Received Import Request.
  Time since last request: 0.863166 seconds.
  path: Assets/FreeDragons/Prefab/DragonSoulEaterPBR/DragonSoulEaterRedPBR.prefab
  artifactKey: Guid(a0740f648a2224844a894ba6a107d0a9) Importer(815301076,1909f56bfc062723c751e8b465ee728b)
Start importing Assets/FreeDragons/Prefab/DragonSoulEaterPBR/DragonSoulEaterRedPBR.prefab using Guid(a0740f648a2224844a894ba6a107d0a9) Importer(815301076,1909f56bfc062723c751e8b465ee728b) (PreviewImporter) -> (artifact id: '00d451cd345cba17a815133f39494e11') in 6.7675985 seconds
Number of updated asset objects reloaded before import = 0Number of asset objects unloaded after import = 194

========================================================================
Received Prepare
Begin MonoManager ReloadAssembly
[Licensing::Client] Successfully resolved entitlement details
- Loaded All Assemblies, in  1.181 seconds
Refreshing native plugins compatible for Editor in 1.61 ms, found 3 plugins.
Native extension for WindowsStandalone target not found
[Package Manager] Failed to launch server process. Reason: Unity was launched with the -noUpm command-line argument
[Package Manager] Unable to send message (not connected to server process).
[Package Manager] Cannot connect to Unity Package Manager local server
Mono: successfully reloaded assembly
- Finished resetting the current domain, in  0.905 seconds
Domain Reload Profiling: 2088ms
	BeginReloadAssembly (422ms)
		ExecutionOrderSort (0ms)
		DisableScriptedObjects (56ms)
		BackupInstance (0ms)
		ReleaseScriptingObjects (1ms)
		CreateAndSetChildDomain (129ms)
	RebuildCommonClasses (41ms)
	RebuildNativeTypeToScriptingClass (14ms)
	initialDomainReloadingComplete (34ms)
	LoadAllAssembliesAndSetupDomain (671ms)
		LoadAssemblies (573ms)
		RebuildTransferFunctionScriptingTraits (0ms)
		AnalyzeDomain (239ms)
			TypeCache.Refresh (11ms)
				TypeCache.ScanAssembly (0ms)
			BuildScriptInfoCaches (206ms)
			ResolveRequiredComponents (14ms)
	FinalizeReload (906ms)
		ReleaseScriptCaches (0ms)
		RebuildScriptCaches (0ms)
		SetupLoadedEditorAssemblies (689ms)
			LogAssemblyErrors (0ms)
			InitializePlatformSupportModulesInManaged (2ms)
			SetLoadedEditorAssemblies (7ms)
			BeforeProcessingInitializeOnLoad (142ms)
			ProcessInitializeOnLoadAttributes (460ms)
			ProcessInitializeOnLoadMethodAttributes (70ms)
			AfterProcessingInitializeOnLoad (8ms)
			EditorAssembliesLoaded (0ms)
		ExecutionOrderSort2 (0ms)
		AwakeInstancesAfterBackupRestoration (22ms)
Refreshing native plugins compatible for Editor in 1.51 ms, found 3 plugins.
Preloading 0 native plugins for Editor in 0.00 ms.
Unloading 13 Unused Serialized files (Serialized files now loaded: 0)
Unloading 6113 unused Assets / (4.0 MB). Loaded Objects now: 6863.
Memory consumption went from 159.3 MB to 155.4 MB.
Total: 8.234300 ms (FindLiveObjects: 0.532700 ms CreateObjectMapping: 0.460900 ms MarkObjects: 5.108500 ms  DeleteObjects: 2.130400 ms)

Prepare: number of updated asset objects reloaded= 0
========================================================================
Received Prepare
Begin MonoManager ReloadAssembly
[Licensing::Client] Successfully resolved entitlement details
- Loaded All Assemblies, in  7.500 seconds
Refreshing native plugins compatible for Editor in 2.28 ms, found 3 plugins.
Native extension for WindowsStandalone target not found
[Package Manager] Failed to launch server process. Reason: Unity was launched with the -noUpm command-line argument
[Package Manager] Unable to send message (not connected to server process).
[Package Manager] Cannot connect to Unity Package Manager local server
Mono: successfully reloaded assembly
- Finished resetting the current domain, in  0.831 seconds
Domain Reload Profiling: 8328ms
	BeginReloadAssembly (1147ms)
		ExecutionOrderSort (0ms)
		DisableScriptedObjects (7ms)
		BackupInstance (0ms)
		ReleaseScriptingObjects (0ms)
		CreateAndSetChildDomain (43ms)
	RebuildCommonClasses (445ms)
	RebuildNativeTypeToScriptingClass (19ms)
	initialDomainReloadingComplete (46ms)
	LoadAllAssembliesAndSetupDomain (5840ms)
		LoadAssemblies (6634ms)
		RebuildTransferFunctionScriptingTraits (0ms)
		AnalyzeDomain (233ms)
			TypeCache.Refresh (8ms)
				TypeCache.ScanAssembly (0ms)
			BuildScriptInfoCaches (205ms)
			ResolveRequiredComponents (14ms)
	FinalizeReload (831ms)
		ReleaseScriptCaches (0ms)
		RebuildScriptCaches (0ms)
		SetupLoadedEditorAssemblies (640ms)
			LogAssemblyErrors (0ms)
			InitializePlatformSupportModulesInManaged (2ms)
			SetLoadedEditorAssemblies (7ms)
			BeforeProcessingInitializeOnLoad (153ms)
			ProcessInitializeOnLoadAttributes (408ms)
			ProcessInitializeOnLoadMethodAttributes (62ms)
			AfterProcessingInitializeOnLoad (7ms)
			EditorAssembliesLoaded (0ms)
		ExecutionOrderSort2 (0ms)
		AwakeInstancesAfterBackupRestoration (18ms)
Refreshing native plugins compatible for Editor in 2.13 ms, found 3 plugins.
Preloading 0 native plugins for Editor in 0.00 ms.
Unloading 13 Unused Serialized files (Serialized files now loaded: 0)
Unloading 6111 unused Assets / (3.9 MB). Loaded Objects now: 6865.
Memory consumption went from 161.1 MB to 157.2 MB.
Total: 7.607700 ms (FindLiveObjects: 0.669900 ms CreateObjectMapping: 0.364100 ms MarkObjects: 4.374500 ms  DeleteObjects: 2.198200 ms)

Prepare: number of updated asset objects reloaded= 0
========================================================================
Received Import Request.
  Time since last request: 392.753992 seconds.
  path: Assets/InputSystem_Actions - Copy.inputactions
  artifactKey: Guid(a05dc17c75749564a91b23f6651d95bc) Importer(2089858483,192608db42251d675da83286b1cce702)
Start importing Assets/InputSystem_Actions - Copy.inputactions using Guid(a05dc17c75749564a91b23f6651d95bc) Importer(2089858483,192608db42251d675da83286b1cce702) (ScriptedImporter) -> (artifact id: '492688d6c4c5f0eb7215583ee089291c') in 0.4203146 seconds
Number of updated asset objects reloaded before import = 0Number of asset objects unloaded after import = 22

========================================================================
Received Import Request.
  Time since last request: 0.000044 seconds.
  path: Assets/FreeDragons/Animations/DragonSoulEater/Land.fbx
  artifactKey: Guid(9b846aa063f67a34b80cef9a15befe38) Importer(2089858483,192608db42251d675da83286b1cce702)
Start importing Assets/FreeDragons/Animations/DragonSoulEater/Land.fbx using Guid(9b846aa063f67a34b80cef9a15befe38) Importer(2089858483,192608db42251d675da83286b1cce702) (ScriptedImporter) -> (artifact id: '254232b352c45cfc1ffbd414f16b2c7f') in 0.1408756 seconds
Number of updated asset objects reloaded before import = 0Number of asset objects unloaded after import = 133

========================================================================
Received Import Request.
  Time since last request: 0.000027 seconds.
  path: Assets/FreeDragons/Scene/DragonSoulEaterHP.unity
  artifactKey: Guid(578681a88165db842be923d1ae82b6d3) Importer(2089858483,192608db42251d675da83286b1cce702)
Start importing Assets/FreeDragons/Scene/DragonSoulEaterHP.unity using Guid(578681a88165db842be923d1ae82b6d3) Importer(2089858483,192608db42251d675da83286b1cce702) (ScriptedImporter) -> (artifact id: 'c9d8ff1cc0cdd662953483d101892fe2') in 0.0392838 seconds
Number of updated asset objects reloaded before import = 0Number of asset objects unloaded after import = 1

========================================================================
Received Import Request.
  Time since last request: 0.000019 seconds.
  path: Assets/FreeDragons/Animations/DragonSoulEater/Scream.fbx
  artifactKey: Guid(8b0b248c4105fd841aad612f61769ae9) Importer(2089858483,192608db42251d675da83286b1cce702)
Start importing Assets/FreeDragons/Animations/DragonSoulEater/Scream.fbx using Guid(8b0b248c4105fd841aad612f61769ae9) Importer(2089858483,192608db42251d675da83286b1cce702) (ScriptedImporter) -> (artifact id: 'e77c90a29e304f6832ad7e8ac806c8ae') in 0.0584459 seconds
Number of updated asset objects reloaded before import = 0Number of asset objects unloaded after import = 133

========================================================================
Received Import Request.
  Time since last request: 0.000022 seconds.
  path: Assets/FreeDragons/Texture/DragonBoarPBR/AO.png
  artifactKey: Guid(e6ddf820ae074db43ba98cea8d65f3d1) Importer(2089858483,192608db42251d675da83286b1cce702)
Start importing Assets/FreeDragons/Texture/DragonBoarPBR/AO.png using Guid(e6ddf820ae074db43ba98cea8d65f3d1) Importer(2089858483,192608db42251d675da83286b1cce702) (ScriptedImporter) -> (artifact id: '0a3162277295be2d5b84ce5334d01654') in 0.08271 seconds
Number of updated asset objects reloaded before import = 0Number of asset objects unloaded after import = 1

========================================================================
Received Prepare
Refreshing native plugins compatible for Editor in 1.32 ms, found 3 plugins.
Preloading 0 native plugins for Editor in 0.00 ms.
Unloading 13 Unused Serialized files (Serialized files now loaded: 0)
Unloading 6105 unused Assets / (3.9 MB). Loaded Objects now: 6866.
Memory consumption went from 159.6 MB to 155.8 MB.
Total: 8.504800 ms (FindLiveObjects: 0.483500 ms CreateObjectMapping: 0.316800 ms MarkObjects: 5.926700 ms  DeleteObjects: 1.777000 ms)

Prepare: number of updated asset objects reloaded= 0
========================================================================
Received Import Request.
  Time since last request: 1.072445 seconds.
  path: Assets/Lab2 - Copy/RPGHero/Meshes/NewFreeRPGHero.fbx
  artifactKey: Guid(9ce6002518e821e43b4f97c76700fbac) Importer(2089858483,192608db42251d675da83286b1cce702)
Start importing Assets/Lab2 - Copy/RPGHero/Meshes/NewFreeRPGHero.fbx using Guid(9ce6002518e821e43b4f97c76700fbac) Importer(2089858483,192608db42251d675da83286b1cce702) (ScriptedImporter) -> (artifact id: '26bfe35d5ac9470bb443b910547f9430') in 0.0587838 seconds
Number of updated asset objects reloaded before import = 0Number of asset objects unloaded after import = 136

========================================================================
Received Import Request.
  Time since last request: 0.000026 seconds.
  path: Assets/Lab2 - Copy/Scripts/dragonCollider.cs
  artifactKey: Guid(8b39f5c817f020148ab10b03ebc606dc) Importer(815301076,1909f56bfc062723c751e8b465ee728b)
Start importing Assets/Lab2 - Copy/Scripts/dragonCollider.cs using Guid(8b39f5c817f020148ab10b03ebc606dc) Importer(815301076,1909f56bfc062723c751e8b465ee728b) (PreviewImporter) -> (artifact id: 'd24ed2f82698d63006436cf047e8fd9c') in 0.0007346 seconds
Number of updated asset objects reloaded before import = 0Number of asset objects unloaded after import = 0

========================================================================
Received Import Request.
  Time since last request: 0.000029 seconds.
  path: Assets/Lab2 - Copy/RPGHero/Meshes/Stage.fbx
  artifactKey: Guid(433ba552641724b44889f4b106bec3f5) Importer(2089858483,192608db42251d675da83286b1cce702)
Start importing Assets/Lab2 - Copy/RPGHero/Meshes/Stage.fbx using Guid(433ba552641724b44889f4b106bec3f5) Importer(2089858483,192608db42251d675da83286b1cce702) (ScriptedImporter) -> (artifact id: '686b2675087c3a4c62b6d4c8746cfbcb') in 0.0688513 seconds
Number of updated asset objects reloaded before import = 0Number of asset objects unloaded after import = 7

========================================================================
Received Import Request.
  Time since last request: 0.000017 seconds.
  path: Assets/Lab2 - Copy/RPGHero/Meshes/Shield.fbx
  artifactKey: Guid(9d34b073abce58249a1f664619a13aaa) Importer(2089858483,192608db42251d675da83286b1cce702)
Start importing Assets/Lab2 - Copy/RPGHero/Meshes/Shield.fbx using Guid(9d34b073abce58249a1f664619a13aaa) Importer(2089858483,192608db42251d675da83286b1cce702) (ScriptedImporter) -> (artifact id: 'ddb387b33d030c2453f352901f9272aa') in 0.0369084 seconds
Number of updated asset objects reloaded before import = 0Number of asset objects unloaded after import = 7

========================================================================
Received Import Request.
  Time since last request: 0.000019 seconds.
  path: Assets/Lab2 - Copy/RPGHero/Meshes/Sword.fbx
  artifactKey: Guid(64564c9f5e409974297b87494cbe4731) Importer(2089858483,192608db42251d675da83286b1cce702)
Start importing Assets/Lab2 - Copy/RPGHero/Meshes/Sword.fbx using Guid(64564c9f5e409974297b87494cbe4731) Importer(2089858483,192608db42251d675da83286b1cce702) (ScriptedImporter) -> (artifact id: 'a43b84f07c4cf771e4690e70ffe63170') in 0.0546207 seconds
Number of updated asset objects reloaded before import = 0Number of asset objects unloaded after import = 7

========================================================================
Received Import Request.
  Time since last request: 0.000041 seconds.
  path: Assets/Lab2 - Copy/RPGHero/Meshes/PolyartShield.fbx
  artifactKey: Guid(82d123ce4a1a7824bae34da0dd9e13f5) Importer(2089858483,192608db42251d675da83286b1cce702)
Start importing Assets/Lab2 - Copy/RPGHero/Meshes/PolyartShield.fbx using Guid(82d123ce4a1a7824bae34da0dd9e13f5) Importer(2089858483,192608db42251d675da83286b1cce702) (ScriptedImporter) -> (artifact id: 'd8e24cef6bbc8dbcfb79fad59b7d455f') in 0.071377 seconds
Number of updated asset objects reloaded before import = 0Number of asset objects unloaded after import = 7

========================================================================
Received Import Request.
  Time since last request: 0.000029 seconds.
  path: Assets/Lab2 - Copy/RPGHero/Prefabs/RPGHeroPBR.prefab
  artifactKey: Guid(1543549dcdf638d488bd40cb68dd9b8e) Importer(2089858483,192608db42251d675da83286b1cce702)
Start importing Assets/Lab2 - Copy/RPGHero/Prefabs/RPGHeroPBR.prefab using Guid(1543549dcdf638d488bd40cb68dd9b8e) Importer(2089858483,192608db42251d675da83286b1cce702) (ScriptedImporter) -> (artifact id: 'b8c487a75e513a2c61476543aae6f7fd') in 0.0927248 seconds
Number of updated asset objects reloaded before import = 0Number of asset objects unloaded after import = 154

========================================================================
Received Import Request.
  Time since last request: 0.000020 seconds.
  path: Assets/Lab2 - Copy/RPGHero/Scene/PBR_Character.unity
  artifactKey: Guid(0f835f7fd35f288419113152e2200a7c) Importer(2089858483,192608db42251d675da83286b1cce702)
Start importing Assets/Lab2 - Copy/RPGHero/Scene/PBR_Character.unity using Guid(0f835f7fd35f288419113152e2200a7c) Importer(2089858483,192608db42251d675da83286b1cce702) (ScriptedImporter) -> (artifact id: 'f368ce6673b4de42f68576ecc60413d4') in 0.0402681 seconds
Number of updated asset objects reloaded before import = 0Number of asset objects unloaded after import = 1

========================================================================
Received Import Request.
  Time since last request: 0.000034 seconds.
  path: Assets/Lab2 - Copy/RPGHero/Scene/HP_Character.unity
  artifactKey: Guid(66bd4f5b52f6e904a80ac4d7ff0bdcbe) Importer(2089858483,192608db42251d675da83286b1cce702)
Start importing Assets/Lab2 - Copy/RPGHero/Scene/HP_Character.unity using Guid(66bd4f5b52f6e904a80ac4d7ff0bdcbe) Importer(2089858483,192608db42251d675da83286b1cce702) (ScriptedImporter) -> (artifact id: 'c7d56d72e7584f74752e6a91d28528ab') in 0.0485812 seconds
Number of updated asset objects reloaded before import = 0Number of asset objects unloaded after import = 1

========================================================================
Received Import Request.
  Time since last request: 0.000016 seconds.
  path: Assets/Lab2 - Copy/RPGHero/Scene/PBR_CharacterSettings.lighting
  artifactKey: Guid(c9076ba9436e1c94e804a0a113958cc8) Importer(2089858483,192608db42251d675da83286b1cce702)
Start importing Assets/Lab2 - Copy/RPGHero/Scene/PBR_CharacterSettings.lighting using Guid(c9076ba9436e1c94e804a0a113958cc8) Importer(2089858483,192608db42251d675da83286b1cce702) (ScriptedImporter) -> (artifact id: '4bd28617b268b28fd4f0dca7581f58af') in 0.0480043 seconds
Number of updated asset objects reloaded before import = 0Number of asset objects unloaded after import = 1

========================================================================
Received Import Request.
  Time since last request: 0.016959 seconds.
  path: Assets/Lab2 - Copy/RPGHero/Scene/PolyArt_Character.unity
  artifactKey: Guid(96643f69e0eb5ba47980dde043dc2ce7) Importer(2089858483,192608db42251d675da83286b1cce702)
Start importing Assets/Lab2 - Copy/RPGHero/Scene/PolyArt_Character.unity using Guid(96643f69e0eb5ba47980dde043dc2ce7) Importer(2089858483,192608db42251d675da83286b1cce702) (ScriptedImporter) -> (artifact id: '65a08415b45ac28b0e46b2c7d1ad8209') in 0.0404669 seconds
Number of updated asset objects reloaded before import = 0Number of asset objects unloaded after import = 1

========================================================================
Received Import Request.
  Time since last request: 0.000020 seconds.
  path: Assets/Lab2 - Copy/RPGHero/Textures/PBR_MS.png
  artifactKey: Guid(8f230da24ef262747baee27cd5ef20ae) Importer(2089858483,192608db42251d675da83286b1cce702)
Start importing Assets/Lab2 - Copy/RPGHero/Textures/PBR_MS.png using Guid(8f230da24ef262747baee27cd5ef20ae) Importer(2089858483,192608db42251d675da83286b1cce702) (ScriptedImporter) -> (artifact id: '9342ccc85f0f59b730797c58d287efdb') in 0.0499725 seconds
Number of updated asset objects reloaded before import = 0Number of asset objects unloaded after import = 1

========================================================================
Received Import Request.
  Time since last request: 0.000028 seconds.
  path: Assets/Lab2 - Copy/RPGHero/Textures/PBR_AO.png
  artifactKey: Guid(0ad2676e72931c9428fea50394d358f4) Importer(2089858483,192608db42251d675da83286b1cce702)
Start importing Assets/Lab2 - Copy/RPGHero/Textures/PBR_AO.png using Guid(0ad2676e72931c9428fea50394d358f4) Importer(2089858483,192608db42251d675da83286b1cce702) (ScriptedImporter) -> (artifact id: '5d5051397d56ed1f4e35bed910f32076') in 0.058847 seconds
Number of updated asset objects reloaded before import = 0Number of asset objects unloaded after import = 1

========================================================================
Received Import Request.
  Time since last request: 0.000032 seconds.
  path: Assets/Lab2 - Copy/RPGHero/SRP/FreeRPGHeroesHD.zip
  artifactKey: Guid(b9840486e533dfc4a976192239e48783) Importer(2089858483,192608db42251d675da83286b1cce702)
Start importing Assets/Lab2 - Copy/RPGHero/SRP/FreeRPGHeroesHD.zip using Guid(b9840486e533dfc4a976192239e48783) Importer(2089858483,192608db42251d675da83286b1cce702) (ScriptedImporter) -> (artifact id: '178ba936752fe8733b8019ebb6ca83b0') in 0.0210759 seconds
Number of updated asset objects reloaded before import = 0Number of asset objects unloaded after import = 1

========================================================================
Received Import Request.
  Time since last request: 0.138491 seconds.
  path: Assets/Lab2 - Copy/RPGHero/Textures/PBR_NM.png
  artifactKey: Guid(d7c79101febab9d40a01bdc71adc4492) Importer(2089858483,192608db42251d675da83286b1cce702)
Start importing Assets/Lab2 - Copy/RPGHero/Textures/PBR_NM.png using Guid(d7c79101febab9d40a01bdc71adc4492) Importer(2089858483,192608db42251d675da83286b1cce702) (ScriptedImporter) -> (artifact id: '96baabd7286022315dd9990c15f25270') in 0.0636114 seconds
Number of updated asset objects reloaded before import = 0Number of asset objects unloaded after import = 1

========================================================================
Received Import Request.
  Time since last request: 0.000020 seconds.
  path: Assets/FreeDragons/Texture/DragonBoarPBR/Blue/Normal.png
  artifactKey: Guid(b26800cb6cdf6224081095f4f4636a2f) Importer(2089858483,192608db42251d675da83286b1cce702)
Start importing Assets/FreeDragons/Texture/DragonBoarPBR/Blue/Normal.png using Guid(b26800cb6cdf6224081095f4f4636a2f) Importer(2089858483,192608db42251d675da83286b1cce702) (ScriptedImporter) -> (artifact id: '68d1d05ad74492c5c95b8db2fd24440a') in 0.0845257 seconds
Number of updated asset objects reloaded before import = 0Number of asset objects unloaded after import = 1

========================================================================
Received Import Request.
  Time since last request: 0.000022 seconds.
  path: Assets/TutorialInfo - Copy/Scripts/Editor/ReadmeEditor.cs
  artifactKey: Guid(476cc7d7cd9874016adc216baab94a0a) Importer(2089858483,192608db42251d675da83286b1cce702)
Start importing Assets/TutorialInfo - Copy/Scripts/Editor/ReadmeEditor.cs using Guid(476cc7d7cd9874016adc216baab94a0a) Importer(2089858483,192608db42251d675da83286b1cce702) (ScriptedImporter) -> (artifact id: '6588ecc6ec1cadcffee7e9157d5aa936') in 0.0588289 seconds
Number of updated asset objects reloaded before import = 0Number of asset objects unloaded after import = 0

========================================================================
Received Import Request.
  Time since last request: 0.000028 seconds.
  path: Assets/FreeDragons/Texture/DragonBoarPBR/Blue/Albedo.png
  artifactKey: Guid(034398a226edc3c41aebbf4e5407ee76) Importer(2089858483,192608db42251d675da83286b1cce702)
Start importing Assets/FreeDragons/Texture/DragonBoarPBR/Blue/Albedo.png using Guid(034398a226edc3c41aebbf4e5407ee76) Importer(2089858483,192608db42251d675da83286b1cce702) (ScriptedImporter) -> (artifact id: '19b8bab7740edcb8f782cd8382a0d266') in 0.0753484 seconds
Number of updated asset objects reloaded before import = 0Number of asset objects unloaded after import = 1

========================================================================
Received Import Request.
  Time since last request: 0.003306 seconds.
  path: Assets/FreeDragons/Texture/DragonBoarPBR/Gold/Normal.png
  artifactKey: Guid(d4e81290acb8a10469114431c988d9fa) Importer(2089858483,192608db42251d675da83286b1cce702)
Start importing Assets/FreeDragons/Texture/DragonBoarPBR/Gold/Normal.png using Guid(d4e81290acb8a10469114431c988d9fa) Importer(2089858483,192608db42251d675da83286b1cce702) (ScriptedImporter) -> (artifact id: 'aa5948b893ef5febf8f8621f627670b8') in 0.0877725 seconds
Number of updated asset objects reloaded before import = 0Number of asset objects unloaded after import = 1

========================================================================
Received Import Request.
  Time since last request: 0.000018 seconds.
  path: Assets/FreeDragons/Texture/DragonBoarPBR/Green/Metallic.png
  artifactKey: Guid(b5f32b6247180084590191841f3c13eb) Importer(2089858483,192608db42251d675da83286b1cce702)
Start importing Assets/FreeDragons/Texture/DragonBoarPBR/Green/Metallic.png using Guid(b5f32b6247180084590191841f3c13eb) Importer(2089858483,192608db42251d675da83286b1cce702) (ScriptedImporter) -> (artifact id: '969ecdfb113722ed0b329cb560513b36') in 0.0903844 seconds
Number of updated asset objects reloaded before import = 0Number of asset objects unloaded after import = 1

========================================================================
Received Import Request.
  Time since last request: 0.000037 seconds.
  path: Assets/FreeDragons/Texture/DragonBoarPBR/Red/Albedo.png
  artifactKey: Guid(841a32a359f4c884aa70888f299b0bf7) Importer(2089858483,192608db42251d675da83286b1cce702)
Start importing Assets/FreeDragons/Texture/DragonBoarPBR/Red/Albedo.png using Guid(841a32a359f4c884aa70888f299b0bf7) Importer(2089858483,192608db42251d675da83286b1cce702) (ScriptedImporter) -> (artifact id: '3c3d6d284d518fa1afd8d6df918cccfe') in 0.0826452 seconds
Number of updated asset objects reloaded before import = 0Number of asset objects unloaded after import = 1

========================================================================
Received Import Request.
  Time since last request: 0.000017 seconds.
  path: Assets/FreeDragons/Texture/DragonBoarPBR/Red/Normal.png
  artifactKey: Guid(50bd1d3db0216d2448173fdd9efef490) Importer(2089858483,192608db42251d675da83286b1cce702)
Start importing Assets/FreeDragons/Texture/DragonBoarPBR/Red/Normal.png using Guid(50bd1d3db0216d2448173fdd9efef490) Importer(2089858483,192608db42251d675da83286b1cce702) (ScriptedImporter) -> (artifact id: 'f64e95d6cf800bb4dcb17642c696bae6') in 0.0534309 seconds
Number of updated asset objects reloaded before import = 0Number of asset objects unloaded after import = 1

========================================================================
Received Import Request.
  Time since last request: 0.000019 seconds.
  path: Assets/FreeDragons/Texture/DragonSoulEaterPBR/Blue/AO.png
  artifactKey: Guid(9cb92b3140d176044b746047f0c9b5d4) Importer(2089858483,192608db42251d675da83286b1cce702)
Start importing Assets/FreeDragons/Texture/DragonSoulEaterPBR/Blue/AO.png using Guid(9cb92b3140d176044b746047f0c9b5d4) Importer(2089858483,192608db42251d675da83286b1cce702) (ScriptedImporter) -> (artifact id: 'd971d39f33408cf323ed00b72724a453') in 0.0657389 seconds
Number of updated asset objects reloaded before import = 0Number of asset objects unloaded after import = 1

========================================================================
Received Import Request.
  Time since last request: 0.000028 seconds.
  path: Assets/FreeDragons/Texture/DragonSoulEaterPBR/green/Albedo.png
  artifactKey: Guid(ee296f39b4ba6684bb7472b54e7562e0) Importer(2089858483,192608db42251d675da83286b1cce702)
Start importing Assets/FreeDragons/Texture/DragonSoulEaterPBR/green/Albedo.png using Guid(ee296f39b4ba6684bb7472b54e7562e0) Importer(2089858483,192608db42251d675da83286b1cce702) (ScriptedImporter) -> (artifact id: '5017146dc955242cd520eb81a9d82202') in 0.0653649 seconds
Number of updated asset objects reloaded before import = 0Number of asset objects unloaded after import = 1

========================================================================
Received Import Request.
  Time since last request: 0.000019 seconds.
  path: Assets/FreeDragons/Texture/DragonSoulEaterPBR/Blue/Normal.png
  artifactKey: Guid(695f0e176d75f214d8f27c638f64549a) Importer(2089858483,192608db42251d675da83286b1cce702)
Start importing Assets/FreeDragons/Texture/DragonSoulEaterPBR/Blue/Normal.png using Guid(695f0e176d75f214d8f27c638f64549a) Importer(2089858483,192608db42251d675da83286b1cce702) (ScriptedImporter) -> (artifact id: 'd678a3b3103222a7b7366415caa885c4') in 0.0597023 seconds
Number of updated asset objects reloaded before import = 0Number of asset objects unloaded after import = 1

========================================================================
Received Import Request.
  Time since last request: 0.000018 seconds.
  path: Assets/FreeDragons/Texture/DragonSoulEaterPBR/green/Normal.png
  artifactKey: Guid(e8ab2db90023b534d9ba7c3bcacd01b2) Importer(2089858483,192608db42251d675da83286b1cce702)
Start importing Assets/FreeDragons/Texture/DragonSoulEaterPBR/green/Normal.png using Guid(e8ab2db90023b534d9ba7c3bcacd01b2) Importer(2089858483,192608db42251d675da83286b1cce702) (ScriptedImporter) -> (artifact id: 'd455e3647a32aafa9f40131beb84f783') in 0.0397416 seconds
Number of updated asset objects reloaded before import = 0Number of asset objects unloaded after import = 1

========================================================================
Received Import Request.
  Time since last request: 0.063051 seconds.
  path: Assets/FreeDragons/Texture/DragonSoulEaterPBR/green/Specular.png
  artifactKey: Guid(152c76906b9a11d4e8761353c77d457f) Importer(2089858483,192608db42251d675da83286b1cce702)
Start importing Assets/FreeDragons/Texture/DragonSoulEaterPBR/green/Specular.png using Guid(152c76906b9a11d4e8761353c77d457f) Importer(2089858483,192608db42251d675da83286b1cce702) (ScriptedImporter) -> (artifact id: '5bf54db15bdb3f760de39ab1145ef644') in 0.055446 seconds
Number of updated asset objects reloaded before import = 0Number of asset objects unloaded after import = 1

========================================================================
Received Import Request.
  Time since last request: 0.000016 seconds.
  path: Assets/FreeDragons/Texture/DragonSoulEaterPBR/Red/Albedo.png
  artifactKey: Guid(adcaccd36e62dd040a4da66d8a509689) Importer(2089858483,192608db42251d675da83286b1cce702)
Start importing Assets/FreeDragons/Texture/DragonSoulEaterPBR/Red/Albedo.png using Guid(adcaccd36e62dd040a4da66d8a509689) Importer(2089858483,192608db42251d675da83286b1cce702) (ScriptedImporter) -> (artifact id: 'c451f70eb36aac07f45db278be438ab8') in 0.0650484 seconds
Number of updated asset objects reloaded before import = 0Number of asset objects unloaded after import = 1

========================================================================
Received Import Request.
  Time since last request: 0.000019 seconds.
  path: Assets/FreeDragons/Texture/DragonSoulEaterPBR/Red/AO.png
  artifactKey: Guid(8b3e101d8395b6e4dbbf87c03e4fd446) Importer(2089858483,192608db42251d675da83286b1cce702)
Start importing Assets/FreeDragons/Texture/DragonSoulEaterPBR/Red/AO.png using Guid(8b3e101d8395b6e4dbbf87c03e4fd446) Importer(2089858483,192608db42251d675da83286b1cce702) (ScriptedImporter) -> (artifact id: 'fa11f2d8a436dcaf4b76464143956b01') in 0.0358169 seconds
Number of updated asset objects reloaded before import = 0Number of asset objects unloaded after import = 1

========================================================================
Received Import Request.
  Time since last request: 0.000027 seconds.
  path: Assets/FreeDragons/Texture/DragonSoulEaterPBR/purple/Specular.png
  artifactKey: Guid(a125460b407d6bc4e84ab93739e0773f) Importer(2089858483,192608db42251d675da83286b1cce702)
Start importing Assets/FreeDragons/Texture/DragonSoulEaterPBR/purple/Specular.png using Guid(a125460b407d6bc4e84ab93739e0773f) Importer(2089858483,192608db42251d675da83286b1cce702) (ScriptedImporter) -> (artifact id: 'f165a683eed27bc99a199d0d2cc8399c') in 0.0294164 seconds
Number of updated asset objects reloaded before import = 0Number of asset objects unloaded after import = 1

========================================================================
Received Import Request.
  Time since last request: 0.108294 seconds.
  path: Assets/FreeDragons/Texture/DragonSoulEaterPBR/Red/Emission.png
  artifactKey: Guid(fea429ad09ce60b499551131d6aebd72) Importer(2089858483,192608db42251d675da83286b1cce702)
Start importing Assets/FreeDragons/Texture/DragonSoulEaterPBR/Red/Emission.png using Guid(fea429ad09ce60b499551131d6aebd72) Importer(2089858483,192608db42251d675da83286b1cce702) (ScriptedImporter) -> (artifact id: 'fcb3a83fb2d61ff1940d5e66d0a71e15') in 0.0402007 seconds
Number of updated asset objects reloaded before import = 0Number of asset objects unloaded after import = 1

========================================================================
Received Import Request.
  Time since last request: 0.000017 seconds.
  path: Assets/Lab2 - Copy/BTM_Assets/BTM_Items_Gems/Materials/BaseMaterial_Orange.mat
  artifactKey: Guid(7669597e2cd68b246afed9abf2c0d93f) Importer(2089858483,192608db42251d675da83286b1cce702)
Start importing Assets/Lab2 - Copy/BTM_Assets/BTM_Items_Gems/Materials/BaseMaterial_Orange.mat using Guid(7669597e2cd68b246afed9abf2c0d93f) Importer(2089858483,192608db42251d675da83286b1cce702) (ScriptedImporter) -> (artifact id: 'e67f4b6be5365e76bda8529a54c45f82') in 0.0827317 seconds
Number of updated asset objects reloaded before import = 0Number of asset objects unloaded after import = 2

========================================================================
Received Import Request.
  Time since last request: 0.000044 seconds.
  path: Assets/Lab2 - Copy/BTM_Assets/BTM_Items_Gems/Materials/BaseMaterial_Green.mat
  artifactKey: Guid(295821634a833294693d2f4e873f36c7) Importer(2089858483,192608db42251d675da83286b1cce702)
Start importing Assets/Lab2 - Copy/BTM_Assets/BTM_Items_Gems/Materials/BaseMaterial_Green.mat using Guid(295821634a833294693d2f4e873f36c7) Importer(2089858483,192608db42251d675da83286b1cce702) (ScriptedImporter) -> (artifact id: 'cfe32f49426e9eaa24ba064a4a705b90') in 0.0489581 seconds
Number of updated asset objects reloaded before import = 0Number of asset objects unloaded after import = 2

========================================================================
Received Import Request.
  Time since last request: 0.000020 seconds.
  path: Assets/Lab2 - Copy/BTM_Assets/BTM_Items_Gems/Materials/BaseMaterial.mat
  artifactKey: Guid(580d7e954bbff174794836248c2cc077) Importer(2089858483,192608db42251d675da83286b1cce702)
Start importing Assets/Lab2 - Copy/BTM_Assets/BTM_Items_Gems/Materials/BaseMaterial.mat using Guid(580d7e954bbff174794836248c2cc077) Importer(2089858483,192608db42251d675da83286b1cce702) (ScriptedImporter) -> (artifact id: 'e50f0333c98cd1bc7f331a4df097a8a0') in 0.0331011 seconds
Number of updated asset objects reloaded before import = 0Number of asset objects unloaded after import = 2

========================================================================
Received Import Request.
  Time since last request: 0.103413 seconds.
  path: Assets/Lab2 - Copy/BTM_Assets/BTM_Items_Gems/Materials/BaseMaterial_Red.mat
  artifactKey: Guid(54c8451b55ffecb48864cfb6ba684d60) Importer(2089858483,192608db42251d675da83286b1cce702)
Start importing Assets/Lab2 - Copy/BTM_Assets/BTM_Items_Gems/Materials/BaseMaterial_Red.mat using Guid(54c8451b55ffecb48864cfb6ba684d60) Importer(2089858483,192608db42251d675da83286b1cce702) (ScriptedImporter) -> (artifact id: '63cbdaa83b12aa71d6382f8e21ef8637') in 0.0495808 seconds
Number of updated asset objects reloaded before import = 0Number of asset objects unloaded after import = 2

========================================================================
Received Import Request.
  Time since last request: 0.000018 seconds.
  path: Assets/Lab2 - Copy/BTM_Assets/BTM_Items_Gems/Materials/Gradient Pallete.png
  artifactKey: Guid(fdc9284e7f7d7be488f34ed803e0c9af) Importer(2089858483,192608db42251d675da83286b1cce702)
Start importing Assets/Lab2 - Copy/BTM_Assets/BTM_Items_Gems/Materials/Gradient Pallete.png using Guid(fdc9284e7f7d7be488f34ed803e0c9af) Importer(2089858483,192608db42251d675da83286b1cce702) (ScriptedImporter) -> (artifact id: 'f1722891e537a35e350702aae78cf3fd') in 0.0340897 seconds
Number of updated asset objects reloaded before import = 0Number of asset objects unloaded after import = 1

========================================================================
Received Import Request.
  Time since last request: 0.000027 seconds.
  path: Assets/Lab2 - Copy/BTM_Assets/BTM_Items_Gems/Materials/BaseMaterial_Yellow.mat
  artifactKey: Guid(86b9460a9415e6746990f17338b0983a) Importer(2089858483,192608db42251d675da83286b1cce702)
Start importing Assets/Lab2 - Copy/BTM_Assets/BTM_Items_Gems/Materials/BaseMaterial_Yellow.mat using Guid(86b9460a9415e6746990f17338b0983a) Importer(2089858483,192608db42251d675da83286b1cce702) (ScriptedImporter) -> (artifact id: '82e4efa1b1ce3eeee1ace343cd12d2be') in 0.023771 seconds
Number of updated asset objects reloaded before import = 0Number of asset objects unloaded after import = 2

========================================================================
Received Import Request.
  Time since last request: 0.000030 seconds.
  path: Assets/Lab2 - Copy/BTM_Assets/BTM_Items_Gems/Models/5SideDiamond.fbx
  artifactKey: Guid(7d7b6793cdd278a4084fd1e487655b7e) Importer(2089858483,192608db42251d675da83286b1cce702)
Start importing Assets/Lab2 - Copy/BTM_Assets/BTM_Items_Gems/Models/5SideDiamond.fbx using Guid(7d7b6793cdd278a4084fd1e487655b7e) Importer(2089858483,192608db42251d675da83286b1cce702) (ScriptedImporter) -> (artifact id: '6fac8d4a4e4f057585022ba62fe321f2') in 0.0616961 seconds
Number of updated asset objects reloaded before import = 0Number of asset objects unloaded after import = 9

========================================================================
Received Import Request.
  Time since last request: 0.137491 seconds.
  path: Assets/Lab2 - Copy/BTM_Assets/BTM_Items_Gems/Models/BluePotion.fbx
  artifactKey: Guid(85c36c7b89cce1e48bfb44ae5c1fdc84) Importer(2089858483,192608db42251d675da83286b1cce702)
Start importing Assets/Lab2 - Copy/BTM_Assets/BTM_Items_Gems/Models/BluePotion.fbx using Guid(85c36c7b89cce1e48bfb44ae5c1fdc84) Importer(2089858483,192608db42251d675da83286b1cce702) (ScriptedImporter) -> (artifact id: '96bafe1814380ac42877eda6c2a98da9') in 0.0486251 seconds
Number of updated asset objects reloaded before import = 0Number of asset objects unloaded after import = 9

========================================================================
Received Import Request.
  Time since last request: 0.000020 seconds.
  path: Assets/Lab2 - Copy/BTM_Assets/BTM_Items_Gems/Models/CubieB.fbx
  artifactKey: Guid(7148248965433f946aecfed295757f20) Importer(2089858483,192608db42251d675da83286b1cce702)
Start importing Assets/Lab2 - Copy/BTM_Assets/BTM_Items_Gems/Models/CubieB.fbx using Guid(7148248965433f946aecfed295757f20) Importer(2089858483,192608db42251d675da83286b1cce702) (ScriptedImporter) -> (artifact id: '22195f1c207156d36fc1fe8d72a6c1c0') in 0.0545779 seconds
Number of updated asset objects reloaded before import = 0Number of asset objects unloaded after import = 9

========================================================================
Received Import Request.
  Time since last request: 0.000022 seconds.
  path: Assets/Lab2 - Copy/BTM_Assets/BTM_Items_Gems/Models/Clock.fbx
  artifactKey: Guid(1e5b0c023ae30f04c81e40590c70ac4c) Importer(2089858483,192608db42251d675da83286b1cce702)
Start importing Assets/Lab2 - Copy/BTM_Assets/BTM_Items_Gems/Models/Clock.fbx using Guid(1e5b0c023ae30f04c81e40590c70ac4c) Importer(2089858483,192608db42251d675da83286b1cce702) (ScriptedImporter) -> (artifact id: 'c7fda0ec912c104624525c72306525d1') in 0.0572656 seconds
Number of updated asset objects reloaded before import = 0Number of asset objects unloaded after import = 9

========================================================================
Received Import Request.
  Time since last request: 0.000030 seconds.
  path: Assets/Lab2 - Copy/BTM_Assets/BTM_Items_Gems/Models/Cubie.fbx
  artifactKey: Guid(246fb11fab76bc041a0f4c7e7a6cf407) Importer(2089858483,192608db42251d675da83286b1cce702)
Start importing Assets/Lab2 - Copy/BTM_Assets/BTM_Items_Gems/Models/Cubie.fbx using Guid(246fb11fab76bc041a0f4c7e7a6cf407) Importer(2089858483,192608db42251d675da83286b1cce702) (ScriptedImporter) -> (artifact id: 'c19e95bb280fe5d7c931215ebd8b04d7') in 0.0590189 seconds
Number of updated asset objects reloaded before import = 0Number of asset objects unloaded after import = 9

========================================================================
Received Import Request.
  Time since last request: 0.061980 seconds.
  path: Assets/Lab2 - Copy/BTM_Assets/BTM_Items_Gems/Models/Diamondo.fbx
  artifactKey: Guid(8b76e94f4294db842928c1d103f1afce) Importer(2089858483,192608db42251d675da83286b1cce702)
Start importing Assets/Lab2 - Copy/BTM_Assets/BTM_Items_Gems/Models/Diamondo.fbx using Guid(8b76e94f4294db842928c1d103f1afce) Importer(2089858483,192608db42251d675da83286b1cce702) (ScriptedImporter) -> (artifact id: 'eb490e3ea645487560d7423572d2c349') in 0.0527445 seconds
Number of updated asset objects reloaded before import = 0Number of asset objects unloaded after import = 9

========================================================================
Received Import Request.
  Time since last request: 0.000023 seconds.
  path: Assets/Lab2 - Copy/BTM_Assets/BTM_Items_Gems/Models/GoldBar.fbx
  artifactKey: Guid(b595019e353f6c64196dd301530f35a4) Importer(2089858483,192608db42251d675da83286b1cce702)
Start importing Assets/Lab2 - Copy/BTM_Assets/BTM_Items_Gems/Models/GoldBar.fbx using Guid(b595019e353f6c64196dd301530f35a4) Importer(2089858483,192608db42251d675da83286b1cce702) (ScriptedImporter) -> (artifact id: '94a967e2c5d3d661e27414bcc447b9d9') in 0.0657516 seconds
Number of updated asset objects reloaded before import = 0Number of asset objects unloaded after import = 9

========================================================================
Received Import Request.
  Time since last request: 0.000031 seconds.
  path: Assets/Lab2 - Copy/BTM_Assets/BTM_Items_Gems/Models/GreenVial.fbx
  artifactKey: Guid(78c3a76a813d69f4eadc66502083509a) Importer(2089858483,192608db42251d675da83286b1cce702)
Start importing Assets/Lab2 - Copy/BTM_Assets/BTM_Items_Gems/Models/GreenVial.fbx using Guid(78c3a76a813d69f4eadc66502083509a) Importer(2089858483,192608db42251d675da83286b1cce702) (ScriptedImporter) -> (artifact id: 'ec4f305415db926f57e534b1c482364d') in 0.0619208 seconds
Number of updated asset objects reloaded before import = 0Number of asset objects unloaded after import = 9

========================================================================
Received Import Request.
  Time since last request: 0.000020 seconds.
  path: Assets/Lab2 - Copy/BTM_Assets/BTM_Items_Gems/Models/FirstAid.fbx
  artifactKey: Guid(28f47d80bc95498439cdafc67733ef34) Importer(2089858483,192608db42251d675da83286b1cce702)
Start importing Assets/Lab2 - Copy/BTM_Assets/BTM_Items_Gems/Models/FirstAid.fbx using Guid(28f47d80bc95498439cdafc67733ef34) Importer(2089858483,192608db42251d675da83286b1cce702) (ScriptedImporter) -> (artifact id: 'be58ef80fffe5d5e9e81391130ea9c68') in 0.0485212 seconds
Number of updated asset objects reloaded before import = 0Number of asset objects unloaded after import = 9

========================================================================
Received Import Request.
  Time since last request: 0.053315 seconds.
  path: Assets/Scenes - Copy/SampleScene.unity
  artifactKey: Guid(99c9720ab356a0642a771bea13969a05) Importer(2089858483,192608db42251d675da83286b1cce702)
Start importing Assets/Scenes - Copy/SampleScene.unity using Guid(99c9720ab356a0642a771bea13969a05) Importer(2089858483,192608db42251d675da83286b1cce702) (ScriptedImporter) -> (artifact id: '3fa41235f897499c5fa2804972d382cf') in 0.029129 seconds
Number of updated asset objects reloaded before import = 0Number of asset objects unloaded after import = 1

========================================================================
Received Import Request.
  Time since last request: 0.000017 seconds.
  path: Assets/Lab2 - Copy/BTM_Assets/BTM_Items_Gems/Models/Money.fbx
  artifactKey: Guid(01ee5422ad585ae4388dbfcac584f133) Importer(2089858483,192608db42251d675da83286b1cce702)
Start importing Assets/Lab2 - Copy/BTM_Assets/BTM_Items_Gems/Models/Money.fbx using Guid(01ee5422ad585ae4388dbfcac584f133) Importer(2089858483,192608db42251d675da83286b1cce702) (ScriptedImporter) -> (artifact id: '22bfe3701913e71a29efdcfb59ba5e77') in 0.1064263 seconds
Number of updated asset objects reloaded before import = 0Number of asset objects unloaded after import = 9

========================================================================
Received Import Request.
  Time since last request: 0.000028 seconds.
  path: Assets/FreeDragons/Animations/DragonBoar/idle.fbx
  artifactKey: Guid(2bcf21f129797c541a2ce3587bf59eed) Importer(2089858483,192608db42251d675da83286b1cce702)
Start importing Assets/FreeDragons/Animations/DragonBoar/idle.fbx using Guid(2bcf21f129797c541a2ce3587bf59eed) Importer(2089858483,192608db42251d675da83286b1cce702) (ScriptedImporter) -> (artifact id: '74162b8a2cec26dccf5ba462562db644') in 0.0673466 seconds
Number of updated asset objects reloaded before import = 0Number of asset objects unloaded after import = 93

========================================================================
Received Import Request.
  Time since last request: 0.000029 seconds.
  path: Assets/Settings - Copy/PC_RPAsset.asset
  artifactKey: Guid(4b83569d67af61e458304325a23e5dfd) Importer(2089858483,192608db42251d675da83286b1cce702)
Start importing Assets/Settings - Copy/PC_RPAsset.asset using Guid(4b83569d67af61e458304325a23e5dfd) Importer(2089858483,192608db42251d675da83286b1cce702) (ScriptedImporter) -> (artifact id: '0f59d5acf59a6c13fd5dcd6474c7d7e1') in 0.072176 seconds
Number of updated asset objects reloaded before import = 0Number of asset objects unloaded after import = 1

========================================================================
Received Import Request.
  Time since last request: 0.000023 seconds.
  path: Assets/FreeDragons/Animations/DragonSoulEater/Tail Attack.fbx
  artifactKey: Guid(1e32448c0eb5bdb45b3a576fb8011df0) Importer(2089858483,192608db42251d675da83286b1cce702)
Start importing Assets/FreeDragons/Animations/DragonSoulEater/Tail Attack.fbx using Guid(1e32448c0eb5bdb45b3a576fb8011df0) Importer(2089858483,192608db42251d675da83286b1cce702) (ScriptedImporter) -> (artifact id: '1f42332fa503524a8ceac30a6ec5971c') in 0.0650234 seconds
Number of updated asset objects reloaded before import = 0Number of asset objects unloaded after import = 133

========================================================================
Received Import Request.
  Time since last request: 0.000028 seconds.
  path: Assets/Lab2 - Copy/BTM_Assets/BTM_Items_Gems/Models/Key.fbx
  artifactKey: Guid(8903becf9bb9b124099407630c637d16) Importer(2089858483,192608db42251d675da83286b1cce702)
Start importing Assets/Lab2 - Copy/BTM_Assets/BTM_Items_Gems/Models/Key.fbx using Guid(8903becf9bb9b124099407630c637d16) Importer(2089858483,192608db42251d675da83286b1cce702) (ScriptedImporter) -> (artifact id: '7f62530ba2b3e674d022e66b2d06cb46') in 0.0602465 seconds
Number of updated asset objects reloaded before import = 0Number of asset objects unloaded after import = 9

========================================================================
Received Import Request.
  Time since last request: 0.000039 seconds.
  path: Assets/FreeDragons/Animators/DragonBoarCTRL.controller
  artifactKey: Guid(08f6634017a8e784a8807f193b72bec9) Importer(2089858483,192608db42251d675da83286b1cce702)
Start importing Assets/FreeDragons/Animators/DragonBoarCTRL.controller using Guid(08f6634017a8e784a8807f193b72bec9) Importer(2089858483,192608db42251d675da83286b1cce702) (ScriptedImporter) -> (artifact id: '6c1f23423254746d007afabb66805017') in 0.1817875 seconds
Number of updated asset objects reloaded before import = 0Number of asset objects unloaded after import = 28

========================================================================
Received Import Request.
  Time since last request: 0.000021 seconds.
  path: Assets/FreeDragons/Animations/DragonSoulEater/Fly Fireball Shoot.fbx
  artifactKey: Guid(37760f0079ba2124cb0198d37570b625) Importer(2089858483,192608db42251d675da83286b1cce702)
Start importing Assets/FreeDragons/Animations/DragonSoulEater/Fly Fireball Shoot.fbx using Guid(37760f0079ba2124cb0198d37570b625) Importer(2089858483,192608db42251d675da83286b1cce702) (ScriptedImporter) -> (artifact id: '3523e629019e10b889a0dcdc7532f551') in 0.0446329 seconds
Number of updated asset objects reloaded before import = 0Number of asset objects unloaded after import = 133

========================================================================
Received Import Request.
  Time since last request: 0.000026 seconds.
  path: Assets/Lab2 - Copy/BTM_Assets/BTM_Items_Gems/Models/Shield.fbx
  artifactKey: Guid(e9820a790af8497409d7cab84e2403b4) Importer(2089858483,192608db42251d675da83286b1cce702)
Start importing Assets/Lab2 - Copy/BTM_Assets/BTM_Items_Gems/Models/Shield.fbx using Guid(e9820a790af8497409d7cab84e2403b4) Importer(2089858483,192608db42251d675da83286b1cce702) (ScriptedImporter) -> (artifact id: '67b703147dfbcc6cec232df7b7922dc7') in 0.0609766 seconds
Number of updated asset objects reloaded before import = 0Number of asset objects unloaded after import = 9

========================================================================
Received Import Request.
  Time since last request: 0.000020 seconds.
  path: Assets/FreeDragons/Materials/DragonBoarPBR/BluePBR.mat
  artifactKey: Guid(47ea938179c096840b80ea73fa8d50e7) Importer(2089858483,192608db42251d675da83286b1cce702)
Start importing Assets/FreeDragons/Materials/DragonBoarPBR/BluePBR.mat using Guid(47ea938179c096840b80ea73fa8d50e7) Importer(2089858483,192608db42251d675da83286b1cce702) (ScriptedImporter) -> (artifact id: '1813ab9e83f03513f8c7e6e55e82ba95') in 0.2077246 seconds
Number of updated asset objects reloaded before import = 0Number of asset objects unloaded after import = 6

========================================================================
Received Import Request.
  Time since last request: 0.000028 seconds.
  path: Assets/Lab2 - Copy/BTM_Assets/BTM_Items_Gems/Models/Penta.fbx
  artifactKey: Guid(6c8f3faefe517b04a8a459b2e554a758) Importer(2089858483,192608db42251d675da83286b1cce702)
Start importing Assets/Lab2 - Copy/BTM_Assets/BTM_Items_Gems/Models/Penta.fbx using Guid(6c8f3faefe517b04a8a459b2e554a758) Importer(2089858483,192608db42251d675da83286b1cce702) (ScriptedImporter) -> (artifact id: 'fefdd749ce0cdcc20b0a4a432cbf5f54') in 0.061455 seconds
Number of updated asset objects reloaded before import = 0Number of asset objects unloaded after import = 9

========================================================================
Received Import Request.
  Time since last request: 0.000035 seconds.
  path: Assets/Lab2 - Copy/Scripts/pathManager.cs
  artifactKey: Guid(04a984b605a8fff4e9923b267da669ba) Importer(2089858483,192608db42251d675da83286b1cce702)
Start importing Assets/Lab2 - Copy/Scripts/pathManager.cs using Guid(04a984b605a8fff4e9923b267da669ba) Importer(2089858483,192608db42251d675da83286b1cce702) (ScriptedImporter) -> (artifact id: '26ec4d70ff05185ad2d2d542bc39a8fa') in 0.0286311 seconds
Number of updated asset objects reloaded before import = 0Number of asset objects unloaded after import = 0

========================================================================
Received Import Request.
  Time since last request: 0.000015 seconds.
  path: Assets/Lab2 - Copy/BTM_Assets/BTM_Items_Gems/Models/Hexagon.fbx
  artifactKey: Guid(31e9d37a08f6c8a43856c4d77449588c) Importer(2089858483,192608db42251d675da83286b1cce702)
Start importing Assets/Lab2 - Copy/BTM_Assets/BTM_Items_Gems/Models/Hexagon.fbx using Guid(31e9d37a08f6c8a43856c4d77449588c) Importer(2089858483,192608db42251d675da83286b1cce702) (ScriptedImporter) -> (artifact id: 'bdbfaf360fb307e83cd5ee0dee8915e7') in 0.0617027 seconds
Number of updated asset objects reloaded before import = 0Number of asset objects unloaded after import = 9

========================================================================
Received Import Request.
  Time since last request: 0.000019 seconds.
  path: Assets/Lab2 - Copy/BTM_Assets/BTM_Items_Gems/Models/StarGem2.fbx
  artifactKey: Guid(5139e0164226e30489a3d299aba7e4b2) Importer(2089858483,192608db42251d675da83286b1cce702)
Start importing Assets/Lab2 - Copy/BTM_Assets/BTM_Items_Gems/Models/StarGem2.fbx using Guid(5139e0164226e30489a3d299aba7e4b2) Importer(2089858483,192608db42251d675da83286b1cce702) (ScriptedImporter) -> (artifact id: '867fd92b12203fc59e8291fd13d1c457') in 0.0569508 seconds
Number of updated asset objects reloaded before import = 0Number of asset objects unloaded after import = 9

========================================================================
Received Import Request.
  Time since last request: 0.000029 seconds.
  path: Assets/FreeDragons/Texture/DragonBoarPBR/Emission.png
  artifactKey: Guid(1aff7b4c5d1ad334e9736911d3fa9a8f) Importer(2089858483,192608db42251d675da83286b1cce702)
Start importing Assets/FreeDragons/Texture/DragonBoarPBR/Emission.png using Guid(1aff7b4c5d1ad334e9736911d3fa9a8f) Importer(2089858483,192608db42251d675da83286b1cce702) (ScriptedImporter) -> (artifact id: '7bcf9f2b3fd4de5e35ed0d671d9927bf') in 0.0360457 seconds
Number of updated asset objects reloaded before import = 0Number of asset objects unloaded after import = 1

========================================================================
Received Import Request.
  Time since last request: 0.000027 seconds.
  path: Assets/FreeDragons/Materials/DragonSoulEaterHP/BlueHP.mat
  artifactKey: Guid(223014bfc9b7f824c817068ce2158d99) Importer(2089858483,192608db42251d675da83286b1cce702)
Start importing Assets/FreeDragons/Materials/DragonSoulEaterHP/BlueHP.mat using Guid(223014bfc9b7f824c817068ce2158d99) Importer(2089858483,192608db42251d675da83286b1cce702) (ScriptedImporter) -> (artifact id: 'eb561a85ca0af37062eeb8037f6b2349') in 0.0778695 seconds
Number of updated asset objects reloaded before import = 0Number of asset objects unloaded after import = 2

========================================================================
Received Import Request.
  Time since last request: 0.000020 seconds.
  path: Assets/Lab2 - Copy/BTM_Assets/BTM_Items_Gems/Prefabs/Battery.prefab
  artifactKey: Guid(b1dcde6e675915e46beef84becea3234) Importer(2089858483,192608db42251d675da83286b1cce702)
Start importing Assets/Lab2 - Copy/BTM_Assets/BTM_Items_Gems/Prefabs/Battery.prefab using Guid(b1dcde6e675915e46beef84becea3234) Importer(2089858483,192608db42251d675da83286b1cce702) (ScriptedImporter) -> (artifact id: 'ac6009c399d672d2afb66b140ba23c10') in 0.0739666 seconds
Number of updated asset objects reloaded before import = 0Number of asset objects unloaded after import = 15

========================================================================
Received Import Request.
  Time since last request: 0.000023 seconds.
  path: Assets/FreeDragons/Materials/DragonSoulEaterPBR/PurplePBR.mat
  artifactKey: Guid(0526c5be35ba93547acf614ed1950a2f) Importer(2089858483,192608db42251d675da83286b1cce702)
Start importing Assets/FreeDragons/Materials/DragonSoulEaterPBR/PurplePBR.mat using Guid(0526c5be35ba93547acf614ed1950a2f) Importer(2089858483,192608db42251d675da83286b1cce702) (ScriptedImporter) -> (artifact id: '16242aa41df9fd8739f6fb26f7e2f98b') in 0.0895687 seconds
Number of updated asset objects reloaded before import = 0Number of asset objects unloaded after import = 6

========================================================================
Received Import Request.
  Time since last request: 0.000036 seconds.
  path: Assets/FreeDragons/Materials/DragonSoulEaterHP/GreyHP.mat
  artifactKey: Guid(37ba4f0025b9316488ee77c4a8ec9066) Importer(2089858483,192608db42251d675da83286b1cce702)
Start importing Assets/FreeDragons/Materials/DragonSoulEaterHP/GreyHP.mat using Guid(37ba4f0025b9316488ee77c4a8ec9066) Importer(2089858483,192608db42251d675da83286b1cce702) (ScriptedImporter) -> (artifact id: '7fe523a24106bc2e39f96f2dab97523a') in 0.0851755 seconds
Number of updated asset objects reloaded before import = 0Number of asset objects unloaded after import = 2

========================================================================
Received Import Request.
  Time since last request: 0.000025 seconds.
  path: Assets/Lab2 - Copy/RPGHero/Animations/GetHit_SwordShield.anim
  artifactKey: Guid(6d32045a77b90ed4d818b2bfcfa1476f) Importer(2089858483,192608db42251d675da83286b1cce702)
Start importing Assets/Lab2 - Copy/RPGHero/Animations/GetHit_SwordShield.anim using Guid(6d32045a77b90ed4d818b2bfcfa1476f) Importer(2089858483,192608db42251d675da83286b1cce702) (ScriptedImporter) -> (artifact id: '106d197337f16277ce7149ae5c9e170e') in 0.0677894 seconds
Number of updated asset objects reloaded before import = 0Number of asset objects unloaded after import = 1

========================================================================
Received Import Request.
  Time since last request: 0.000024 seconds.
  path: Assets/Lab2 - Copy/BTM_Assets/BTM_Items_Gems/Prefabs/Diamondo.prefab
  artifactKey: Guid(5a2ef7db5b7c1db4a8adf9e71ea2e879) Importer(2089858483,192608db42251d675da83286b1cce702)
Start importing Assets/Lab2 - Copy/BTM_Assets/BTM_Items_Gems/Prefabs/Diamondo.prefab using Guid(5a2ef7db5b7c1db4a8adf9e71ea2e879) Importer(2089858483,192608db42251d675da83286b1cce702) (ScriptedImporter) -> (artifact id: 'cbced64cd57c4138df33892e8440bdf6') in 0.086093 seconds
Number of updated asset objects reloaded before import = 0Number of asset objects unloaded after import = 15

========================================================================
Received Import Request.
  Time since last request: 0.000034 seconds.
  path: Assets/Lab2 - Copy/BTM_Assets/BTM_Items_Gems/Prefabs/Clock.prefab
  artifactKey: Guid(d2275fc619142e94583cd06b9f01e784) Importer(2089858483,192608db42251d675da83286b1cce702)
Start importing Assets/Lab2 - Copy/BTM_Assets/BTM_Items_Gems/Prefabs/Clock.prefab using Guid(d2275fc619142e94583cd06b9f01e784) Importer(2089858483,192608db42251d675da83286b1cce702) (ScriptedImporter) -> (artifact id: '6f5489906aeeb2c8e6e8e6fe9a8b6183') in 0.0708653 seconds
Number of updated asset objects reloaded before import = 0Number of asset objects unloaded after import = 15

========================================================================
Received Import Request.
  Time since last request: 0.000024 seconds.
  path: Assets/Lab2 - Copy/RPGHero/Animations/Run_SwordShield.anim
  artifactKey: Guid(064668a4bebb0894fac8c02c2b2ad018) Importer(2089858483,192608db42251d675da83286b1cce702)
Start importing Assets/Lab2 - Copy/RPGHero/Animations/Run_SwordShield.anim using Guid(064668a4bebb0894fac8c02c2b2ad018) Importer(2089858483,192608db42251d675da83286b1cce702) (ScriptedImporter) -> (artifact id: '9197de51b78ef4bb67f857b36fca7dd2') in 0.0629386 seconds
Number of updated asset objects reloaded before import = 0Number of asset objects unloaded after import = 1

========================================================================
Received Import Request.
  Time since last request: 0.000039 seconds.
  path: Assets/FreeDragons/Animations/DragonSoulEater/Fly Forward.fbx
  artifactKey: Guid(5fa09084d33ac9046a4a22372e78213e) Importer(2089858483,192608db42251d675da83286b1cce702)
Start importing Assets/FreeDragons/Animations/DragonSoulEater/Fly Forward.fbx using Guid(5fa09084d33ac9046a4a22372e78213e) Importer(2089858483,192608db42251d675da83286b1cce702) (ScriptedImporter) -> (artifact id: 'eb0d034376a6541f28a928b9e40c40db') in 0.0502367 seconds
Number of updated asset objects reloaded before import = 0Number of asset objects unloaded after import = 133

========================================================================
Received Import Request.
  Time since last request: 0.000035 seconds.
  path: Assets/Lab2 - Copy/BTM_Assets/BTM_Items_Gems/Prefabs/4SideDiamond.prefab
  artifactKey: Guid(8b222146fa41a324789772470d2d6e3d) Importer(2089858483,192608db42251d675da83286b1cce702)
Start importing Assets/Lab2 - Copy/BTM_Assets/BTM_Items_Gems/Prefabs/4SideDiamond.prefab using Guid(8b222146fa41a324789772470d2d6e3d) Importer(2089858483,192608db42251d675da83286b1cce702) (ScriptedImporter) -> (artifact id: '3b3cb21988e2df64a1dd1a32cf9b5921') in 0.0730953 seconds
Number of updated asset objects reloaded before import = 0Number of asset objects unloaded after import = 15

========================================================================
Received Import Request.
  Time since last request: 0.000024 seconds.
  path: Assets/Lab2 - Copy/RPGHero/Animations/NormalAttack01_SwordShield.anim
  artifactKey: Guid(4495a43c986886c40af23d3c9ec0d337) Importer(2089858483,192608db42251d675da83286b1cce702)
Start importing Assets/Lab2 - Copy/RPGHero/Animations/NormalAttack01_SwordShield.anim using Guid(4495a43c986886c40af23d3c9ec0d337) Importer(2089858483,192608db42251d675da83286b1cce702) (ScriptedImporter) -> (artifact id: 'f20042c29f43c97373ede84de0bedb9e') in 0.0614515 seconds
Number of updated asset objects reloaded before import = 0Number of asset objects unloaded after import = 1

========================================================================
Received Import Request.
  Time since last request: 0.000019 seconds.
  path: Assets/Lab2 - Copy/BTM_Assets/BTM_Items_Gems/Prefabs/5SideDiamond.prefab
  artifactKey: Guid(f9368726f996fae4a9cedf84c01a2ff0) Importer(2089858483,192608db42251d675da83286b1cce702)
Start importing Assets/Lab2 - Copy/BTM_Assets/BTM_Items_Gems/Prefabs/5SideDiamond.prefab using Guid(f9368726f996fae4a9cedf84c01a2ff0) Importer(2089858483,192608db42251d675da83286b1cce702) (ScriptedImporter) -> (artifact id: '9f62a2642899bc68c5e92ea100778086') in 0.0761055 seconds
Number of updated asset objects reloaded before import = 0Number of asset objects unloaded after import = 15

========================================================================
Received Import Request.
  Time since last request: 0.000026 seconds.
  path: Assets/FreeDragons/Scene/DragonSoulEaterHPSettings.lighting
  artifactKey: Guid(c46e52f4ff437cd439720884d941f0c7) Importer(2089858483,192608db42251d675da83286b1cce702)
Start importing Assets/FreeDragons/Scene/DragonSoulEaterHPSettings.lighting using Guid(c46e52f4ff437cd439720884d941f0c7) Importer(2089858483,192608db42251d675da83286b1cce702) (ScriptedImporter) -> (artifact id: '1b0e9acd39d070c370bfac8ed20c3aec') in 0.0226302 seconds
Number of updated asset objects reloaded before import = 0Number of asset objects unloaded after import = 1

========================================================================
Received Import Request.
  Time since last request: 0.000021 seconds.
  path: Assets/Lab2 - Copy/BTM_Assets/BTM_Items_Gems/Prefabs/Lock.prefab
  artifactKey: Guid(1b3904c27daf8ec40998027dcc750477) Importer(2089858483,192608db42251d675da83286b1cce702)
Start importing Assets/Lab2 - Copy/BTM_Assets/BTM_Items_Gems/Prefabs/Lock.prefab using Guid(1b3904c27daf8ec40998027dcc750477) Importer(2089858483,192608db42251d675da83286b1cce702) (ScriptedImporter) -> (artifact id: '42c9bff1aed45e74c2301e198ff2f817') in 0.105546 seconds
Number of updated asset objects reloaded before import = 0Number of asset objects unloaded after import = 15

========================================================================
Received Import Request.
  Time since last request: 0.000020 seconds.
  path: Assets/Lab2 - Copy/BTM_Assets/BTM_Items_Gems/Prefabs/Money.prefab
  artifactKey: Guid(b9d9101ad1951674e9f71efcc796dadc) Importer(2089858483,192608db42251d675da83286b1cce702)
Start importing Assets/Lab2 - Copy/BTM_Assets/BTM_Items_Gems/Prefabs/Money.prefab using Guid(b9d9101ad1951674e9f71efcc796dadc) Importer(2089858483,192608db42251d675da83286b1cce702) (ScriptedImporter) -> (artifact id: '49bad836efb4960ed0a52d1dacc279d8') in 0.0810514 seconds
Number of updated asset objects reloaded before import = 0Number of asset objects unloaded after import = 15

========================================================================
Received Import Request.
  Time since last request: 0.000029 seconds.
  path: Assets/Lab2 - Copy/BTM_Assets/BTM_Items_Gems/Models/SkullBones.fbx
  artifactKey: Guid(38b748d1e57621f469300f3e96dea280) Importer(2089858483,192608db42251d675da83286b1cce702)
Start importing Assets/Lab2 - Copy/BTM_Assets/BTM_Items_Gems/Models/SkullBones.fbx using Guid(38b748d1e57621f469300f3e96dea280) Importer(2089858483,192608db42251d675da83286b1cce702) (ScriptedImporter) -> (artifact id: '7cffdc75e2078a674244964c765038a4') in 0.0565655 seconds
Number of updated asset objects reloaded before import = 0Number of asset objects unloaded after import = 9

========================================================================
Received Import Request.
  Time since last request: 0.000020 seconds.
  path: Assets/Lab2 - Copy/RPGHero/Materials/Ground.mat
  artifactKey: Guid(2d8921c2c5deb9449918f9b1473e8b83) Importer(2089858483,192608db42251d675da83286b1cce702)
Start importing Assets/Lab2 - Copy/RPGHero/Materials/Ground.mat using Guid(2d8921c2c5deb9449918f9b1473e8b83) Importer(2089858483,192608db42251d675da83286b1cce702) (ScriptedImporter) -> (artifact id: '78def921fb0c040b45bc4d81463e86d1') in 0.0496005 seconds
Number of updated asset objects reloaded before import = 0Number of asset objects unloaded after import = 2

========================================================================
Received Import Request.
  Time since last request: 0.000030 seconds.
  path: Assets/Lab2 - Copy/BTM_Assets/BTM_Items_Gems/Prefabs/Shield.prefab
  artifactKey: Guid(a1614f0cf649e3a4e894d20bda9008e7) Importer(2089858483,192608db42251d675da83286b1cce702)
Start importing Assets/Lab2 - Copy/BTM_Assets/BTM_Items_Gems/Prefabs/Shield.prefab using Guid(a1614f0cf649e3a4e894d20bda9008e7) Importer(2089858483,192608db42251d675da83286b1cce702) (ScriptedImporter) -> (artifact id: '32fec08a70f7b95d42dfdf93d292f1be') in 0.0764262 seconds
Number of updated asset objects reloaded before import = 0Number of asset objects unloaded after import = 15

========================================================================
Received Import Request.
  Time since last request: 0.000023 seconds.
  path: Assets/Lab2 - Copy/BTM_Assets/BTM_Items_Gems/Models/RedVial.fbx
  artifactKey: Guid(9224df7f5efccbc42af35f984ded95cf) Importer(2089858483,192608db42251d675da83286b1cce702)
Start importing Assets/Lab2 - Copy/BTM_Assets/BTM_Items_Gems/Models/RedVial.fbx using Guid(9224df7f5efccbc42af35f984ded95cf) Importer(2089858483,192608db42251d675da83286b1cce702) (ScriptedImporter) -> (artifact id: '87880304537f21a9f9715b3733baba77') in 0.0533752 seconds
Number of updated asset objects reloaded before import = 0Number of asset objects unloaded after import = 9

========================================================================
Received Import Request.
  Time since last request: 0.000043 seconds.
  path: Assets/FreeDragons/Animations/DragonSoulEater/Take Off.fbx
  artifactKey: Guid(24717e004c7ffb84a901d2dfdcc426bf) Importer(2089858483,192608db42251d675da83286b1cce702)
Start importing Assets/FreeDragons/Animations/DragonSoulEater/Take Off.fbx using Guid(24717e004c7ffb84a901d2dfdcc426bf) Importer(2089858483,192608db42251d675da83286b1cce702) (ScriptedImporter) -> (artifact id: '5362efee186803d3ddd8e6d4e3224710') in 0.035942 seconds
Number of updated asset objects reloaded before import = 0Number of asset objects unloaded after import = 133

========================================================================
Received Import Request.
  Time since last request: 0.000031 seconds.
  path: Assets/FreeDragons/Scene/DragonSoulEaterPBRSettings.lighting
  artifactKey: Guid(ec2d395479bc2c344b97bfe0d74e6b9c) Importer(2089858483,192608db42251d675da83286b1cce702)
Start importing Assets/FreeDragons/Scene/DragonSoulEaterPBRSettings.lighting using Guid(ec2d395479bc2c344b97bfe0d74e6b9c) Importer(2089858483,192608db42251d675da83286b1cce702) (ScriptedImporter) -> (artifact id: '1795d630aeb5b45567a660c6d7e96c76') in 0.0214165 seconds
Number of updated asset objects reloaded before import = 0Number of asset objects unloaded after import = 1

========================================================================
Received Import Request.
  Time since last request: 0.000016 seconds.
  path: Assets/FreeDragons/Texture/DragonSoulEaterHP/GreyHP.png
  artifactKey: Guid(cccba017d3327554eb393b69a5434097) Importer(2089858483,192608db42251d675da83286b1cce702)
Start importing Assets/FreeDragons/Texture/DragonSoulEaterHP/GreyHP.png using Guid(cccba017d3327554eb393b69a5434097) Importer(2089858483,192608db42251d675da83286b1cce702) (ScriptedImporter) -> (artifact id: '23b4f6bab6683ccad136e4042e6ffea4') in 0.0365091 seconds
Number of updated asset objects reloaded before import = 0Number of asset objects unloaded after import = 1

========================================================================
Received Import Request.
  Time since last request: 0.000020 seconds.
  path: Assets/Lab2 - Copy/BTM_Assets/BTM_Items_Gems/Prefabs/SphereGem.prefab
  artifactKey: Guid(d8b39e1612b32b94d84dfe14087815b2) Importer(2089858483,192608db42251d675da83286b1cce702)
Start importing Assets/Lab2 - Copy/BTM_Assets/BTM_Items_Gems/Prefabs/SphereGem.prefab using Guid(d8b39e1612b32b94d84dfe14087815b2) Importer(2089858483,192608db42251d675da83286b1cce702) (ScriptedImporter) -> (artifact id: '70420c48dfbbbdcb1a94ecfae9ac09af') in 0.0729592 seconds
Number of updated asset objects reloaded before import = 0Number of asset objects unloaded after import = 15

========================================================================
Received Import Request.
  Time since last request: 0.000039 seconds.
  path: Assets/Lab2 - Copy/BTM_Assets/BTM_Items_Gems/Prefabs/StarGem3.prefab
  artifactKey: Guid(c51c431c1c28a7b4082c610fc0aa0a46) Importer(2089858483,192608db42251d675da83286b1cce702)
Start importing Assets/Lab2 - Copy/BTM_Assets/BTM_Items_Gems/Prefabs/StarGem3.prefab using Guid(c51c431c1c28a7b4082c610fc0aa0a46) Importer(2089858483,192608db42251d675da83286b1cce702) (ScriptedImporter) -> (artifact id: 'ad9f918b01e64497b3e78aaf7be4c2a8') in 0.0892772 seconds
Number of updated asset objects reloaded before import = 0Number of asset objects unloaded after import = 15

========================================================================
Received Import Request.
  Time since last request: 0.000019 seconds.
  path: Assets/Lab2 - Copy/BTM_Assets/BTM_Items_Gems/Prefabs/StarCoin.prefab
  artifactKey: Guid(a73eca55382651c449497eca9a2be0be) Importer(2089858483,192608db42251d675da83286b1cce702)
Start importing Assets/Lab2 - Copy/BTM_Assets/BTM_Items_Gems/Prefabs/StarCoin.prefab using Guid(a73eca55382651c449497eca9a2be0be) Importer(2089858483,192608db42251d675da83286b1cce702) (ScriptedImporter) -> (artifact id: 'd36d1dfbc344d39175555af6b9e16741') in 0.0855593 seconds
Number of updated asset objects reloaded before import = 0Number of asset objects unloaded after import = 15

========================================================================
Received Import Request.
  Time since last request: 0.000033 seconds.
  path: Assets/Lab2 - Copy/BTM_Assets/BTM_Items_Gems/Models/Ruby.fbx
  artifactKey: Guid(e8f34b9b0cfb46742a4d3e6197437a4a) Importer(2089858483,192608db42251d675da83286b1cce702)
Start importing Assets/Lab2 - Copy/BTM_Assets/BTM_Items_Gems/Models/Ruby.fbx using Guid(e8f34b9b0cfb46742a4d3e6197437a4a) Importer(2089858483,192608db42251d675da83286b1cce702) (ScriptedImporter) -> (artifact id: '0359cd54ad490b8bc98f8e88e9c68e6d') in 0.0573335 seconds
Number of updated asset objects reloaded before import = 0Number of asset objects unloaded after import = 9

========================================================================
Received Import Request.
  Time since last request: 0.000035 seconds.
  path: Assets/Lab2 - Copy/BTM_Assets/BTM_Items_Gems/Scripts/SimpleGemsAnim.cs
  artifactKey: Guid(845c415f3181b4840ab566c40e714752) Importer(2089858483,192608db42251d675da83286b1cce702)
Start importing Assets/Lab2 - Copy/BTM_Assets/BTM_Items_Gems/Scripts/SimpleGemsAnim.cs using Guid(845c415f3181b4840ab566c40e714752) Importer(2089858483,192608db42251d675da83286b1cce702) (ScriptedImporter) -> (artifact id: '14e023f05b1d76e88679abace4edd965') in 0.0280662 seconds
Number of updated asset objects reloaded before import = 0Number of asset objects unloaded after import = 0

========================================================================
Received Import Request.
  Time since last request: 0.000018 seconds.
  path: Assets/FreeDragons/Texture/DragonSoulEaterHP/BlueHP.png
  artifactKey: Guid(11ae2c7ef2ee4f745810a00f1cbbd469) Importer(2089858483,192608db42251d675da83286b1cce702)
Start importing Assets/FreeDragons/Texture/DragonSoulEaterHP/BlueHP.png using Guid(11ae2c7ef2ee4f745810a00f1cbbd469) Importer(2089858483,192608db42251d675da83286b1cce702) (ScriptedImporter) -> (artifact id: 'bc3ca911c9a6d206aea8c689f647fab1') in 0.0435959 seconds
Number of updated asset objects reloaded before import = 0Number of asset objects unloaded after import = 1

========================================================================
Received Import Request.
  Time since last request: 0.000018 seconds.
  path: Assets/Lab2 - Copy/BTM_Assets/BTM_Items_Gems/Prefabs/GoldPile.prefab
  artifactKey: Guid(61c7dcd8337158a468821e9b631f2689) Importer(2089858483,192608db42251d675da83286b1cce702)
Start importing Assets/Lab2 - Copy/BTM_Assets/BTM_Items_Gems/Prefabs/GoldPile.prefab using Guid(61c7dcd8337158a468821e9b631f2689) Importer(2089858483,192608db42251d675da83286b1cce702) (ScriptedImporter) -> (artifact id: '8a4ee05c0d2c89b201e45ab93f8b1e9d') in 0.0712566 seconds
Number of updated asset objects reloaded before import = 0Number of asset objects unloaded after import = 15

========================================================================
Received Import Request.
  Time since last request: 0.000021 seconds.
  path: Assets/Lab2 - Copy/BTM_Assets/BTM_Items_Gems/Models/StarCoin.fbx
  artifactKey: Guid(8596f346ea0284b41bb900ae6f4ce276) Importer(2089858483,192608db42251d675da83286b1cce702)
Start importing Assets/Lab2 - Copy/BTM_Assets/BTM_Items_Gems/Models/StarCoin.fbx using Guid(8596f346ea0284b41bb900ae6f4ce276) Importer(2089858483,192608db42251d675da83286b1cce702) (ScriptedImporter) -> (artifact id: '7efd709d488ed4aa2b905c8838cccca7') in 0.0416988 seconds
Number of updated asset objects reloaded before import = 0Number of asset objects unloaded after import = 9

========================================================================
Received Import Request.
  Time since last request: 0.000033 seconds.
  path: Assets/Lab2 - Copy/RPGHero/Animations/NormalAttack02_SwordShield.anim
  artifactKey: Guid(6c4f95ca2d345314aa26717c748c13ee) Importer(2089858483,192608db42251d675da83286b1cce702)
Start importing Assets/Lab2 - Copy/RPGHero/Animations/NormalAttack02_SwordShield.anim using Guid(6c4f95ca2d345314aa26717c748c13ee) Importer(2089858483,192608db42251d675da83286b1cce702) (ScriptedImporter) -> (artifact id: '45da6df62f093da4e1d834549258bc68') in 0.0602685 seconds
Number of updated asset objects reloaded before import = 0Number of asset objects unloaded after import = 1

========================================================================
Received Import Request.
  Time since last request: 0.000022 seconds.
  path: Assets/Scenes/CatBorg Studio/3D Dungeon Lowpoly Pack/Models/01_DiningHall_01_WoodenChear#1.fbx
  artifactKey: Guid(06063f551160d5f4192daa15a3c6f042) Importer(2089858483,192608db42251d675da83286b1cce702)
Start importing Assets/Scenes/CatBorg Studio/3D Dungeon Lowpoly Pack/Models/01_DiningHall_01_WoodenChear#1.fbx using Guid(06063f551160d5f4192daa15a3c6f042) Importer(2089858483,192608db42251d675da83286b1cce702) (ScriptedImporter) -> (artifact id: 'ecaf100f06bc4fba32c03fc24bb23330') in 0.0798999 seconds
Number of updated asset objects reloaded before import = 0Number of asset objects unloaded after import = 9

========================================================================
Received Import Request.
  Time since last request: 0.000018 seconds.
  path: Assets/FreeDragons/Prefab/DragonBoarPBR/BlueBoarPBR.prefab
  artifactKey: Guid(907325ec940ecbf409d1505976f5fcd5) Importer(2089858483,192608db42251d675da83286b1cce702)
Start importing Assets/FreeDragons/Prefab/DragonBoarPBR/BlueBoarPBR.prefab using Guid(907325ec940ecbf409d1505976f5fcd5) Importer(2089858483,192608db42251d675da83286b1cce702) (ScriptedImporter) -> (artifact id: 'ea381cbcd91c6d32bea6246f23e7cb76') in 0.0882816 seconds
Number of updated asset objects reloaded before import = 0Number of asset objects unloaded after import = 120

========================================================================
Received Import Request.
  Time since last request: 0.000036 seconds.
  path: Assets/FreeDragons/Materials/Stage.mat
  artifactKey: Guid(34466cf7960487a4380913c62e795ebd) Importer(2089858483,192608db42251d675da83286b1cce702)
Start importing Assets/FreeDragons/Materials/Stage.mat using Guid(34466cf7960487a4380913c62e795ebd) Importer(2089858483,192608db42251d675da83286b1cce702) (ScriptedImporter) -> (artifact id: '11bd8aac96beb251abc8edc7305640fc') in 0.0446202 seconds
Number of updated asset objects reloaded before import = 0Number of asset objects unloaded after import = 1

========================================================================
Received Import Request.
  Time since last request: 0.000015 seconds.
  path: Assets/Lab2 - Copy/BTM_Assets/BTM_Items_Gems/Models/Skull.fbx
  artifactKey: Guid(a1845977fba8a7a4aa1163544f9b72cc) Importer(2089858483,192608db42251d675da83286b1cce702)
Start importing Assets/Lab2 - Copy/BTM_Assets/BTM_Items_Gems/Models/Skull.fbx using Guid(a1845977fba8a7a4aa1163544f9b72cc) Importer(2089858483,192608db42251d675da83286b1cce702) (ScriptedImporter) -> (artifact id: '2dd5994d9a39e8e4693d4881cf457fdd') in 0.0625813 seconds
Number of updated asset objects reloaded before import = 0Number of asset objects unloaded after import = 9

========================================================================
Received Import Request.
  Time since last request: 0.000022 seconds.
  path: Assets/Scenes/CatBorg Studio/3D Dungeon Lowpoly Pack/Models/01_Library_01_InkWell#1.fbx
  artifactKey: Guid(4a1470cf32a2bb24da3b62b136b03a4e) Importer(2089858483,192608db42251d675da83286b1cce702)
Start importing Assets/Scenes/CatBorg Studio/3D Dungeon Lowpoly Pack/Models/01_Library_01_InkWell#1.fbx using Guid(4a1470cf32a2bb24da3b62b136b03a4e) Importer(2089858483,192608db42251d675da83286b1cce702) (ScriptedImporter) -> (artifact id: '2a11f3874cab81fc480ff8e8c6c2257a') in 0.0556464 seconds
Number of updated asset objects reloaded before import = 0Number of asset objects unloaded after import = 8

========================================================================
Received Import Request.
  Time since last request: 0.000032 seconds.
  path: Assets/Scenes/CatBorg Studio/3D Dungeon Lowpoly Pack/Models/02_Kitchen_01_CookingPot#1_Stander.fbx
  artifactKey: Guid(af90d133d353ae4458d884c515f77053) Importer(2089858483,192608db42251d675da83286b1cce702)
Start importing Assets/Scenes/CatBorg Studio/3D Dungeon Lowpoly Pack/Models/02_Kitchen_01_CookingPot#1_Stander.fbx using Guid(af90d133d353ae4458d884c515f77053) Importer(2089858483,192608db42251d675da83286b1cce702) (ScriptedImporter) -> (artifact id: 'f635321f5424dfb061ab9b8cd969236d') in 0.0593796 seconds
Number of updated asset objects reloaded before import = 0Number of asset objects unloaded after import = 8

========================================================================
Received Import Request.
  Time since last request: 0.000018 seconds.
  path: Assets/Lab2 - Copy/BTM_Assets/BTM_Items_Gems/Models/SpeedChev.fbx
  artifactKey: Guid(64a927c80033db0409b71cfd8df5461a) Importer(2089858483,192608db42251d675da83286b1cce702)
Start importing Assets/Lab2 - Copy/BTM_Assets/BTM_Items_Gems/Models/SpeedChev.fbx using Guid(64a927c80033db0409b71cfd8df5461a) Importer(2089858483,192608db42251d675da83286b1cce702) (ScriptedImporter) -> (artifact id: '9daee76a00b9e95d063397f4db3530d2') in 0.0439306 seconds
Number of updated asset objects reloaded before import = 0Number of asset objects unloaded after import = 9

========================================================================
Received Import Request.
  Time since last request: 0.000025 seconds.
  path: Assets/FreeDragons/Animations/DragonSoulEater/Fly Float.fbx
  artifactKey: Guid(e02bdaca3b0c3284ab993c4eba862036) Importer(2089858483,192608db42251d675da83286b1cce702)
Start importing Assets/FreeDragons/Animations/DragonSoulEater/Fly Float.fbx using Guid(e02bdaca3b0c3284ab993c4eba862036) Importer(2089858483,192608db42251d675da83286b1cce702) (ScriptedImporter) -> (artifact id: '2b82d008e48d98a0d641c9ef2fe1745d') in 0.0442241 seconds
Number of updated asset objects reloaded before import = 0Number of asset objects unloaded after import = 133

========================================================================
Received Import Request.
  Time since last request: 0.000035 seconds.
  path: Assets/FreeDragons/Materials/DragonSoulEaterPBR/GreenPBR.mat
  artifactKey: Guid(1b51484aceb3349479b6c084713a5517) Importer(2089858483,192608db42251d675da83286b1cce702)
Start importing Assets/FreeDragons/Materials/DragonSoulEaterPBR/GreenPBR.mat using Guid(1b51484aceb3349479b6c084713a5517) Importer(2089858483,192608db42251d675da83286b1cce702) (ScriptedImporter) -> (artifact id: '4acdf8e15981c24769b57d69ff3543d7') in 0.0839817 seconds
Number of updated asset objects reloaded before import = 0Number of asset objects unloaded after import = 6

========================================================================
Received Import Request.
  Time since last request: 0.000020 seconds.
  path: Assets/Scenes/CatBorg Studio/3D Dungeon Lowpoly Pack/Models/03_Blacksmith_01_Forge.fbx
  artifactKey: Guid(8d2c90bfe34335e44b8a0ab9891d9f42) Importer(2089858483,192608db42251d675da83286b1cce702)
Start importing Assets/Scenes/CatBorg Studio/3D Dungeon Lowpoly Pack/Models/03_Blacksmith_01_Forge.fbx using Guid(8d2c90bfe34335e44b8a0ab9891d9f42) Importer(2089858483,192608db42251d675da83286b1cce702) (ScriptedImporter) -> (artifact id: '5e4d1368869511fe3be2af85f5ee671d') in 0.0594236 seconds
Number of updated asset objects reloaded before import = 0Number of asset objects unloaded after import = 8

========================================================================
Received Import Request.
  Time since last request: 0.000035 seconds.
  path: Assets/Scenes/CatBorg Studio/3D Dungeon Lowpoly Pack/Models/02_Kitchen_01_SpoonBucket.fbx
  artifactKey: Guid(827a0159f61521b42b5ec613b75e8117) Importer(2089858483,192608db42251d675da83286b1cce702)
Start importing Assets/Scenes/CatBorg Studio/3D Dungeon Lowpoly Pack/Models/02_Kitchen_01_SpoonBucket.fbx using Guid(827a0159f61521b42b5ec613b75e8117) Importer(2089858483,192608db42251d675da83286b1cce702) (ScriptedImporter) -> (artifact id: 'f69897e1a838bd7f721d70f8806873f2') in 0.0588443 seconds
Number of updated asset objects reloaded before import = 0Number of asset objects unloaded after import = 8

========================================================================
Received Import Request.
  Time since last request: 0.000033 seconds.
  path: Assets/Scenes/CatBorg Studio/3D Dungeon Lowpoly Pack/Models/02_Kitchen_01_CuttingBoard#2.fbx
  artifactKey: Guid(833386d75d20afc47ae8848a6f445176) Importer(2089858483,192608db42251d675da83286b1cce702)
Start importing Assets/Scenes/CatBorg Studio/3D Dungeon Lowpoly Pack/Models/02_Kitchen_01_CuttingBoard#2.fbx using Guid(833386d75d20afc47ae8848a6f445176) Importer(2089858483,192608db42251d675da83286b1cce702) (ScriptedImporter) -> (artifact id: '7eb70fd43055673baf415e28ba4ee0ee') in 0.0568037 seconds
Number of updated asset objects reloaded before import = 0Number of asset objects unloaded after import = 8

========================================================================
Received Import Request.
  Time since last request: 0.000025 seconds.
  path: Assets/Scenes/CatBorg Studio/3D Dungeon Lowpoly Pack/Models/03_Blacksmith_01_Hammer#1.fbx
  artifactKey: Guid(69d98bde32b7f3e4bb75de0f21b4347f) Importer(2089858483,192608db42251d675da83286b1cce702)
Start importing Assets/Scenes/CatBorg Studio/3D Dungeon Lowpoly Pack/Models/03_Blacksmith_01_Hammer#1.fbx using Guid(69d98bde32b7f3e4bb75de0f21b4347f) Importer(2089858483,192608db42251d675da83286b1cce702) (ScriptedImporter) -> (artifact id: '64bce729770346d8f29fb66dca166af7') in 0.0568048 seconds
Number of updated asset objects reloaded before import = 0Number of asset objects unloaded after import = 8

========================================================================
Received Import Request.
  Time since last request: 0.000078 seconds.
  path: Assets/Scenes/CatBorg Studio/3D Dungeon Lowpoly Pack/Models/96_Traps_Trap_RamTower.fbx
  artifactKey: Guid(edbbcdc12b07aa844b4524d5f1b9cf13) Importer(2089858483,192608db42251d675da83286b1cce702)
Start importing Assets/Scenes/CatBorg Studio/3D Dungeon Lowpoly Pack/Models/96_Traps_Trap_RamTower.fbx using Guid(edbbcdc12b07aa844b4524d5f1b9cf13) Importer(2089858483,192608db42251d675da83286b1cce702) (ScriptedImporter) -> (artifact id: 'fc49aaf6b30bdf29c37f76cf8cb2be2f') in 0.0607032 seconds
Number of updated asset objects reloaded before import = 0Number of asset objects unloaded after import = 8

========================================================================
Received Import Request.
  Time since last request: 0.000032 seconds.
  path: Assets/Scenes/CatBorg Studio/3D Dungeon Lowpoly Pack/Models/97_Othert_Amphora_Whole.fbx
  artifactKey: Guid(05f1982eaf975f44dafab44f8b43ddba) Importer(2089858483,192608db42251d675da83286b1cce702)
Start importing Assets/Scenes/CatBorg Studio/3D Dungeon Lowpoly Pack/Models/97_Othert_Amphora_Whole.fbx using Guid(05f1982eaf975f44dafab44f8b43ddba) Importer(2089858483,192608db42251d675da83286b1cce702) (ScriptedImporter) -> (artifact id: '96079ff4ba0a312f83a4978d6ff6cf30') in 0.065952 seconds
Number of updated asset objects reloaded before import = 0Number of asset objects unloaded after import = 14

========================================================================
Received Import Request.
  Time since last request: 0.000017 seconds.
  path: Assets/Scenes/CatBorg Studio/3D Dungeon Lowpoly Pack/Models/96_Traps_Trap_FloorWheel.fbx
  artifactKey: Guid(0702578e4efb1c045acba01655e403dc) Importer(2089858483,192608db42251d675da83286b1cce702)
Start importing Assets/Scenes/CatBorg Studio/3D Dungeon Lowpoly Pack/Models/96_Traps_Trap_FloorWheel.fbx using Guid(0702578e4efb1c045acba01655e403dc) Importer(2089858483,192608db42251d675da83286b1cce702) (ScriptedImporter) -> (artifact id: 'e2127cea71b52e728e280bc1e4c64334') in 0.0571095 seconds
Number of updated asset objects reloaded before import = 0Number of asset objects unloaded after import = 14

========================================================================
Received Import Request.
  Time since last request: 0.000019 seconds.
  path: Assets/Scenes/CatBorg Studio/3D Dungeon Lowpoly Pack/Models/01_Library_01_BookSmall_Red.fbx
  artifactKey: Guid(c95c2d954a823394a918541b9d7fab22) Importer(2089858483,192608db42251d675da83286b1cce702)
Start importing Assets/Scenes/CatBorg Studio/3D Dungeon Lowpoly Pack/Models/01_Library_01_BookSmall_Red.fbx using Guid(c95c2d954a823394a918541b9d7fab22) Importer(2089858483,192608db42251d675da83286b1cce702) (ScriptedImporter) -> (artifact id: 'ba5c28e7c88f59dcb1611843783c860a') in 0.0614427 seconds
Number of updated asset objects reloaded before import = 0Number of asset objects unloaded after import = 8

========================================================================
Received Import Request.
  Time since last request: 0.000029 seconds.
  path: Assets/Scenes/CatBorg Studio/3D Dungeon Lowpoly Pack/Models/01_Library_01_BookShelve_1.fbx
  artifactKey: Guid(96e8e095ce718cb48ab139ad2ca550e5) Importer(2089858483,192608db42251d675da83286b1cce702)
Start importing Assets/Scenes/CatBorg Studio/3D Dungeon Lowpoly Pack/Models/01_Library_01_BookShelve_1.fbx using Guid(96e8e095ce718cb48ab139ad2ca550e5) Importer(2089858483,192608db42251d675da83286b1cce702) (ScriptedImporter) -> (artifact id: '13176c4667d9ebca7a13554e02c6a949') in 0.0652766 seconds
Number of updated asset objects reloaded before import = 0Number of asset objects unloaded after import = 9

========================================================================
Received Import Request.
  Time since last request: 0.000017 seconds.
  path: Assets/Scenes/CatBorg Studio/3D Dungeon Lowpoly Pack/Models/99_Decorations_WallBanner_1.fbx
  artifactKey: Guid(6dd5d9c3842edac4888f79ff894f2d77) Importer(2089858483,192608db42251d675da83286b1cce702)
Start importing Assets/Scenes/CatBorg Studio/3D Dungeon Lowpoly Pack/Models/99_Decorations_WallBanner_1.fbx using Guid(6dd5d9c3842edac4888f79ff894f2d77) Importer(2089858483,192608db42251d675da83286b1cce702) (ScriptedImporter) -> (artifact id: '7979bc5fddca6590ed97c8960e11b6d5') in 0.058913 seconds
Number of updated asset objects reloaded before import = 0Number of asset objects unloaded after import = 8

========================================================================
Received Import Request.
  Time since last request: 0.000020 seconds.
  path: Assets/Scenes/CatBorg Studio/3D Dungeon Lowpoly Pack/Models/97_Othert_Key_Yellow.fbx
  artifactKey: Guid(5f73264f4e49f0343aa00c76e62839ca) Importer(2089858483,192608db42251d675da83286b1cce702)
Start importing Assets/Scenes/CatBorg Studio/3D Dungeon Lowpoly Pack/Models/97_Othert_Key_Yellow.fbx using Guid(5f73264f4e49f0343aa00c76e62839ca) Importer(2089858483,192608db42251d675da83286b1cce702) (ScriptedImporter) -> (artifact id: '3742dd3914f05aa470c902962b58220c') in 0.0538698 seconds
Number of updated asset objects reloaded before import = 0Number of asset objects unloaded after import = 8

========================================================================
Received Import Request.
  Time since last request: 0.000032 seconds.
  path: Assets/Scenes/CatBorg Studio/3D Dungeon Lowpoly Pack/Models/99_Decorations_WallBanner_2.fbx
  artifactKey: Guid(0a3f008b7c8f235498390d0f705b7705) Importer(2089858483,192608db42251d675da83286b1cce702)
Start importing Assets/Scenes/CatBorg Studio/3D Dungeon Lowpoly Pack/Models/99_Decorations_WallBanner_2.fbx using Guid(0a3f008b7c8f235498390d0f705b7705) Importer(2089858483,192608db42251d675da83286b1cce702) (ScriptedImporter) -> (artifact id: '0e7a5b68fe6f17f88b3232e1a92f09ef') in 0.076119 seconds
Number of updated asset objects reloaded before import = 0Number of asset objects unloaded after import = 8

========================================================================
Received Import Request.
  Time since last request: 0.000017 seconds.
  path: Assets/Lab2 - Copy/RPGHero/Animations/Walk_SwordShield.anim
  artifactKey: Guid(c8dd6402cb0b5934eaff16201236b371) Importer(2089858483,192608db42251d675da83286b1cce702)
Start importing Assets/Lab2 - Copy/RPGHero/Animations/Walk_SwordShield.anim using Guid(c8dd6402cb0b5934eaff16201236b371) Importer(2089858483,192608db42251d675da83286b1cce702) (ScriptedImporter) -> (artifact id: 'bbdba18806338fd73cf972f47ad5b17c') in 0.0323727 seconds
Number of updated asset objects reloaded before import = 0Number of asset objects unloaded after import = 1

========================================================================
Received Import Request.
  Time since last request: 0.000023 seconds.
  path: Assets/Lab2 - Copy/Scripts/pathManagerEditor.cs
  artifactKey: Guid(7e3314a8986507549a1543317a5298a1) Importer(2089858483,192608db42251d675da83286b1cce702)
Start importing Assets/Lab2 - Copy/Scripts/pathManagerEditor.cs using Guid(7e3314a8986507549a1543317a5298a1) Importer(2089858483,192608db42251d675da83286b1cce702) (ScriptedImporter) -> (artifact id: 'a1d9e77e6e51491b7a7909c6fda6e786') in 0.0298283 seconds
Number of updated asset objects reloaded before import = 0Number of asset objects unloaded after import = 0

========================================================================
Received Import Request.
  Time since last request: 0.000029 seconds.
  path: Assets/Scenes/CatBorg Studio/3D Dungeon Lowpoly Pack/Models/99_Enviroment_Floor_03.fbx
  artifactKey: Guid(f5a2aed0ed573f4479111a67565c1d46) Importer(2089858483,192608db42251d675da83286b1cce702)
Start importing Assets/Scenes/CatBorg Studio/3D Dungeon Lowpoly Pack/Models/99_Enviroment_Floor_03.fbx using Guid(f5a2aed0ed573f4479111a67565c1d46) Importer(2089858483,192608db42251d675da83286b1cce702) (ScriptedImporter) -> (artifact id: 'ac64d65d685d5dddafdb50bf04b56ed9') in 0.0571091 seconds
Number of updated asset objects reloaded before import = 0Number of asset objects unloaded after import = 8

========================================================================
Received Import Request.
  Time since last request: 0.000018 seconds.
  path: Assets/Scenes/CatBorg Studio/3D Dungeon Lowpoly Pack/Models/99_Enviroment_Wall_01.fbx
  artifactKey: Guid(33017ed3f61fb2f4aaf8f84ce029b5eb) Importer(2089858483,192608db42251d675da83286b1cce702)
Start importing Assets/Scenes/CatBorg Studio/3D Dungeon Lowpoly Pack/Models/99_Enviroment_Wall_01.fbx using Guid(33017ed3f61fb2f4aaf8f84ce029b5eb) Importer(2089858483,192608db42251d675da83286b1cce702) (ScriptedImporter) -> (artifact id: '15d0ead4fe519fbb0e373aeb99d2ca7b') in 0.0583433 seconds
Number of updated asset objects reloaded before import = 0Number of asset objects unloaded after import = 14

========================================================================
Received Import Request.
  Time since last request: 0.000018 seconds.
  path: Assets/Scenes/CatBorg Studio/3D Dungeon Lowpoly Pack/Models/99_Enviroment_Column_Rocky_1.fbx
  artifactKey: Guid(3b065307e61a1b04abb4d0063d1265c5) Importer(2089858483,192608db42251d675da83286b1cce702)
Start importing Assets/Scenes/CatBorg Studio/3D Dungeon Lowpoly Pack/Models/99_Enviroment_Column_Rocky_1.fbx using Guid(3b065307e61a1b04abb4d0063d1265c5) Importer(2089858483,192608db42251d675da83286b1cce702) (ScriptedImporter) -> (artifact id: '55bbc28ee8b6335cd487fd1afb0a1e6e') in 0.0542662 seconds
Number of updated asset objects reloaded before import = 0Number of asset objects unloaded after import = 8

========================================================================
Received Import Request.
  Time since last request: 0.000028 seconds.
  path: Assets/Scenes/CatBorg Studio/3D Dungeon Lowpoly Pack/Models/99_Enviroment_DoorsFake#1.fbx
  artifactKey: Guid(d3a4c6e98bee77d449dde7ab8b36543f) Importer(2089858483,192608db42251d675da83286b1cce702)
Start importing Assets/Scenes/CatBorg Studio/3D Dungeon Lowpoly Pack/Models/99_Enviroment_DoorsFake#1.fbx using Guid(d3a4c6e98bee77d449dde7ab8b36543f) Importer(2089858483,192608db42251d675da83286b1cce702) (ScriptedImporter) -> (artifact id: 'd39fca9ad14199a63e7d1367a29e2dcd') in 0.0606897 seconds
Number of updated asset objects reloaded before import = 0Number of asset objects unloaded after import = 8

========================================================================
Received Import Request.
  Time since last request: 0.000014 seconds.
  path: Assets/Scenes/CatBorg Studio/3D Dungeon Lowpoly Pack/Prefabs/01_Library_01_BookSmall_Blue.prefab
  artifactKey: Guid(8d528f1f06160e04d82fccf81a336cd0) Importer(2089858483,192608db42251d675da83286b1cce702)
Start importing Assets/Scenes/CatBorg Studio/3D Dungeon Lowpoly Pack/Prefabs/01_Library_01_BookSmall_Blue.prefab using Guid(8d528f1f06160e04d82fccf81a336cd0) Importer(2089858483,192608db42251d675da83286b1cce702) (ScriptedImporter) -> (artifact id: '356178975c3dd7d64dab132865940c0f') in 0.0917327 seconds
Number of updated asset objects reloaded before import = 0Number of asset objects unloaded after import = 8

========================================================================
Received Import Request.
  Time since last request: 0.000025 seconds.
  path: Assets/Scenes/CatBorg Studio/3D Dungeon Lowpoly Pack/Prefabs/01_Library_01_BookSmall_Green.prefab
  artifactKey: Guid(8644e36a4e3c34f4d9fcc44f7fcd7f7a) Importer(2089858483,192608db42251d675da83286b1cce702)
Start importing Assets/Scenes/CatBorg Studio/3D Dungeon Lowpoly Pack/Prefabs/01_Library_01_BookSmall_Green.prefab using Guid(8644e36a4e3c34f4d9fcc44f7fcd7f7a) Importer(2089858483,192608db42251d675da83286b1cce702) (ScriptedImporter) -> (artifact id: '42f953c550f6114fee7acfdef1750d58') in 0.0904703 seconds
Number of updated asset objects reloaded before import = 0Number of asset objects unloaded after import = 8

========================================================================
Received Import Request.
  Time since last request: 0.000028 seconds.
  path: Assets/Scenes/CatBorg Studio/3D Dungeon Lowpoly Pack/Models/99_Decorations_WallBanner_0.fbx
  artifactKey: Guid(d6070a2a44a6b3147ba22f247370906b) Importer(2089858483,192608db42251d675da83286b1cce702)
Start importing Assets/Scenes/CatBorg Studio/3D Dungeon Lowpoly Pack/Models/99_Decorations_WallBanner_0.fbx using Guid(d6070a2a44a6b3147ba22f247370906b) Importer(2089858483,192608db42251d675da83286b1cce702) (ScriptedImporter) -> (artifact id: '18f29d14bf8bfb3089a10b15210baff5') in 0.0596411 seconds
Number of updated asset objects reloaded before import = 0Number of asset objects unloaded after import = 8

========================================================================
Received Import Request.
  Time since last request: 0.000017 seconds.
  path: Assets/Settings - Copy/PC_Renderer.asset
  artifactKey: Guid(f288ae1f4751b564a96ac7587541f7a2) Importer(2089858483,192608db42251d675da83286b1cce702)
Start importing Assets/Settings - Copy/PC_Renderer.asset using Guid(f288ae1f4751b564a96ac7587541f7a2) Importer(2089858483,192608db42251d675da83286b1cce702) (ScriptedImporter) -> (artifact id: 'ade19673e181fbdee6aab723846619b7') in 0.0610956 seconds
Number of updated asset objects reloaded before import = 0Number of asset objects unloaded after import = 1

========================================================================
Received Import Request.
  Time since last request: 0.000024 seconds.
  path: Assets/Scenes/CatBorg Studio/3D Dungeon Lowpoly Pack/Prefabs/02_Kitchen_01_Chopper.prefab
  artifactKey: Guid(5c3b2f97e5ae4a542b61db3ba11403ff) Importer(2089858483,192608db42251d675da83286b1cce702)
Start importing Assets/Scenes/CatBorg Studio/3D Dungeon Lowpoly Pack/Prefabs/02_Kitchen_01_Chopper.prefab using Guid(5c3b2f97e5ae4a542b61db3ba11403ff) Importer(2089858483,192608db42251d675da83286b1cce702) (ScriptedImporter) -> (artifact id: '9e57ef290625999da137e77c7ab60957') in 0.0745094 seconds
Number of updated asset objects reloaded before import = 0Number of asset objects unloaded after import = 8

========================================================================
Received Import Request.
  Time since last request: 0.000029 seconds.
  path: Assets/Scenes/CatBorg Studio/3D Dungeon Lowpoly Pack/Prefabs/01_Library_01_InkWell#1.prefab
  artifactKey: Guid(2f570eda51c25004f9aa924d657af75c) Importer(2089858483,192608db42251d675da83286b1cce702)
Start importing Assets/Scenes/CatBorg Studio/3D Dungeon Lowpoly Pack/Prefabs/01_Library_01_InkWell#1.prefab using Guid(2f570eda51c25004f9aa924d657af75c) Importer(2089858483,192608db42251d675da83286b1cce702) (ScriptedImporter) -> (artifact id: '3afb1672f31627d42f4ffab77e254f4b') in 0.0871407 seconds
Number of updated asset objects reloaded before import = 0Number of asset objects unloaded after import = 8

========================================================================
Received Import Request.
  Time since last request: 0.000023 seconds.
  path: Assets/Scenes/CatBorg Studio/3D Dungeon Lowpoly Pack/Prefabs/02_Kitchen_01_CookingPot#1_Stander.prefab
  artifactKey: Guid(6f96ed54204e1b04ba9e374d43f51bd6) Importer(2089858483,192608db42251d675da83286b1cce702)
Start importing Assets/Scenes/CatBorg Studio/3D Dungeon Lowpoly Pack/Prefabs/02_Kitchen_01_CookingPot#1_Stander.prefab using Guid(6f96ed54204e1b04ba9e374d43f51bd6) Importer(2089858483,192608db42251d675da83286b1cce702) (ScriptedImporter) -> (artifact id: 'cb867df08b643c33985e8ccf1267a594') in 0.080226 seconds
Number of updated asset objects reloaded before import = 0Number of asset objects unloaded after import = 8

========================================================================
Received Import Request.
  Time since last request: 0.000023 seconds.
  path: Assets/Scenes/CatBorg Studio/3D Dungeon Lowpoly Pack/Models/01_Library_01_BigBook#1.fbx
  artifactKey: Guid(76076db2398f4f741bb013f71794447e) Importer(2089858483,192608db42251d675da83286b1cce702)
Start importing Assets/Scenes/CatBorg Studio/3D Dungeon Lowpoly Pack/Models/01_Library_01_BigBook#1.fbx using Guid(76076db2398f4f741bb013f71794447e) Importer(2089858483,192608db42251d675da83286b1cce702) (ScriptedImporter) -> (artifact id: '377664b7ccc0dfdd0844ca4cc40ad9d8') in 0.0444235 seconds
Number of updated asset objects reloaded before import = 0Number of asset objects unloaded after import = 8

========================================================================
Received Import Request.
  Time since last request: 0.000034 seconds.
  path: Assets/Scenes/CatBorg Studio/3D Dungeon Lowpoly Pack/Prefabs/03_Blacksmith_01_Hammer#1.prefab
  artifactKey: Guid(b14c26b3ab0a0a54a98340c8d9fb1fff) Importer(2089858483,192608db42251d675da83286b1cce702)
Start importing Assets/Scenes/CatBorg Studio/3D Dungeon Lowpoly Pack/Prefabs/03_Blacksmith_01_Hammer#1.prefab using Guid(b14c26b3ab0a0a54a98340c8d9fb1fff) Importer(2089858483,192608db42251d675da83286b1cce702) (ScriptedImporter) -> (artifact id: '73b2fb31d3cb15b02a01031a2d72e7b3') in 0.0565548 seconds
Number of updated asset objects reloaded before import = 0Number of asset objects unloaded after import = 8

========================================================================
Received Import Request.
  Time since last request: 0.000023 seconds.
  path: Assets/Scenes/CatBorg Studio/3D Dungeon Lowpoly Pack/Prefabs/04_Bedroom_01_Beed_1.prefab
  artifactKey: Guid(865ce0ffbc6ec67439fa4bc74c14bd0d) Importer(2089858483,192608db42251d675da83286b1cce702)
Start importing Assets/Scenes/CatBorg Studio/3D Dungeon Lowpoly Pack/Prefabs/04_Bedroom_01_Beed_1.prefab using Guid(865ce0ffbc6ec67439fa4bc74c14bd0d) Importer(2089858483,192608db42251d675da83286b1cce702) (ScriptedImporter) -> (artifact id: 'b9f8610ae8df12d4bbab6bd84921a71b') in 0.0964453 seconds
Number of updated asset objects reloaded before import = 0Number of asset objects unloaded after import = 8

========================================================================
Received Import Request.
  Time since last request: 0.000024 seconds.
  path: Assets/Lab2 - Copy/BTM_Assets/BTM_Items_Gems/Prefabs/FirstAid.prefab
  artifactKey: Guid(e5c1443d2315194448b2e377f622f871) Importer(2089858483,192608db42251d675da83286b1cce702)
Start importing Assets/Lab2 - Copy/BTM_Assets/BTM_Items_Gems/Prefabs/FirstAid.prefab using Guid(e5c1443d2315194448b2e377f622f871) Importer(2089858483,192608db42251d675da83286b1cce702) (ScriptedImporter) -> (artifact id: 'ed2f3ce7222237e9366fe10e4efe6d0d') in 0.068504 seconds
Number of updated asset objects reloaded before import = 0Number of asset objects unloaded after import = 15

========================================================================
Received Import Request.
  Time since last request: 0.000027 seconds.
  path: Assets/Scenes/CatBorg Studio/3D Dungeon Lowpoly Pack/Prefabs/01_DiningHall_01_Bowl#2.prefab
  artifactKey: Guid(537fca49233300e4c9196e5a7fab121b) Importer(2089858483,192608db42251d675da83286b1cce702)
Start importing Assets/Scenes/CatBorg Studio/3D Dungeon Lowpoly Pack/Prefabs/01_DiningHall_01_Bowl#2.prefab using Guid(537fca49233300e4c9196e5a7fab121b) Importer(2089858483,192608db42251d675da83286b1cce702) (ScriptedImporter) -> (artifact id: 'e1f550e3678cd929f43dfeefefbba2dc') in 0.0934427 seconds
Number of updated asset objects reloaded before import = 0Number of asset objects unloaded after import = 8

========================================================================
Received Import Request.
  Time since last request: 0.000017 seconds.
  path: Assets/Scenes/CatBorg Studio/3D Dungeon Lowpoly Pack/Prefabs/97_Othert_Barrel_MK2.prefab
  artifactKey: Guid(3df9b2ddf5f6382488f21cad82623b16) Importer(2089858483,192608db42251d675da83286b1cce702)
Start importing Assets/Scenes/CatBorg Studio/3D Dungeon Lowpoly Pack/Prefabs/97_Othert_Barrel_MK2.prefab using Guid(3df9b2ddf5f6382488f21cad82623b16) Importer(2089858483,192608db42251d675da83286b1cce702) (ScriptedImporter) -> (artifact id: '88022eb8585384120bc0af87b2294929') in 0.0550359 seconds
Number of updated asset objects reloaded before import = 0Number of asset objects unloaded after import = 99

========================================================================
Received Import Request.
  Time since last request: 0.000026 seconds.
  path: Assets/Scenes/CatBorg Studio/3D Dungeon Lowpoly Pack/Prefabs/97_Othert_Key_Red_2.prefab
  artifactKey: Guid(6c5174dbb0e1b814d9597e681ececb6a) Importer(2089858483,192608db42251d675da83286b1cce702)
Start importing Assets/Scenes/CatBorg Studio/3D Dungeon Lowpoly Pack/Prefabs/97_Othert_Key_Red_2.prefab using Guid(6c5174dbb0e1b814d9597e681ececb6a) Importer(2089858483,192608db42251d675da83286b1cce702) (ScriptedImporter) -> (artifact id: '43bed1c0b6a5d2ffc6b26b1699c99641') in 0.0673301 seconds
Number of updated asset objects reloaded before import = 0Number of asset objects unloaded after import = 8

========================================================================
Received Import Request.
  Time since last request: 0.000030 seconds.
  path: Assets/Scenes/CatBorg Studio/3D Dungeon Lowpoly Pack/Prefabs/97_Othert_Key_Green.prefab
  artifactKey: Guid(733aae2c5a2bf744080b9e23ba391d21) Importer(2089858483,192608db42251d675da83286b1cce702)
Start importing Assets/Scenes/CatBorg Studio/3D Dungeon Lowpoly Pack/Prefabs/97_Othert_Key_Green.prefab using Guid(733aae2c5a2bf744080b9e23ba391d21) Importer(2089858483,192608db42251d675da83286b1cce702) (ScriptedImporter) -> (artifact id: '34194b9f8a0d02d2ca8313ffb7b99a78') in 0.0931176 seconds
Number of updated asset objects reloaded before import = 0Number of asset objects unloaded after import = 8

========================================================================
Received Import Request.
  Time since last request: 0.000024 seconds.
  path: Assets/Scenes/CatBorg Studio/3D Dungeon Lowpoly Pack/Prefabs/05_Vault_01_Chest_Top#1.prefab
  artifactKey: Guid(7bc40f2a5b27761468e228e387db9d0e) Importer(2089858483,192608db42251d675da83286b1cce702)
Start importing Assets/Scenes/CatBorg Studio/3D Dungeon Lowpoly Pack/Prefabs/05_Vault_01_Chest_Top#1.prefab using Guid(7bc40f2a5b27761468e228e387db9d0e) Importer(2089858483,192608db42251d675da83286b1cce702) (ScriptedImporter) -> (artifact id: 'ae71e9394de8540779da33f31369b4c0') in 0.0791618 seconds
Number of updated asset objects reloaded before import = 0Number of asset objects unloaded after import = 8

========================================================================
Received Import Request.
  Time since last request: 0.000021 seconds.
  path: Assets/Scenes/CatBorg Studio/3D Dungeon Lowpoly Pack/Prefabs/97_Othert_Torch_1.prefab
  artifactKey: Guid(6efb1860217d72445b1b6d7cfb4f8979) Importer(2089858483,192608db42251d675da83286b1cce702)
Start importing Assets/Scenes/CatBorg Studio/3D Dungeon Lowpoly Pack/Prefabs/97_Othert_Torch_1.prefab using Guid(6efb1860217d72445b1b6d7cfb4f8979) Importer(2089858483,192608db42251d675da83286b1cce702) (ScriptedImporter) -> (artifact id: '5bc88b87a1012f65245083f72eddafff') in 0.093368 seconds
Number of updated asset objects reloaded before import = 0Number of asset objects unloaded after import = 8

========================================================================
Received Import Request.
  Time since last request: 0.000036 seconds.
  path: Assets/Scenes/CatBorg Studio/3D Dungeon Lowpoly Pack/Prefabs/99_Decorations_WallBanner_5.prefab
  artifactKey: Guid(ec2f295bd6d5a874eae824112a4f523a) Importer(2089858483,192608db42251d675da83286b1cce702)
Start importing Assets/Scenes/CatBorg Studio/3D Dungeon Lowpoly Pack/Prefabs/99_Decorations_WallBanner_5.prefab using Guid(ec2f295bd6d5a874eae824112a4f523a) Importer(2089858483,192608db42251d675da83286b1cce702) (ScriptedImporter) -> (artifact id: '7833bae97af92cadd85cdb3cc8babebe') in 0.0742484 seconds
Number of updated asset objects reloaded before import = 0Number of asset objects unloaded after import = 8

========================================================================
Received Import Request.
  Time since last request: 0.000016 seconds.
  path: Assets/Scenes/CatBorg Studio/3D Dungeon Lowpoly Pack/Prefabs/97_Othert_Key_Yellow.prefab
  artifactKey: Guid(8e6bcd71fb429ed4cab90a908277c517) Importer(2089858483,192608db42251d675da83286b1cce702)
Start importing Assets/Scenes/CatBorg Studio/3D Dungeon Lowpoly Pack/Prefabs/97_Othert_Key_Yellow.prefab using Guid(8e6bcd71fb429ed4cab90a908277c517) Importer(2089858483,192608db42251d675da83286b1cce702) (ScriptedImporter) -> (artifact id: 'f587dba75e0498fa1d7946a18db49881') in 0.0717714 seconds
Number of updated asset objects reloaded before import = 0Number of asset objects unloaded after import = 8

========================================================================
Received Import Request.
  Time since last request: 0.000018 seconds.
  path: Assets/Scenes/CatBorg Studio/3D Dungeon Lowpoly Pack/Prefabs/99_Enviroment_DoorsFake#2.prefab
  artifactKey: Guid(efb35fe6231a35c4cb63624fe901ed92) Importer(2089858483,192608db42251d675da83286b1cce702)
Start importing Assets/Scenes/CatBorg Studio/3D Dungeon Lowpoly Pack/Prefabs/99_Enviroment_DoorsFake#2.prefab using Guid(efb35fe6231a35c4cb63624fe901ed92) Importer(2089858483,192608db42251d675da83286b1cce702) (ScriptedImporter) -> (artifact id: '385bcea698ca36f89f756fed45efada0') in 0.0710681 seconds
Number of updated asset objects reloaded before import = 0Number of asset objects unloaded after import = 8

========================================================================
Received Import Request.
  Time since last request: 0.000036 seconds.
  path: Assets/Scenes/CatBorg Studio/3D Dungeon Lowpoly Pack/Textures/K4DvOYlE.png
  artifactKey: Guid(2a374816550955848a2d16082727694c) Importer(2089858483,192608db42251d675da83286b1cce702)
Start importing Assets/Scenes/CatBorg Studio/3D Dungeon Lowpoly Pack/Textures/K4DvOYlE.png using Guid(2a374816550955848a2d16082727694c) Importer(2089858483,192608db42251d675da83286b1cce702) (ScriptedImporter) -> (artifact id: '7c957d5b782adfb1b9311d5c8cb78625') in 0.0323384 seconds
Number of updated asset objects reloaded before import = 0Number of asset objects unloaded after import = 3

========================================================================
Received Import Request.
  Time since last request: 0.000023 seconds.
  path: Assets/Scenes/CatBorg Studio/3D Dungeon Lowpoly Pack/Prefabs/99_Enviroment_Doors.prefab
  artifactKey: Guid(a88728279c9ff77439e3768970fce445) Importer(2089858483,192608db42251d675da83286b1cce702)
Start importing Assets/Scenes/CatBorg Studio/3D Dungeon Lowpoly Pack/Prefabs/99_Enviroment_Doors.prefab using Guid(a88728279c9ff77439e3768970fce445) Importer(2089858483,192608db42251d675da83286b1cce702) (ScriptedImporter) -> (artifact id: 'bcd1dbbd2f036212a1e513ccc4063c6b') in 0.0726374 seconds
Number of updated asset objects reloaded before import = 0Number of asset objects unloaded after import = 19

========================================================================
Received Import Request.
  Time since last request: 0.000020 seconds.
  path: Assets/Scenes/CatBorg Studio/3D Dungeon Lowpoly Pack/Scenes/DemoScene_Room2.unity
  artifactKey: Guid(e36070e4db81ea949b9c51b64d3f3235) Importer(2089858483,192608db42251d675da83286b1cce702)
Start importing Assets/Scenes/CatBorg Studio/3D Dungeon Lowpoly Pack/Scenes/DemoScene_Room2.unity using Guid(e36070e4db81ea949b9c51b64d3f3235) Importer(2089858483,192608db42251d675da83286b1cce702) (ScriptedImporter) -> (artifact id: 'c5ef492217799750470b1bd5b977ebf4') in 0.0600868 seconds
Number of updated asset objects reloaded before import = 0Number of asset objects unloaded after import = 1

========================================================================
Received Import Request.
  Time since last request: 0.000029 seconds.
  path: Assets/Lab2 - Copy/BTM_Assets/BTM_Items_Gems/Prefabs/Magnet.prefab
  artifactKey: Guid(50e260f821baa56419af96b848301e5d) Importer(2089858483,192608db42251d675da83286b1cce702)
Start importing Assets/Lab2 - Copy/BTM_Assets/BTM_Items_Gems/Prefabs/Magnet.prefab using Guid(50e260f821baa56419af96b848301e5d) Importer(2089858483,192608db42251d675da83286b1cce702) (ScriptedImporter) -> (artifact id: '4587e0144c4a3ea9779acee2b25a9d81') in 0.0777837 seconds
Number of updated asset objects reloaded before import = 0Number of asset objects unloaded after import = 15

========================================================================
Received Import Request.
  Time since last request: 0.000018 seconds.
  path: Assets/Lab2 - Copy/BTM_Assets/BTM_Items_Gems/Prefabs/Thunder.prefab
  artifactKey: Guid(59fd80584945fc7448940995b97dab30) Importer(2089858483,192608db42251d675da83286b1cce702)
Start importing Assets/Lab2 - Copy/BTM_Assets/BTM_Items_Gems/Prefabs/Thunder.prefab using Guid(59fd80584945fc7448940995b97dab30) Importer(2089858483,192608db42251d675da83286b1cce702) (ScriptedImporter) -> (artifact id: 'ea3abf3a384bcf22deb402b1d36616d9') in 0.0956885 seconds
Number of updated asset objects reloaded before import = 0Number of asset objects unloaded after import = 15

========================================================================
Received Import Request.
  Time since last request: 0.000022 seconds.
  path: Assets/Scenes/CatBorg Studio/3D Dungeon Lowpoly Pack/Models/01_Library_01_BookSmall_Green.fbx
  artifactKey: Guid(19beee987cc34624cb12ac982e0dc8e6) Importer(2089858483,192608db42251d675da83286b1cce702)
Start importing Assets/Scenes/CatBorg Studio/3D Dungeon Lowpoly Pack/Models/01_Library_01_BookSmall_Green.fbx using Guid(19beee987cc34624cb12ac982e0dc8e6) Importer(2089858483,192608db42251d675da83286b1cce702) (ScriptedImporter) -> (artifact id: '05d6c481dd0d360626d0c7c7b77f494c') in 0.040902 seconds
Number of updated asset objects reloaded before import = 0Number of asset objects unloaded after import = 9

========================================================================
Received Import Request.
  Time since last request: 0.000028 seconds.
  path: Assets/Scenes/CatBorg Studio/3D Dungeon Lowpoly Pack/Models/96_Traps_Trap_Cannon.fbx
  artifactKey: Guid(a1a3aa8cf7570f443b810db8e3c36055) Importer(2089858483,192608db42251d675da83286b1cce702)
Start importing Assets/Scenes/CatBorg Studio/3D Dungeon Lowpoly Pack/Models/96_Traps_Trap_Cannon.fbx using Guid(a1a3aa8cf7570f443b810db8e3c36055) Importer(2089858483,192608db42251d675da83286b1cce702) (ScriptedImporter) -> (artifact id: '180e602d6687da7d3b50c46c2e9fdc53') in 0.0450045 seconds
Number of updated asset objects reloaded before import = 0Number of asset objects unloaded after import = 8

========================================================================
Received Import Request.
  Time since last request: 0.000021 seconds.
  path: Assets/Scenes/CatBorg Studio/3D Dungeon Lowpoly Pack/Models/97_Othert_Barrel_Whole.fbx
  artifactKey: Guid(f4a2f9011f80b8149958fbd8accb1077) Importer(2089858483,192608db42251d675da83286b1cce702)
Start importing Assets/Scenes/CatBorg Studio/3D Dungeon Lowpoly Pack/Models/97_Othert_Barrel_Whole.fbx using Guid(f4a2f9011f80b8149958fbd8accb1077) Importer(2089858483,192608db42251d675da83286b1cce702) (ScriptedImporter) -> (artifact id: '3409aaeabebb9699150c42ad0a64ae49') in 0.0347883 seconds
Number of updated asset objects reloaded before import = 0Number of asset objects unloaded after import = 8

========================================================================
Received Import Request.
  Time since last request: 0.000019 seconds.
  path: Assets/FreeDragons/Animations/DragonSoulEater/Die.fbx
  artifactKey: Guid(6f83b9d81f8c7854baeca6ff691bb0c1) Importer(2089858483,192608db42251d675da83286b1cce702)
Start importing Assets/FreeDragons/Animations/DragonSoulEater/Die.fbx using Guid(6f83b9d81f8c7854baeca6ff691bb0c1) Importer(2089858483,192608db42251d675da83286b1cce702) (ScriptedImporter) -> (artifact id: '1ea17d5df11227eca65df63b759b4556') in 0.036875 seconds
Number of updated asset objects reloaded before import = 0Number of asset objects unloaded after import = 133

========================================================================
Received Import Request.
  Time since last request: 0.000023 seconds.
  path: Assets/Scenes/CatBorg Studio/3D Dungeon Lowpoly Pack/Materials/Material_Emmision_Red.mat
  artifactKey: Guid(cdb37826a04b3ed43b5807afee542f08) Importer(2089858483,192608db42251d675da83286b1cce702)
Start importing Assets/Scenes/CatBorg Studio/3D Dungeon Lowpoly Pack/Materials/Material_Emmision_Red.mat using Guid(cdb37826a04b3ed43b5807afee542f08) Importer(2089858483,192608db42251d675da83286b1cce702) (ScriptedImporter) -> (artifact id: '43d1ffdfef8743eafde23c9761b4f31f') in 0.0277959 seconds
Number of updated asset objects reloaded before import = 0Number of asset objects unloaded after import = 1

========================================================================
Received Import Request.
  Time since last request: 0.000026 seconds.
  path: Assets/Lab2 - Copy/RPGHero/Materials/PolyArt.mat
  artifactKey: Guid(a507d7782a15a784287355f31af5c972) Importer(2089858483,192608db42251d675da83286b1cce702)
Start importing Assets/Lab2 - Copy/RPGHero/Materials/PolyArt.mat using Guid(a507d7782a15a784287355f31af5c972) Importer(2089858483,192608db42251d675da83286b1cce702) (ScriptedImporter) -> (artifact id: '9e14e8afff3f6ebeb0f7e6179d9ea490') in 0.0474911 seconds
Number of updated asset objects reloaded before import = 0Number of asset objects unloaded after import = 2

========================================================================
Received Import Request.
  Time since last request: 0.000019 seconds.
  path: Assets/Lab2 - Copy/BTM_Assets/BTM_Items_Gems/Models/Time.fbx
  artifactKey: Guid(0136abae75221dc4e8e1ba4f9d24c63b) Importer(2089858483,192608db42251d675da83286b1cce702)
Start importing Assets/Lab2 - Copy/BTM_Assets/BTM_Items_Gems/Models/Time.fbx using Guid(0136abae75221dc4e8e1ba4f9d24c63b) Importer(2089858483,192608db42251d675da83286b1cce702) (ScriptedImporter) -> (artifact id: '6911ce079a23a0713f74dd4022a4549b') in 0.0425201 seconds
Number of updated asset objects reloaded before import = 0Number of asset objects unloaded after import = 9

========================================================================
Received Import Request.
  Time since last request: 0.000025 seconds.
  path: Assets/Scenes/CatBorg Studio/3D Dungeon Lowpoly Pack/Prefabs/97_Othert_Splash_1.prefab
  artifactKey: Guid(d34bde90053bf2a4d843e3c500a0fb4e) Importer(2089858483,192608db42251d675da83286b1cce702)
Start importing Assets/Scenes/CatBorg Studio/3D Dungeon Lowpoly Pack/Prefabs/97_Othert_Splash_1.prefab using Guid(d34bde90053bf2a4d843e3c500a0fb4e) Importer(2089858483,192608db42251d675da83286b1cce702) (ScriptedImporter) -> (artifact id: '0db6e316e7323bc314e9c116a95ea7cf') in 0.0534547 seconds
Number of updated asset objects reloaded before import = 0Number of asset objects unloaded after import = 8

========================================================================
Received Import Request.
  Time since last request: 0.000021 seconds.
  path: Assets/Lab2 - Copy/RPGHero/Animations/DieRecover_SwordShield.anim
  artifactKey: Guid(d409229dd0174e84da6bbb93c968e888) Importer(2089858483,192608db42251d675da83286b1cce702)
Start importing Assets/Lab2 - Copy/RPGHero/Animations/DieRecover_SwordShield.anim using Guid(d409229dd0174e84da6bbb93c968e888) Importer(2089858483,192608db42251d675da83286b1cce702) (ScriptedImporter) -> (artifact id: '3a7bf29d995a0ee79815d03f8398ce52') in 0.0705763 seconds
Number of updated asset objects reloaded before import = 0Number of asset objects unloaded after import = 1

========================================================================
Received Import Request.
  Time since last request: 0.000026 seconds.
  path: Assets/Scenes/CatBorg Studio/3D Dungeon Lowpoly Pack/Prefabs/01_Library_01_Candle#1.prefab
  artifactKey: Guid(a499bf0d3ec66534e8ea7e26047d2fea) Importer(2089858483,192608db42251d675da83286b1cce702)
Start importing Assets/Scenes/CatBorg Studio/3D Dungeon Lowpoly Pack/Prefabs/01_Library_01_Candle#1.prefab using Guid(a499bf0d3ec66534e8ea7e26047d2fea) Importer(2089858483,192608db42251d675da83286b1cce702) (ScriptedImporter) -> (artifact id: 'c7ed6d19e1cb60523c79405d13859c28') in 0.0613199 seconds
Number of updated asset objects reloaded before import = 0Number of asset objects unloaded after import = 8

========================================================================
Received Import Request.
  Time since last request: 0.000017 seconds.
  path: Assets/Scenes/CatBorg Studio/3D Dungeon Lowpoly Pack/Prefabs/02_Kitchen_01_CuttingBoard#2.prefab
  artifactKey: Guid(3b4da24dd8e66214c9d50248a0effe83) Importer(2089858483,192608db42251d675da83286b1cce702)
Start importing Assets/Scenes/CatBorg Studio/3D Dungeon Lowpoly Pack/Prefabs/02_Kitchen_01_CuttingBoard#2.prefab using Guid(3b4da24dd8e66214c9d50248a0effe83) Importer(2089858483,192608db42251d675da83286b1cce702) (ScriptedImporter) -> (artifact id: '96fdf70e3c1a7e1fd8f3d385264131e4') in 0.0550219 seconds
Number of updated asset objects reloaded before import = 0Number of asset objects unloaded after import = 8

========================================================================
Received Import Request.
  Time since last request: 0.000022 seconds.
  path: Assets/FreeDragons/Prefab/DragonSoulEaterPBR/DragonSoulEaterRedPBR.prefab
  artifactKey: Guid(a0740f648a2224844a894ba6a107d0a9) Importer(2089858483,192608db42251d675da83286b1cce702)
Start importing Assets/FreeDragons/Prefab/DragonSoulEaterPBR/DragonSoulEaterRedPBR.prefab using Guid(a0740f648a2224844a894ba6a107d0a9) Importer(2089858483,192608db42251d675da83286b1cce702) (ScriptedImporter) -> (artifact id: '99050f7423d3f74151e383ca5211855b') in 0.0846449 seconds
Number of updated asset objects reloaded before import = 0Number of asset objects unloaded after import = 185

========================================================================
Received Import Request.
  Time since last request: 0.000034 seconds.
  path: Assets/Lab2 - Copy/RPGHero/Materials/PBR.mat
  artifactKey: Guid(c12dcb13975c4f046aeb892393f83184) Importer(2089858483,192608db42251d675da83286b1cce702)
Start importing Assets/Lab2 - Copy/RPGHero/Materials/PBR.mat using Guid(c12dcb13975c4f046aeb892393f83184) Importer(2089858483,192608db42251d675da83286b1cce702) (ScriptedImporter) -> (artifact id: 'cad4644a6e4a50fa31aeb7f8c1ab2da4') in 0.0825848 seconds
Number of updated asset objects reloaded before import = 0Number of asset objects unloaded after import = 5

========================================================================
Received Import Request.
  Time since last request: 0.000023 seconds.
  path: Assets/FreeDragons/Texture/DragonSoulEaterHP/GreenHP.png
  artifactKey: Guid(017f8d11e173752489627e4b72684e41) Importer(2089858483,192608db42251d675da83286b1cce702)
Start importing Assets/FreeDragons/Texture/DragonSoulEaterHP/GreenHP.png using Guid(017f8d11e173752489627e4b72684e41) Importer(2089858483,192608db42251d675da83286b1cce702) (ScriptedImporter) -> (artifact id: '277bfc68c3a3763e265a3f8eaf2b1fb4') in 0.0448944 seconds
Number of updated asset objects reloaded before import = 0Number of asset objects unloaded after import = 1

========================================================================
Received Import Request.
  Time since last request: 0.000026 seconds.
  path: Assets/Lab2 - Copy/BTM_Assets/BTM_Items_Gems/Models/Lock.fbx
  artifactKey: Guid(7af490ac9513f2b4a88be930c89da620) Importer(2089858483,192608db42251d675da83286b1cce702)
Start importing Assets/Lab2 - Copy/BTM_Assets/BTM_Items_Gems/Models/Lock.fbx using Guid(7af490ac9513f2b4a88be930c89da620) Importer(2089858483,192608db42251d675da83286b1cce702) (ScriptedImporter) -> (artifact id: '08bb6c094e06624074bd75f5e42fcca3') in 0.041598 seconds
Number of updated asset objects reloaded before import = 0Number of asset objects unloaded after import = 9

========================================================================
Received Import Request.
  Time since last request: 0.000029 seconds.
  path: Assets/FreeDragons/Prefab/DragonBoarPBR/RedBoarPBR.prefab
  artifactKey: Guid(83187382e7bb7844da2964a6fec3b29b) Importer(2089858483,192608db42251d675da83286b1cce702)
Start importing Assets/FreeDragons/Prefab/DragonBoarPBR/RedBoarPBR.prefab using Guid(83187382e7bb7844da2964a6fec3b29b) Importer(2089858483,192608db42251d675da83286b1cce702) (ScriptedImporter) -> (artifact id: 'a7a3adfc6e5b78be85c5f83a6272b79f') in 0.0829938 seconds
Number of updated asset objects reloaded before import = 0Number of asset objects unloaded after import = 120

========================================================================
Received Import Request.
  Time since last request: 0.000021 seconds.
  path: Assets/Scenes/CatBorg Studio/3D Dungeon Lowpoly Pack/Models/01_DiningHall_01_Cup#1.fbx
  artifactKey: Guid(1fa8d3e2bdfd68f4e9e50a59fd55ff91) Importer(2089858483,192608db42251d675da83286b1cce702)
Start importing Assets/Scenes/CatBorg Studio/3D Dungeon Lowpoly Pack/Models/01_DiningHall_01_Cup#1.fbx using Guid(1fa8d3e2bdfd68f4e9e50a59fd55ff91) Importer(2089858483,192608db42251d675da83286b1cce702) (ScriptedImporter) -> (artifact id: 'a9aeb450e3744ed2cb208b4f0fb46ddb') in 0.0378955 seconds
Number of updated asset objects reloaded before import = 0Number of asset objects unloaded after import = 8

========================================================================
Received Import Request.
  Time since last request: 0.000017 seconds.
  path: Assets/Scenes/CatBorg Studio/3D Dungeon Lowpoly Pack/Prefabs/02_Kitchen_01_CookingPot#2.prefab
  artifactKey: Guid(3e949684ea4f4744d8394630ed256f96) Importer(2089858483,192608db42251d675da83286b1cce702)
Start importing Assets/Scenes/CatBorg Studio/3D Dungeon Lowpoly Pack/Prefabs/02_Kitchen_01_CookingPot#2.prefab using Guid(3e949684ea4f4744d8394630ed256f96) Importer(2089858483,192608db42251d675da83286b1cce702) (ScriptedImporter) -> (artifact id: '06449684b22cb731d658c46618d3999c') in 0.0673634 seconds
Number of updated asset objects reloaded before import = 0Number of asset objects unloaded after import = 8

========================================================================
Received Import Request.
  Time since last request: 0.000034 seconds.
  path: Assets/Scenes/CatBorg Studio/3D Dungeon Lowpoly Pack/Prefabs/97_Othert_Amphora_Destroyable.prefab
  artifactKey: Guid(22c3c9f59017bab44a6af40069e7785f) Importer(2089858483,192608db42251d675da83286b1cce702)
Start importing Assets/Scenes/CatBorg Studio/3D Dungeon Lowpoly Pack/Prefabs/97_Othert_Amphora_Destroyable.prefab using Guid(22c3c9f59017bab44a6af40069e7785f) Importer(2089858483,192608db42251d675da83286b1cce702) (ScriptedImporter) -> (artifact id: 'df10b21fdd13b33ebb52b173e3673d32') in 0.0691349 seconds
Number of updated asset objects reloaded before import = 0Number of asset objects unloaded after import = 44

========================================================================
Received Prepare
Begin MonoManager ReloadAssembly
[Licensing::Client] Successfully resolved entitlement details
- Loaded All Assemblies, in  0.839 seconds
Refreshing native plugins compatible for Editor in 1.70 ms, found 3 plugins.
Native extension for WindowsStandalone target not found
[Package Manager] Failed to launch server process. Reason: Unity was launched with the -noUpm command-line argument
[Package Manager] Unable to send message (not connected to server process).
[Package Manager] Cannot connect to Unity Package Manager local server
Mono: successfully reloaded assembly
- Finished resetting the current domain, in  0.826 seconds
Domain Reload Profiling: 1664ms
	BeginReloadAssembly (246ms)
		ExecutionOrderSort (0ms)
		DisableScriptedObjects (7ms)
		BackupInstance (0ms)
		ReleaseScriptingObjects (0ms)
		CreateAndSetChildDomain (62ms)
	RebuildCommonClasses (37ms)
	RebuildNativeTypeToScriptingClass (17ms)
	initialDomainReloadingComplete (36ms)
	LoadAllAssembliesAndSetupDomain (501ms)
		LoadAssemblies (424ms)
		RebuildTransferFunctionScriptingTraits (0ms)
		AnalyzeDomain (190ms)
			TypeCache.Refresh (11ms)
				TypeCache.ScanAssembly (0ms)
			BuildScriptInfoCaches (161ms)
			ResolveRequiredComponents (11ms)
	FinalizeReload (827ms)
		ReleaseScriptCaches (0ms)
		RebuildScriptCaches (0ms)
		SetupLoadedEditorAssemblies (658ms)
			LogAssemblyErrors (0ms)
			InitializePlatformSupportModulesInManaged (3ms)
			SetLoadedEditorAssemblies (8ms)
			BeforeProcessingInitializeOnLoad (192ms)
			ProcessInitializeOnLoadAttributes (389ms)
			ProcessInitializeOnLoadMethodAttributes (61ms)
			AfterProcessingInitializeOnLoad (6ms)
			EditorAssembliesLoaded (0ms)
		ExecutionOrderSort2 (0ms)
		AwakeInstancesAfterBackupRestoration (22ms)
Refreshing native plugins compatible for Editor in 1.64 ms, found 3 plugins.
Preloading 0 native plugins for Editor in 0.00 ms.
Unloading 13 Unused Serialized files (Serialized files now loaded: 0)
Unloading 6113 unused Assets / (3.7 MB). Loaded Objects now: 6868.
Memory consumption went from 159.3 MB to 155.6 MB.
Total: 7.209500 ms (FindLiveObjects: 0.494600 ms CreateObjectMapping: 0.318400 ms MarkObjects: 4.617400 ms  DeleteObjects: 1.777900 ms)

Prepare: number of updated asset objects reloaded= 0
========================================================================
Received Import Request.
  Time since last request: 14.689892 seconds.
  path: Assets/Lab2 - Copy/Scripts/dragonCollider.cs
  artifactKey: Guid(8b39f5c817f020148ab10b03ebc606dc) Importer(815301076,1909f56bfc062723c751e8b465ee728b)
Start importing Assets/Lab2 - Copy/Scripts/dragonCollider.cs using Guid(8b39f5c817f020148ab10b03ebc606dc) Importer(815301076,1909f56bfc062723c751e8b465ee728b) (PreviewImporter) -> (artifact id: 'ef06c3ba26b198ac7c49ea8ab0edbc22') in 0.0019131 seconds
Number of updated asset objects reloaded before import = 0Number of asset objects unloaded after import = 0

========================================================================
Received Prepare
Refreshing native plugins compatible for Editor in 1.83 ms, found 3 plugins.
Preloading 0 native plugins for Editor in 0.00 ms.
Unloading 13 Unused Serialized files (Serialized files now loaded: 0)
Unloading 6105 unused Assets / (3.9 MB). Loaded Objects now: 6868.
Memory consumption went from 159.5 MB to 155.6 MB.
Total: 82.004600 ms (FindLiveObjects: 0.951400 ms CreateObjectMapping: 0.340300 ms MarkObjects: 77.082200 ms  DeleteObjects: 3.530100 ms)

Prepare: number of updated asset objects reloaded= 0
========================================================================
Received Prepare
Refreshing native plugins compatible for Editor in 1.67 ms, found 3 plugins.
Preloading 0 native plugins for Editor in 0.00 ms.
Unloading 13 Unused Serialized files (Serialized files now loaded: 0)
Unloading 6105 unused Assets / (3.6 MB). Loaded Objects now: 6868.
Memory consumption went from 161.5 MB to 157.9 MB.
Total: 7.886400 ms (FindLiveObjects: 0.623000 ms CreateObjectMapping: 0.741600 ms MarkObjects: 4.431800 ms  DeleteObjects: 2.088600 ms)

Prepare: number of updated asset objects reloaded= 0
========================================================================
Received Prepare
Begin MonoManager ReloadAssembly
[Licensing::Client] Successfully resolved entitlement details
- Loaded All Assemblies, in  8.955 seconds
Refreshing native plugins compatible for Editor in 1.30 ms, found 3 plugins.
Native extension for WindowsStandalone target not found
[Package Manager] Failed to launch server process. Reason: Unity was launched with the -noUpm command-line argument
[Package Manager] Unable to send message (not connected to server process).
[Package Manager] Cannot connect to Unity Package Manager local server
Mono: successfully reloaded assembly
- Finished resetting the current domain, in  0.749 seconds
Domain Reload Profiling: 9703ms
	BeginReloadAssembly (1305ms)
		ExecutionOrderSort (0ms)
		DisableScriptedObjects (15ms)
		BackupInstance (0ms)
		ReleaseScriptingObjects (0ms)
		CreateAndSetChildDomain (120ms)
	RebuildCommonClasses (478ms)
	RebuildNativeTypeToScriptingClass (13ms)
	initialDomainReloadingComplete (40ms)
	LoadAllAssembliesAndSetupDomain (7118ms)
		LoadAssemblies (7982ms)
		RebuildTransferFunctionScriptingTraits (0ms)
		AnalyzeDomain (215ms)
			TypeCache.Refresh (17ms)
				TypeCache.ScanAssembly (0ms)
			BuildScriptInfoCaches (179ms)
			ResolveRequiredComponents (11ms)
	FinalizeReload (749ms)
		ReleaseScriptCaches (0ms)
		RebuildScriptCaches (0ms)
		SetupLoadedEditorAssemblies (591ms)
			LogAssemblyErrors (0ms)
			InitializePlatformSupportModulesInManaged (2ms)
			SetLoadedEditorAssemblies (5ms)
			BeforeProcessingInitializeOnLoad (137ms)
			ProcessInitializeOnLoadAttributes (360ms)
			ProcessInitializeOnLoadMethodAttributes (81ms)
			AfterProcessingInitializeOnLoad (5ms)
			EditorAssembliesLoaded (0ms)
		ExecutionOrderSort2 (0ms)
		AwakeInstancesAfterBackupRestoration (16ms)
Refreshing native plugins compatible for Editor in 1.19 ms, found 3 plugins.
Preloading 0 native plugins for Editor in 0.00 ms.
Unloading 13 Unused Serialized files (Serialized files now loaded: 0)
Unloading 6112 unused Assets / (4.0 MB). Loaded Objects now: 6870.
Memory consumption went from 163.5 MB to 159.4 MB.
Total: 6.627800 ms (FindLiveObjects: 0.463300 ms CreateObjectMapping: 0.302600 ms MarkObjects: 4.046500 ms  DeleteObjects: 1.814000 ms)

Prepare: number of updated asset objects reloaded= 0
========================================================================
Received Prepare
Begin MonoManager ReloadAssembly
[Licensing::Client] Successfully resolved entitlement details
- Loaded All Assemblies, in  0.855 seconds
Refreshing native plugins compatible for Editor in 1.25 ms, found 3 plugins.
Native extension for WindowsStandalone target not found
[Package Manager] Failed to launch server process. Reason: Unity was launched with the -noUpm command-line argument
[Package Manager] Unable to send message (not connected to server process).
[Package Manager] Cannot connect to Unity Package Manager local server
Mono: successfully reloaded assembly
- Finished resetting the current domain, in  0.721 seconds
Domain Reload Profiling: 1575ms
	BeginReloadAssembly (243ms)
		ExecutionOrderSort (0ms)
		DisableScriptedObjects (6ms)
		BackupInstance (0ms)
		ReleaseScriptingObjects (0ms)
		CreateAndSetChildDomain (50ms)
	RebuildCommonClasses (42ms)
	RebuildNativeTypeToScriptingClass (13ms)
	initialDomainReloadingComplete (33ms)
	LoadAllAssembliesAndSetupDomain (522ms)
		LoadAssemblies (423ms)
		RebuildTransferFunctionScriptingTraits (0ms)
		AnalyzeDomain (220ms)
			TypeCache.Refresh (9ms)
				TypeCache.ScanAssembly (0ms)
			BuildScriptInfoCaches (192ms)
			ResolveRequiredComponents (14ms)
	FinalizeReload (722ms)
		ReleaseScriptCaches (0ms)
		RebuildScriptCaches (0ms)
		SetupLoadedEditorAssemblies (564ms)
			LogAssemblyErrors (0ms)
			InitializePlatformSupportModulesInManaged (2ms)
			SetLoadedEditorAssemblies (6ms)
			BeforeProcessingInitializeOnLoad (134ms)
			ProcessInitializeOnLoadAttributes (359ms)
			ProcessInitializeOnLoadMethodAttributes (56ms)
			AfterProcessingInitializeOnLoad (6ms)
			EditorAssembliesLoaded (0ms)
		ExecutionOrderSort2 (0ms)
		AwakeInstancesAfterBackupRestoration (20ms)
Refreshing native plugins compatible for Editor in 1.78 ms, found 3 plugins.
Preloading 0 native plugins for Editor in 0.00 ms.
Unloading 13 Unused Serialized files (Serialized files now loaded: 0)
Unloading 6112 unused Assets / (4.1 MB). Loaded Objects now: 6872.
Memory consumption went from 165.6 MB to 161.5 MB.
Total: 8.602600 ms (FindLiveObjects: 0.518900 ms CreateObjectMapping: 0.319200 ms MarkObjects: 5.413300 ms  DeleteObjects: 2.349300 ms)

Prepare: number of updated asset objects reloaded= 0
========================================================================
Received Import Request.
  Time since last request: 1553.509181 seconds.
  path: Assets/FreeDragons/Animators/SouleaterCTRL.controller
  artifactKey: Guid(1b447a681891ea74894a0ce0bded5a81) Importer(815301076,1909f56bfc062723c751e8b465ee728b)
Start importing Assets/FreeDragons/Animators/SouleaterCTRL.controller using Guid(1b447a681891ea74894a0ce0bded5a81) Importer(815301076,1909f56bfc062723c751e8b465ee728b) (PreviewImporter) -> (artifact id: 'bf683557633523351bb003d901c3c494') in 0.5420565 seconds
Number of updated asset objects reloaded before import = 0Number of asset objects unloaded after import = 53

========================================================================
Received Import Request.
  Time since last request: 30.243975 seconds.
  path: Assets/FreeDragons/Animations/DragonBoar/attack.fbx
  artifactKey: Guid(3fd80404506c6734282c368b3d3b36f0) Importer(815301076,1909f56bfc062723c751e8b465ee728b)
Start importing Assets/FreeDragons/Animations/DragonBoar/attack.fbx using Guid(3fd80404506c6734282c368b3d3b36f0) Importer(815301076,1909f56bfc062723c751e8b465ee728b) (PreviewImporter) -> (artifact id: 'ac13b5e72eabff3b20f697b2b19507df') in 0.8706481 seconds
Number of updated asset objects reloaded before import = 0Number of asset objects unloaded after import = 93

========================================================================
Received Import Request.
  Time since last request: 0.000030 seconds.
  path: Assets/FreeDragons/Animations/DragonBoar/walk.fbx
  artifactKey: Guid(4c7a0e0d6f7821c439d739697a6bbee0) Importer(815301076,1909f56bfc062723c751e8b465ee728b)
Start importing Assets/FreeDragons/Animations/DragonBoar/walk.fbx using Guid(4c7a0e0d6f7821c439d739697a6bbee0) Importer(815301076,1909f56bfc062723c751e8b465ee728b) (PreviewImporter) -> (artifact id: '5de56bed2a4305fc8db98f3ef47f8145') in 0.0492924 seconds
Number of updated asset objects reloaded before import = 0Number of asset objects unloaded after import = 93

========================================================================
Received Import Request.
  Time since last request: 0.000033 seconds.
  path: Assets/FreeDragons/Animations/DragonBoar/idle.fbx
  artifactKey: Guid(2bcf21f129797c541a2ce3587bf59eed) Importer(815301076,1909f56bfc062723c751e8b465ee728b)
Start importing Assets/FreeDragons/Animations/DragonBoar/idle.fbx using Guid(2bcf21f129797c541a2ce3587bf59eed) Importer(815301076,1909f56bfc062723c751e8b465ee728b) (PreviewImporter) -> (artifact id: '132fcc2f6352a9376854538727122f38') in 0.0455728 seconds
Number of updated asset objects reloaded before import = 0Number of asset objects unloaded after import = 93

========================================================================
Received Import Request.
  Time since last request: 0.000028 seconds.
  path: Assets/FreeDragons/Animations/DragonBoar/run.fbx
  artifactKey: Guid(5f9b47d1228458148ac9b6e86d151862) Importer(815301076,1909f56bfc062723c751e8b465ee728b)
Start importing Assets/FreeDragons/Animations/DragonBoar/run.fbx using Guid(5f9b47d1228458148ac9b6e86d151862) Importer(815301076,1909f56bfc062723c751e8b465ee728b) (PreviewImporter) -> (artifact id: '6697aa03e8f493f1253f4bb4846d2ffb') in 0.0453211 seconds
Number of updated asset objects reloaded before import = 0Number of asset objects unloaded after import = 91

========================================================================
Received Import Request.
  Time since last request: 0.000023 seconds.
  path: Assets/FreeDragons/Animations/DragonBoar/HornAttack.fbx
  artifactKey: Guid(3496cda763ff70b40aeed94cf510c9db) Importer(815301076,1909f56bfc062723c751e8b465ee728b)
Start importing Assets/FreeDragons/Animations/DragonBoar/HornAttack.fbx using Guid(3496cda763ff70b40aeed94cf510c9db) Importer(815301076,1909f56bfc062723c751e8b465ee728b) (PreviewImporter) -> (artifact id: '92ce619424000f33f222f1cdbcd8ba30') in 0.0509214 seconds
Number of updated asset objects reloaded before import = 0Number of asset objects unloaded after import = 91

========================================================================
Received Import Request.
  Time since last request: 7.248653 seconds.
  path: Assets/FreeDragons/Animators/DragonBoarCTRL.controller
  artifactKey: Guid(08f6634017a8e784a8807f193b72bec9) Importer(815301076,1909f56bfc062723c751e8b465ee728b)
Start importing Assets/FreeDragons/Animators/DragonBoarCTRL.controller using Guid(08f6634017a8e784a8807f193b72bec9) Importer(815301076,1909f56bfc062723c751e8b465ee728b) (PreviewImporter) -> (artifact id: '3e72898162a2fa4f621e902a8af773eb') in 0.0125942 seconds
Number of updated asset objects reloaded before import = 0Number of asset objects unloaded after import = 28

========================================================================
Received Prepare
Begin MonoManager ReloadAssembly
[Licensing::Client] Successfully resolved entitlement details
- Loaded All Assemblies, in  0.881 seconds
Refreshing native plugins compatible for Editor in 1.47 ms, found 3 plugins.
Native extension for WindowsStandalone target not found
[Package Manager] Failed to launch server process. Reason: Unity was launched with the -noUpm command-line argument
[Package Manager] Unable to send message (not connected to server process).
[Package Manager] Cannot connect to Unity Package Manager local server
Mono: successfully reloaded assembly
- Finished resetting the current domain, in  0.898 seconds
Domain Reload Profiling: 1778ms
	BeginReloadAssembly (271ms)
		ExecutionOrderSort (0ms)
		DisableScriptedObjects (30ms)
		BackupInstance (0ms)
		ReleaseScriptingObjects (0ms)
		CreateAndSetChildDomain (54ms)
	RebuildCommonClasses (37ms)
	RebuildNativeTypeToScriptingClass (14ms)
	initialDomainReloadingComplete (44ms)
	LoadAllAssembliesAndSetupDomain (514ms)
		LoadAssemblies (435ms)
		RebuildTransferFunctionScriptingTraits (0ms)
		AnalyzeDomain (198ms)
			TypeCache.Refresh (9ms)
				TypeCache.ScanAssembly (0ms)
			BuildScriptInfoCaches (172ms)
			ResolveRequiredComponents (11ms)
	FinalizeReload (899ms)
		ReleaseScriptCaches (0ms)
		RebuildScriptCaches (0ms)
		SetupLoadedEditorAssemblies (720ms)
			LogAssemblyErrors (0ms)
			InitializePlatformSupportModulesInManaged (2ms)
			SetLoadedEditorAssemblies (6ms)
			BeforeProcessingInitializeOnLoad (158ms)
			ProcessInitializeOnLoadAttributes (475ms)
			ProcessInitializeOnLoadMethodAttributes (71ms)
			AfterProcessingInitializeOnLoad (8ms)
			EditorAssembliesLoaded (0ms)
		ExecutionOrderSort2 (0ms)
		AwakeInstancesAfterBackupRestoration (20ms)
Refreshing native plugins compatible for Editor in 1.42 ms, found 3 plugins.
Preloading 0 native plugins for Editor in 0.00 ms.
Unloading 13 Unused Serialized files (Serialized files now loaded: 0)
Unloading 6112 unused Assets / (4.1 MB). Loaded Objects now: 6894.
Memory consumption went from 159.7 MB to 155.6 MB.
Total: 7.744700 ms (FindLiveObjects: 0.816300 ms CreateObjectMapping: 0.396300 ms MarkObjects: 4.247200 ms  DeleteObjects: 2.283500 ms)

Prepare: number of updated asset objects reloaded= 0
Editor requested this worker to shutdown with reason: Scaling down because of idle timeout
AssetImportWorker is now disconnected from the server
Process exiting
Exiting without the bug reporter. Application will terminate with return code 0