[Licensing::Module] Trying to connect to existing licensing client channel...
Built from '6000.2/respin/6000.2.6f2-cc51a95c03' branch; Version is '6000.2.6f2 (4a4dcaec6541) revision 4869578'; Using compiler version '194234433'; Build Type 'Release'
[Licensing::IpcConnector] Successfully connected to: "LicenseClient-ayana" at "2025-10-06T14:22:17.4293915Z"
OS: 'Windows 11  (10.0.26100) 64bit Core' Language: 'en' Physical Memory: 16087 MB
BatchMode: 1, IsHumanControllingUs: 0, StartBugReporterOnCrash: 0, Is64bit: 1
Date: 2025-10-06T14:22:17Z

COMMAND LINE ARGUMENTS:
C:\Program Files\Unity\Hub\Editor\6000.2.6f2\Editor\Unity.exe
-adb2
-batchMode
-noUpm
-name
AssetImportWorker0
-projectPath
C:/Users/ayana/OneDrive/Documents/GitHub/AnimationLabs2025/AnimationLabs_
-logFile
Logs/AssetImportWorker0.log
-srvPort
53577
-licensingIpc
LicenseClient-ayana
-job-worker-count
7
-background-job-worker-count
8
-gc-helper-count
1
-name
AssetImport
Successfully changed project path to: C:/Users/ayana/OneDrive/Documents/GitHub/AnimationLabs2025/AnimationLabs_
C:/Users/ayana/OneDrive/Documents/GitHub/AnimationLabs2025/AnimationLabs_
[UnityMemory] Configuration Parameters - Can be set up in boot.config
    "memorysetup-allocator-temp-initial-block-size-main=262144"
    "memorysetup-allocator-temp-initial-block-size-worker=262144"
    "memorysetup-bucket-allocator-granularity=16"
    "memorysetup-bucket-allocator-bucket-count=8"
    "memorysetup-bucket-allocator-block-size=33554432"
    "memorysetup-bucket-allocator-block-count=8"
    "memorysetup-main-allocator-block-size=16777216"
    "memorysetup-thread-allocator-block-size=16777216"
    "memorysetup-gfx-main-allocator-block-size=16777216"
    "memorysetup-gfx-thread-allocator-block-size=16777216"
    "memorysetup-cache-allocator-block-size=4194304"
    "memorysetup-typetree-allocator-block-size=2097152"
    "memorysetup-profiler-bucket-allocator-granularity=16"
    "memorysetup-profiler-bucket-allocator-bucket-count=8"
    "memorysetup-profiler-bucket-allocator-block-size=33554432"
    "memorysetup-profiler-bucket-allocator-block-count=8"
    "memorysetup-profiler-allocator-block-size=16777216"
    "memorysetup-profiler-editor-allocator-block-size=1048576"
    "memorysetup-temp-allocator-size-main=16777216"
    "memorysetup-job-temp-allocator-block-size=2097152"
    "memorysetup-job-temp-allocator-block-size-background=1048576"
    "memorysetup-job-temp-allocator-reduction-small-platforms=262144"
    "memorysetup-temp-allocator-size-background-worker=32768"
    "memorysetup-temp-allocator-size-job-worker=262144"
    "memorysetup-temp-allocator-size-preload-manager=33554432"
    "memorysetup-temp-allocator-size-nav-mesh-worker=65536"
    "memorysetup-temp-allocator-size-audio-worker=65536"
    "memorysetup-temp-allocator-size-cloud-worker=32768"
    "memorysetup-temp-allocator-size-gi-baking-worker=262144"
    "memorysetup-temp-allocator-size-gi-baking-worker=262144"
    "memorysetup-temp-allocator-size-gi-baking-worker=262144"
    "memorysetup-temp-allocator-size-gi-baking-worker=262144"
    "memorysetup-temp-allocator-size-gi-baking-worker=262144"
    "memorysetup-temp-allocator-size-gfx=262144"
Player connection [29512]  Target information:

Player connection [29512]  * "[IP] 10.190.34.120 [Port] 0 [Flags] 2 [Guid] 345825990 [EditorId] 345825990 [Version] 1048832 [Id] WindowsEditor(7,MSI) [Debug] 1 [PackageName] WindowsEditor [ProjectName] Editor" 

Player connection [29512] Host joined multi-casting on [225.0.0.222:54997]...
Player connection [29512] Host joined alternative multi-casting on [225.0.0.222:34997]...
JobSystem: Creating JobQueue using job-worker-count value 7
Input System module state changed to: Initialized.
[Physics::Module] Initialized fallback backend.
[Physics::Module] Id: 0xdecafbad
[Licensing::Client] Code 10 while verifying Licensing Client signature (process Id: 14432, path: "C:/Users/ayana/SchoolSoftware/Unity Hub/UnityLicensingClient_V1/Unity.Licensing.Client.exe")
[Licensing::Module] LicensingClient has failed validation; ignoring
[Licensing::Client] Handshaking with LicensingClient:
  Version:                 1.17.3+a4e98f1
  Session Id:              dba4423d8f9c4c7b9c80ef63ef499dab
  Correlation Id:          dbb86da8790373501026c475021a0703
  External correlation Id: 8372409660753471995
  Machine Id:              cleDMvXY9O+45m6I22BHXt+mVGw=
[Licensing::Module] Successfully connected to LicensingClient on channel: "LicenseClient-ayana" (connect: 0.00s, validation: 0.02s, handshake: 0.16s)
[Licensing::IpcConnector] Successfully connected to: "LicenseClient-ayana-notifications" at "2025-10-06T14:22:17.606389Z"
[Licensing::Module] Licensing Background thread has ended after 0.18s
Library Redirect Path: Library/
[Physics::Module] Selected backend.
[Physics::Module] Name: PhysX
[Physics::Module] Id: 0xf2b8ea05
[Physics::Module] SDK Version: 4.1.2
[Physics::Module] Integration Version: 1.0.0
[Physics::Module] Threading Mode: Multi-Threaded
Refreshing native plugins compatible for Editor in 9.52 ms, found 3 plugins.
Preloading 0 native plugins for Editor in 0.00 ms.
Initialize engine version: 6000.2.6f2 (4a4dcaec6541)
[Subsystems] Discovering subsystems at path C:/Program Files/Unity/Hub/Editor/6000.2.6f2/Editor/Data/Resources/UnitySubsystems
[Subsystems] Discovering subsystems at path C:/Users/ayana/OneDrive/Documents/GitHub/AnimationLabs2025/AnimationLabs_/Assets
GfxDevice: creating device client; kGfxThreadingModeNonThreaded
d3d12: failed to query info queue interface (0x80004002).
Direct3D:
    Version:         Direct3D 12 [level 12.1]
    Renderer:        NVIDIA GeForce RTX 4060 Laptop GPU (ID=0x28a0)
    Vendor:          NVIDIA
    VRAM:            7957 MB
    App VRAM Budget: 7189 MB
    Driver:          32.0.15.7700
Initialize mono
Mono path[0] = 'C:/Program Files/Unity/Hub/Editor/6000.2.6f2/Editor/Data/Managed'
Mono path[1] = 'C:/Program Files/Unity/Hub/Editor/6000.2.6f2/Editor/Data/MonoBleedingEdge/lib/mono/unityjit-win32'
Mono config path = 'C:/Program Files/Unity/Hub/Editor/6000.2.6f2/Editor/Data/MonoBleedingEdge/etc'
Using monoOptions --debugger-agent=transport=dt_socket,embedding=1,server=y,suspend=n,address=127.0.0.1:56988
Begin MonoManager ReloadAssembly
Registering precompiled unity dll's ...
Register platform support module: C:/Program Files/Unity/Hub/Editor/6000.2.6f2/Editor/Data/PlaybackEngines/WindowsStandaloneSupport/UnityEditor.WindowsStandalone.Extensions.dll
Registered in 0.003209 seconds.
- Loaded All Assemblies, in  0.937 seconds
Native extension for WindowsStandalone target not found
Mono: successfully reloaded assembly
- Finished resetting the current domain, in  0.521 seconds
Domain Reload Profiling: 1455ms
	BeginReloadAssembly (382ms)
		ExecutionOrderSort (0ms)
		DisableScriptedObjects (0ms)
		BackupInstance (0ms)
		ReleaseScriptingObjects (0ms)
		CreateAndSetChildDomain (1ms)
	RebuildCommonClasses (224ms)
	RebuildNativeTypeToScriptingClass (26ms)
	initialDomainReloadingComplete (98ms)
	LoadAllAssembliesAndSetupDomain (203ms)
		LoadAssemblies (377ms)
		RebuildTransferFunctionScriptingTraits (0ms)
		AnalyzeDomain (200ms)
			TypeCache.Refresh (197ms)
				TypeCache.ScanAssembly (181ms)
			BuildScriptInfoCaches (0ms)
			ResolveRequiredComponents (1ms)
	FinalizeReload (521ms)
		ReleaseScriptCaches (0ms)
		RebuildScriptCaches (0ms)
		SetupLoadedEditorAssemblies (467ms)
			LogAssemblyErrors (0ms)
			InitializePlatformSupportModulesInManaged (74ms)
			SetLoadedEditorAssemblies (6ms)
			BeforeProcessingInitializeOnLoad (149ms)
			ProcessInitializeOnLoadAttributes (177ms)
			ProcessInitializeOnLoadMethodAttributes (61ms)
			AfterProcessingInitializeOnLoad (0ms)
			EditorAssembliesLoaded (0ms)
		ExecutionOrderSort2 (0ms)
		AwakeInstancesAfterBackupRestoration (0ms)
========================================================================
Worker process is ready to serve import requests
Import Worker Mode flag is 0x00
Begin MonoManager ReloadAssembly
[Licensing::Client] Successfully resolved entitlement details
[Licensing::Module] License group:
  Id: 3574232338638-UnityPersXXXX
  Product: Unity Personal
  Type: Assigned
  Expiration: Unlimited
- Loaded All Assemblies, in  1.215 seconds
Refreshing native plugins compatible for Editor in 1.75 ms, found 3 plugins.
Native extension for WindowsStandalone target not found
Package Manager log level set to [2]
[Package Manager] Failed to launch server process. Reason: Unity was launched with the -noUpm command-line argument
[Package Manager] Unable to send message (not connected to server process).
[Package Manager] Cannot connect to Unity Package Manager local server
Mono: successfully reloaded assembly
- Finished resetting the current domain, in  1.018 seconds
Domain Reload Profiling: 2224ms
	BeginReloadAssembly (382ms)
		ExecutionOrderSort (0ms)
		DisableScriptedObjects (22ms)
		BackupInstance (0ms)
		ReleaseScriptingObjects (0ms)
		CreateAndSetChildDomain (91ms)
	RebuildCommonClasses (45ms)
	RebuildNativeTypeToScriptingClass (16ms)
	initialDomainReloadingComplete (53ms)
	LoadAllAssembliesAndSetupDomain (710ms)
		LoadAssemblies (509ms)
		RebuildTransferFunctionScriptingTraits (0ms)
		AnalyzeDomain (351ms)
			TypeCache.Refresh (253ms)
				TypeCache.ScanAssembly (233ms)
			BuildScriptInfoCaches (76ms)
			ResolveRequiredComponents (15ms)
	FinalizeReload (1018ms)
		ReleaseScriptCaches (0ms)
		RebuildScriptCaches (0ms)
		SetupLoadedEditorAssemblies (819ms)
			LogAssemblyErrors (0ms)
			InitializePlatformSupportModulesInManaged (2ms)
			SetLoadedEditorAssemblies (4ms)
			BeforeProcessingInitializeOnLoad (178ms)
			ProcessInitializeOnLoadAttributes (526ms)
			ProcessInitializeOnLoadMethodAttributes (98ms)
			AfterProcessingInitializeOnLoad (11ms)
			EditorAssembliesLoaded (0ms)
		ExecutionOrderSort2 (0ms)
		AwakeInstancesAfterBackupRestoration (8ms)
WARNING: Shader Unsupported: 'Hidden/Universal Render Pipeline/Terrain/Lit (Base Pass)' - All subshaders removed
WARNING: Shader Did you use #pragma only_renderers and omit this platform?
WARNING: Shader If subshaders removal was intentional, you may have forgotten turning Fallback off?
WARNING: Shader Unsupported: 'Hidden/Universal Render Pipeline/Terrain/Lit (Base Pass)' - All subshaders removed
WARNING: Shader Did you use #pragma only_renderers and omit this platform?
WARNING: Shader If subshaders removal was intentional, you may have forgotten turning Fallback off?
WARNING: Shader Unsupported: 'Universal Render Pipeline/Terrain/Lit' - All subshaders removed
WARNING: Shader Did you use #pragma only_renderers and omit this platform?
WARNING: Shader If subshaders removal was intentional, you may have forgotten turning Fallback off?
WARNING: Shader Unsupported: 'Universal Render Pipeline/Terrain/Lit' - All subshaders removed
WARNING: Shader Did you use #pragma only_renderers and omit this platform?
WARNING: Shader If subshaders removal was intentional, you may have forgotten turning Fallback off?
Launched and connected shader compiler UnityShaderCompiler.exe after 0.02 seconds
Refreshing native plugins compatible for Editor in 5.11 ms, found 3 plugins.
Preloading 0 native plugins for Editor in 0.00 ms.
Unloading 33 Unused Serialized files (Serialized files now loaded: 0)
Unloading 6126 unused Assets / (6.5 MB). Loaded Objects now: 6669.
Memory consumption went from 129.2 MB to 122.8 MB.
Total: 24.865800 ms (FindLiveObjects: 1.171700 ms CreateObjectMapping: 0.589700 ms MarkObjects: 12.126400 ms  DeleteObjects: 10.973300 ms)

========================================================================
Received Prepare
Begin MonoManager ReloadAssembly
- Loaded All Assemblies, in  1.410 seconds
Refreshing native plugins compatible for Editor in 1.52 ms, found 3 plugins.
Native extension for WindowsStandalone target not found
[Package Manager] Failed to launch server process. Reason: Unity was launched with the -noUpm command-line argument
[Package Manager] Unable to send message (not connected to server process).
[Package Manager] Cannot connect to Unity Package Manager local server
Mono: successfully reloaded assembly
- Finished resetting the current domain, in  1.154 seconds
Domain Reload Profiling: 2563ms
	BeginReloadAssembly (394ms)
		ExecutionOrderSort (0ms)
		DisableScriptedObjects (11ms)
		BackupInstance (0ms)
		ReleaseScriptingObjects (1ms)
		CreateAndSetChildDomain (93ms)
	RebuildCommonClasses (47ms)
	RebuildNativeTypeToScriptingClass (16ms)
	initialDomainReloadingComplete (38ms)
	LoadAllAssembliesAndSetupDomain (912ms)
		LoadAssemblies (829ms)
		RebuildTransferFunctionScriptingTraits (0ms)
		AnalyzeDomain (277ms)
			TypeCache.Refresh (8ms)
				TypeCache.ScanAssembly (0ms)
			BuildScriptInfoCaches (241ms)
			ResolveRequiredComponents (19ms)
	FinalizeReload (1155ms)
		ReleaseScriptCaches (0ms)
		RebuildScriptCaches (0ms)
		SetupLoadedEditorAssemblies (858ms)
			LogAssemblyErrors (0ms)
			InitializePlatformSupportModulesInManaged (3ms)
			SetLoadedEditorAssemblies (8ms)
			BeforeProcessingInitializeOnLoad (201ms)
			ProcessInitializeOnLoadAttributes (566ms)
			ProcessInitializeOnLoadMethodAttributes (71ms)
			AfterProcessingInitializeOnLoad (8ms)
			EditorAssembliesLoaded (0ms)
		ExecutionOrderSort2 (0ms)
		AwakeInstancesAfterBackupRestoration (9ms)
WARNING: Shader Unsupported: 'Hidden/Universal Render Pipeline/Terrain/Lit (Base Pass)' - All subshaders removed
WARNING: Shader Did you use #pragma only_renderers and omit this platform?
WARNING: Shader If subshaders removal was intentional, you may have forgotten turning Fallback off?
WARNING: Shader Unsupported: 'Hidden/Universal Render Pipeline/Terrain/Lit (Base Pass)' - All subshaders removed
WARNING: Shader Did you use #pragma only_renderers and omit this platform?
WARNING: Shader If subshaders removal was intentional, you may have forgotten turning Fallback off?
WARNING: Shader Unsupported: 'Universal Render Pipeline/Terrain/Lit' - All subshaders removed
WARNING: Shader Did you use #pragma only_renderers and omit this platform?
WARNING: Shader If subshaders removal was intentional, you may have forgotten turning Fallback off?
WARNING: Shader Unsupported: 'Universal Render Pipeline/Terrain/Lit' - All subshaders removed
WARNING: Shader Did you use #pragma only_renderers and omit this platform?
WARNING: Shader If subshaders removal was intentional, you may have forgotten turning Fallback off?
Refreshing native plugins compatible for Editor in 1.50 ms, found 3 plugins.
Preloading 0 native plugins for Editor in 0.00 ms.
Unloading 33 Unused Serialized files (Serialized files now loaded: 0)
Unloading 6124 unused Assets / (6.4 MB). Loaded Objects now: 6672.
Memory consumption went from 133.2 MB to 126.9 MB.
Total: 10.280300 ms (FindLiveObjects: 0.513900 ms CreateObjectMapping: 0.336600 ms MarkObjects: 5.764600 ms  DeleteObjects: 3.663700 ms)

Prepare: number of updated asset objects reloaded= 0
========================================================================
Received Import Request.
  Time since last request: 36271.470482 seconds.
  path: Assets/DefaultVolumeProfile.asset
  artifactKey: Guid(a4ff4d86f55c9474181bb8603b2ac597) Importer(815301076,1909f56bfc062723c751e8b465ee728b)
Start importing Assets/DefaultVolumeProfile.asset using Guid(a4ff4d86f55c9474181bb8603b2ac597) Importer(815301076,1909f56bfc062723c751e8b465ee728b) (PreviewImporter) -> (artifact id: 'f21acaa26a24dee58d967e7062169e71') in 0.0419925 seconds
Number of updated asset objects reloaded before import = 0Number of asset objects unloaded after import = 1

========================================================================
Received Import Request.
  Time since last request: 0.000021 seconds.
  path: Assets/Readme.asset
  artifactKey: Guid(8105016687592461f977c054a80ce2f2) Importer(815301076,1909f56bfc062723c751e8b465ee728b)
Start importing Assets/Readme.asset using Guid(8105016687592461f977c054a80ce2f2) Importer(815301076,1909f56bfc062723c751e8b465ee728b) (PreviewImporter) -> (artifact id: 'da1d7f2ac25edac3598e21ef0849251e') in 0.0016725 seconds
Number of updated asset objects reloaded before import = 0Number of asset objects unloaded after import = 1

========================================================================
Received Import Request.
  Time since last request: 44.412765 seconds.
  path: Assets/UniversalRenderPipelineGlobalSettings.asset
  artifactKey: Guid(394f42ffbeecb8047b9473e14f2c2e49) Importer(2089858483,192608db42251d675da83286b1cce702)
Start importing Assets/UniversalRenderPipelineGlobalSettings.asset using Guid(394f42ffbeecb8047b9473e14f2c2e49) Importer(2089858483,192608db42251d675da83286b1cce702) (ScriptedImporter) -> (artifact id: 'b1a7e0d65b72b48700a674ea8f20daa0') in 0.7377651 seconds
Number of updated asset objects reloaded before import = 0Number of asset objects unloaded after import = 117

========================================================================
Received Prepare
Begin MonoManager ReloadAssembly
[Licensing::Client] Successfully resolved entitlement details
- Loaded All Assemblies, in  1.644 seconds
Refreshing native plugins compatible for Editor in 2.81 ms, found 3 plugins.
Native extension for WindowsStandalone target not found
[Package Manager] Failed to launch server process. Reason: Unity was launched with the -noUpm command-line argument
[Package Manager] Unable to send message (not connected to server process).
[Package Manager] Cannot connect to Unity Package Manager local server
Mono: successfully reloaded assembly
- Finished resetting the current domain, in  1.415 seconds
Domain Reload Profiling: 3060ms
	BeginReloadAssembly (525ms)
		ExecutionOrderSort (0ms)
		DisableScriptedObjects (33ms)
		BackupInstance (0ms)
		ReleaseScriptingObjects (0ms)
		CreateAndSetChildDomain (192ms)
	RebuildCommonClasses (106ms)
	RebuildNativeTypeToScriptingClass (22ms)
	initialDomainReloadingComplete (35ms)
	LoadAllAssembliesAndSetupDomain (955ms)
		LoadAssemblies (815ms)
		RebuildTransferFunctionScriptingTraits (0ms)
		AnalyzeDomain (290ms)
			TypeCache.Refresh (11ms)
				TypeCache.ScanAssembly (0ms)
			BuildScriptInfoCaches (252ms)
			ResolveRequiredComponents (18ms)
	FinalizeReload (1417ms)
		ReleaseScriptCaches (0ms)
		RebuildScriptCaches (0ms)
		SetupLoadedEditorAssemblies (1172ms)
			LogAssemblyErrors (0ms)
			InitializePlatformSupportModulesInManaged (3ms)
			SetLoadedEditorAssemblies (7ms)
			BeforeProcessingInitializeOnLoad (172ms)
			ProcessInitializeOnLoadAttributes (468ms)
			ProcessInitializeOnLoadMethodAttributes (508ms)
			AfterProcessingInitializeOnLoad (14ms)
			EditorAssembliesLoaded (1ms)
		ExecutionOrderSort2 (0ms)
		AwakeInstancesAfterBackupRestoration (15ms)
Refreshing native plugins compatible for Editor in 1.59 ms, found 3 plugins.
Preloading 0 native plugins for Editor in 0.00 ms.
Unloading 13 Unused Serialized files (Serialized files now loaded: 0)
Unloading 6115 unused Assets / (4.3 MB). Loaded Objects now: 6815.
Memory consumption went from 141.6 MB to 137.3 MB.
Total: 12.309800 ms (FindLiveObjects: 0.669200 ms CreateObjectMapping: 0.448600 ms MarkObjects: 7.749600 ms  DeleteObjects: 3.440400 ms)

Prepare: number of updated asset objects reloaded= 0
========================================================================
Received Import Request.
  Time since last request: 111.142092 seconds.
  path: Assets/UniversalRenderPipelineGlobalSettings.asset
  artifactKey: Guid(394f42ffbeecb8047b9473e14f2c2e49) Importer(815301076,1909f56bfc062723c751e8b465ee728b)
Start importing Assets/UniversalRenderPipelineGlobalSettings.asset using Guid(394f42ffbeecb8047b9473e14f2c2e49) Importer(815301076,1909f56bfc062723c751e8b465ee728b) (PreviewImporter) -> (artifact id: '966e98a5f2ac7e73a75ac36e2c8801c0') in 0.0307593 seconds
Number of updated asset objects reloaded before import = 0Number of asset objects unloaded after import = 0

========================================================================
Received Prepare
Begin MonoManager ReloadAssembly
- Loaded All Assemblies, in  1.205 seconds
Refreshing native plugins compatible for Editor in 1.53 ms, found 3 plugins.
Native extension for WindowsStandalone target not found
[Package Manager] Failed to launch server process. Reason: Unity was launched with the -noUpm command-line argument
[Package Manager] Unable to send message (not connected to server process).
[Package Manager] Cannot connect to Unity Package Manager local server
Mono: successfully reloaded assembly
- Finished resetting the current domain, in  0.990 seconds
Domain Reload Profiling: 2195ms
	BeginReloadAssembly (344ms)
		ExecutionOrderSort (0ms)
		DisableScriptedObjects (7ms)
		BackupInstance (0ms)
		ReleaseScriptingObjects (0ms)
		CreateAndSetChildDomain (110ms)
	RebuildCommonClasses (47ms)
	RebuildNativeTypeToScriptingClass (17ms)
	initialDomainReloadingComplete (44ms)
	LoadAllAssembliesAndSetupDomain (751ms)
		LoadAssemblies (570ms)
		RebuildTransferFunctionScriptingTraits (0ms)
		AnalyzeDomain (322ms)
			TypeCache.Refresh (11ms)
				TypeCache.ScanAssembly (0ms)
			BuildScriptInfoCaches (286ms)
			ResolveRequiredComponents (16ms)
	FinalizeReload (993ms)
		ReleaseScriptCaches (0ms)
		RebuildScriptCaches (0ms)
		SetupLoadedEditorAssemblies (775ms)
			LogAssemblyErrors (0ms)
			InitializePlatformSupportModulesInManaged (2ms)
			SetLoadedEditorAssemblies (7ms)
			BeforeProcessingInitializeOnLoad (175ms)
			ProcessInitializeOnLoadAttributes (484ms)
			ProcessInitializeOnLoadMethodAttributes (99ms)
			AfterProcessingInitializeOnLoad (7ms)
			EditorAssembliesLoaded (0ms)
		ExecutionOrderSort2 (0ms)
		AwakeInstancesAfterBackupRestoration (23ms)
Refreshing native plugins compatible for Editor in 7.53 ms, found 3 plugins.
Preloading 0 native plugins for Editor in 0.00 ms.
Unloading 13 Unused Serialized files (Serialized files now loaded: 0)
Unloading 6115 unused Assets / (4.0 MB). Loaded Objects now: 6817.
Memory consumption went from 141.4 MB to 137.3 MB.
Total: 31.910200 ms (FindLiveObjects: 1.765600 ms CreateObjectMapping: 1.854300 ms MarkObjects: 20.652800 ms  DeleteObjects: 7.630300 ms)

Prepare: number of updated asset objects reloaded= 0
========================================================================
Received Import Request.
  Time since last request: 93.867894 seconds.
  path: Assets/Lab2 - Copy/RPGHero/Animator/SwordAndShield.controller
  artifactKey: Guid(081111fd1834f42469e07a9a2ce295c6) Importer(815301076,1909f56bfc062723c751e8b465ee728b)
Start importing Assets/Lab2 - Copy/RPGHero/Animator/SwordAndShield.controller using Guid(081111fd1834f42469e07a9a2ce295c6) Importer(815301076,1909f56bfc062723c751e8b465ee728b) (PreviewImporter) -> (artifact id: 'a0040c9f14c7e8a0d31ba0c6809456f6') in 0.1298689 seconds
Number of updated asset objects reloaded before import = 0Number of asset objects unloaded after import = 16

========================================================================
Received Prepare
Begin MonoManager ReloadAssembly
[Licensing::Client] Successfully resolved entitlement details
- Loaded All Assemblies, in  1.265 seconds
Refreshing native plugins compatible for Editor in 1.19 ms, found 3 plugins.
Native extension for WindowsStandalone target not found
[Package Manager] Failed to launch server process. Reason: Unity was launched with the -noUpm command-line argument
[Package Manager] Unable to send message (not connected to server process).
[Package Manager] Cannot connect to Unity Package Manager local server
Mono: successfully reloaded assembly
- Finished resetting the current domain, in  2.131 seconds
Domain Reload Profiling: 3385ms
	BeginReloadAssembly (353ms)
		ExecutionOrderSort (0ms)
		DisableScriptedObjects (8ms)
		BackupInstance (0ms)
		ReleaseScriptingObjects (0ms)
		CreateAndSetChildDomain (73ms)
	RebuildCommonClasses (55ms)
	RebuildNativeTypeToScriptingClass (22ms)
	initialDomainReloadingComplete (47ms)
	LoadAllAssembliesAndSetupDomain (774ms)
		LoadAssemblies (657ms)
		RebuildTransferFunctionScriptingTraits (0ms)
		AnalyzeDomain (242ms)
			TypeCache.Refresh (9ms)
				TypeCache.ScanAssembly (0ms)
			BuildScriptInfoCaches (211ms)
			ResolveRequiredComponents (14ms)
	FinalizeReload (2134ms)
		ReleaseScriptCaches (0ms)
		RebuildScriptCaches (0ms)
		SetupLoadedEditorAssemblies (1694ms)
			LogAssemblyErrors (0ms)
			InitializePlatformSupportModulesInManaged (3ms)
			SetLoadedEditorAssemblies (11ms)
			BeforeProcessingInitializeOnLoad (197ms)
			ProcessInitializeOnLoadAttributes (1270ms)
			ProcessInitializeOnLoadMethodAttributes (189ms)
			AfterProcessingInitializeOnLoad (22ms)
			EditorAssembliesLoaded (2ms)
		ExecutionOrderSort2 (0ms)
		AwakeInstancesAfterBackupRestoration (107ms)
Refreshing native plugins compatible for Editor in 1.82 ms, found 3 plugins.
Preloading 0 native plugins for Editor in 0.00 ms.
Unloading 13 Unused Serialized files (Serialized files now loaded: 0)
Unloading 6115 unused Assets / (4.1 MB). Loaded Objects now: 6819.
Memory consumption went from 141.4 MB to 137.3 MB.
Total: 11.998400 ms (FindLiveObjects: 0.528300 ms CreateObjectMapping: 0.373700 ms MarkObjects: 8.852800 ms  DeleteObjects: 2.242000 ms)

Prepare: number of updated asset objects reloaded= 0
========================================================================
Received Import Request.
  Time since last request: 42.866088 seconds.
  path: Assets/Lab3/scripts
  artifactKey: Guid(1cc795213c4e8b04298de64f6719978e) Importer(2089858483,192608db42251d675da83286b1cce702)
Start importing Assets/Lab3/scripts using Guid(1cc795213c4e8b04298de64f6719978e) Importer(2089858483,192608db42251d675da83286b1cce702) (ScriptedImporter) -> (artifact id: '24a762319fc471e8c0d650ec4d47bb41') in 0.2543789 seconds
Number of updated asset objects reloaded before import = 0Number of asset objects unloaded after import = 1

========================================================================
Received Import Request.
  Time since last request: 0.000032 seconds.
  path: Assets/FreeDragons/Texture/DragonSoulEaterPBR/Red/Albedo.png
  artifactKey: Guid(adcaccd36e62dd040a4da66d8a509689) Importer(2089858483,192608db42251d675da83286b1cce702)
Start importing Assets/FreeDragons/Texture/DragonSoulEaterPBR/Red/Albedo.png using Guid(adcaccd36e62dd040a4da66d8a509689) Importer(2089858483,192608db42251d675da83286b1cce702) (ScriptedImporter) -> (artifact id: '7f282f8ec2207f422d3c430f4c0efc1b') in 0.2150192 seconds
Number of updated asset objects reloaded before import = 0Number of asset objects unloaded after import = 1

========================================================================
Received Import Request.
  Time since last request: 0.000034 seconds.
  path: Assets/Lab2 - Copy/RPGHero/Scene/PolyArt_Character.unity
  artifactKey: Guid(96643f69e0eb5ba47980dde043dc2ce7) Importer(2089858483,192608db42251d675da83286b1cce702)
Start importing Assets/Lab2 - Copy/RPGHero/Scene/PolyArt_Character.unity using Guid(96643f69e0eb5ba47980dde043dc2ce7) Importer(2089858483,192608db42251d675da83286b1cce702) (ScriptedImporter) -> (artifact id: 'd2263848bb87008c05008232894979df') in 0.0804872 seconds
Number of updated asset objects reloaded before import = 0Number of asset objects unloaded after import = 1

========================================================================
Received Import Request.
  Time since last request: 0.000019 seconds.
  path: Assets/FreeDragons/Scene/DragonSoulEaterHP.unity
  artifactKey: Guid(578681a88165db842be923d1ae82b6d3) Importer(2089858483,192608db42251d675da83286b1cce702)
Start importing Assets/FreeDragons/Scene/DragonSoulEaterHP.unity using Guid(578681a88165db842be923d1ae82b6d3) Importer(2089858483,192608db42251d675da83286b1cce702) (ScriptedImporter) -> (artifact id: '5081d3b48b26fd063db6ec0746713f21') in 0.0341543 seconds
Number of updated asset objects reloaded before import = 0Number of asset objects unloaded after import = 1

========================================================================
Received Import Request.
  Time since last request: 0.000029 seconds.
  path: Assets/Lab2 - Copy/RPGHero/Meshes/PolyartSword.fbx
  artifactKey: Guid(8e748ab8b2b891145b67425cad73aebf) Importer(2089858483,192608db42251d675da83286b1cce702)
Start importing Assets/Lab2 - Copy/RPGHero/Meshes/PolyartSword.fbx using Guid(8e748ab8b2b891145b67425cad73aebf) Importer(2089858483,192608db42251d675da83286b1cce702) (ScriptedImporter) -> (artifact id: 'b65d2d14053e2190f997fe94e981f1df') in 0.1785551 seconds
Number of updated asset objects reloaded before import = 0Number of asset objects unloaded after import = 7

========================================================================
Received Import Request.
  Time since last request: 0.000095 seconds.
  path: Assets/Scenes/CatBorg Studio/3D Dungeon Lowpoly Pack/Prefabs/99_Decorations_SpiderWebb_2.prefab
  artifactKey: Guid(4ae94bf72660157478f13b20c3227f3c) Importer(2089858483,192608db42251d675da83286b1cce702)
Start importing Assets/Scenes/CatBorg Studio/3D Dungeon Lowpoly Pack/Prefabs/99_Decorations_SpiderWebb_2.prefab using Guid(4ae94bf72660157478f13b20c3227f3c) Importer(2089858483,192608db42251d675da83286b1cce702) (ScriptedImporter) -> (artifact id: 'fdcdc48403b2beea9e678e04c882dedc') in 0.1186459 seconds
Number of updated asset objects reloaded before import = 0Number of asset objects unloaded after import = 8

========================================================================
Received Import Request.
  Time since last request: 0.000027 seconds.
  path: Assets/Lab2 - Copy/Scripts/pathController.cs
  artifactKey: Guid(95db9e0879c01cd43a1f01acfb80bba6) Importer(2089858483,192608db42251d675da83286b1cce702)
Start importing Assets/Lab2 - Copy/Scripts/pathController.cs using Guid(95db9e0879c01cd43a1f01acfb80bba6) Importer(2089858483,192608db42251d675da83286b1cce702) (ScriptedImporter) -> (artifact id: '0e2bc3afcf14a6e4c8dbaa28f94f0d5d') in 0.0500195 seconds
Number of updated asset objects reloaded before import = 0Number of asset objects unloaded after import = 0

========================================================================
Received Import Request.
  Time since last request: 0.000116 seconds.
  path: Assets/Scenes/CatBorg Studio/3D Dungeon Lowpoly Pack/Models/99_Enviroment_DoorsFake#1.fbx
  artifactKey: Guid(d3a4c6e98bee77d449dde7ab8b36543f) Importer(2089858483,192608db42251d675da83286b1cce702)
Start importing Assets/Scenes/CatBorg Studio/3D Dungeon Lowpoly Pack/Models/99_Enviroment_DoorsFake#1.fbx using Guid(d3a4c6e98bee77d449dde7ab8b36543f) Importer(2089858483,192608db42251d675da83286b1cce702) (ScriptedImporter) -> (artifact id: '93467de0e28a2417ff1f5d3fc281ace9') in 0.128969 seconds
Number of updated asset objects reloaded before import = 0Number of asset objects unloaded after import = 8

========================================================================
Received Import Request.
  Time since last request: 0.000048 seconds.
  path: Assets/Lab2 - Copy/RPGHero/Textures/HandPaintedTexture.png
  artifactKey: Guid(56cd14cc867c3f247ad4dab4f1e47413) Importer(2089858483,192608db42251d675da83286b1cce702)
Start importing Assets/Lab2 - Copy/RPGHero/Textures/HandPaintedTexture.png using Guid(56cd14cc867c3f247ad4dab4f1e47413) Importer(2089858483,192608db42251d675da83286b1cce702) (ScriptedImporter) -> (artifact id: '282621ef5f205c5ed7076568fb49526c') in 0.1713909 seconds
Number of updated asset objects reloaded before import = 0Number of asset objects unloaded after import = 1

========================================================================
Received Import Request.
  Time since last request: 0.000129 seconds.
  path: Assets/Scenes/CatBorg Studio/3D Dungeon Lowpoly Pack/Materials/M_Imphenzia_LowPollyStyle.mat
  artifactKey: Guid(6209e65906b7d3b45ae8ea4784695500) Importer(2089858483,192608db42251d675da83286b1cce702)
Start importing Assets/Scenes/CatBorg Studio/3D Dungeon Lowpoly Pack/Materials/M_Imphenzia_LowPollyStyle.mat using Guid(6209e65906b7d3b45ae8ea4784695500) Importer(2089858483,192608db42251d675da83286b1cce702) (ScriptedImporter) -> (artifact id: 'df8eb32b7d8fb50ee036aac4a87d41c6') in 0.1614111 seconds
Number of updated asset objects reloaded before import = 0Number of asset objects unloaded after import = 3

========================================================================
Received Import Request.
  Time since last request: 0.000042 seconds.
  path: Assets/Scenes/CatBorg Studio/3D Dungeon Lowpoly Pack/Models/99_Decorations_WallBanner_4.fbx
  artifactKey: Guid(e3909f3752d08d446b0e3034f5e23b7a) Importer(2089858483,192608db42251d675da83286b1cce702)
Start importing Assets/Scenes/CatBorg Studio/3D Dungeon Lowpoly Pack/Models/99_Decorations_WallBanner_4.fbx using Guid(e3909f3752d08d446b0e3034f5e23b7a) Importer(2089858483,192608db42251d675da83286b1cce702) (ScriptedImporter) -> (artifact id: 'aaafee808610463a98d202890c898195') in 0.0807433 seconds
Number of updated asset objects reloaded before import = 0Number of asset objects unloaded after import = 8

========================================================================
Received Import Request.
  Time since last request: 0.000035 seconds.
  path: Assets/Lab2 - Copy/Scripts
  artifactKey: Guid(5e2898f404d687f42b736e2d75c59146) Importer(2089858483,192608db42251d675da83286b1cce702)
Start importing Assets/Lab2 - Copy/Scripts using Guid(5e2898f404d687f42b736e2d75c59146) Importer(2089858483,192608db42251d675da83286b1cce702) (ScriptedImporter) -> (artifact id: '4c0a1201d74de15df3de940a6b25b621') in 0.03211 seconds
Number of updated asset objects reloaded before import = 0Number of asset objects unloaded after import = 1

========================================================================
Received Import Request.
  Time since last request: 0.000041 seconds.
  path: Assets/Lab2 - Copy/BTM_Assets/BTM_Items_Gems/Prefabs/Shield.prefab
  artifactKey: Guid(a1614f0cf649e3a4e894d20bda9008e7) Importer(2089858483,192608db42251d675da83286b1cce702)
Start importing Assets/Lab2 - Copy/BTM_Assets/BTM_Items_Gems/Prefabs/Shield.prefab using Guid(a1614f0cf649e3a4e894d20bda9008e7) Importer(2089858483,192608db42251d675da83286b1cce702) (ScriptedImporter) -> (artifact id: '655bf203f8603964575343a06e2985fa') in 0.104135 seconds
Number of updated asset objects reloaded before import = 0Number of asset objects unloaded after import = 15

========================================================================
Received Import Request.
  Time since last request: 0.000026 seconds.
  path: Assets/FreeDragons/Animations/DragonSoulEater/Run.fbx
  artifactKey: Guid(93048e03d4dc597468fce555d02e9274) Importer(2089858483,192608db42251d675da83286b1cce702)
Start importing Assets/FreeDragons/Animations/DragonSoulEater/Run.fbx using Guid(93048e03d4dc597468fce555d02e9274) Importer(2089858483,192608db42251d675da83286b1cce702) (ScriptedImporter) -> (artifact id: '3c78d1fe2c81b36bc561a21a3825e918') in 0.1204782 seconds
Number of updated asset objects reloaded before import = 0Number of asset objects unloaded after import = 133

========================================================================
Received Import Request.
  Time since last request: 0.000071 seconds.
  path: Assets/Scenes/CatBorg Studio/3D Dungeon Lowpoly Pack/Models/97_Othert_Key_Red_2.fbx
  artifactKey: Guid(38f7a8764eaf9ab4ea4de4838b2326d2) Importer(2089858483,192608db42251d675da83286b1cce702)
Start importing Assets/Scenes/CatBorg Studio/3D Dungeon Lowpoly Pack/Models/97_Othert_Key_Red_2.fbx using Guid(38f7a8764eaf9ab4ea4de4838b2326d2) Importer(2089858483,192608db42251d675da83286b1cce702) (ScriptedImporter) -> (artifact id: '4ca144089793c4b795d790f8262bef18') in 0.0791613 seconds
Number of updated asset objects reloaded before import = 0Number of asset objects unloaded after import = 8

========================================================================
Received Import Request.
  Time since last request: 0.000026 seconds.
  path: Assets/Lab2 - Copy/BTM_Assets/BTM_Items_Gems/Models/Hexagon.fbx
  artifactKey: Guid(31e9d37a08f6c8a43856c4d77449588c) Importer(2089858483,192608db42251d675da83286b1cce702)
Start importing Assets/Lab2 - Copy/BTM_Assets/BTM_Items_Gems/Models/Hexagon.fbx using Guid(31e9d37a08f6c8a43856c4d77449588c) Importer(2089858483,192608db42251d675da83286b1cce702) (ScriptedImporter) -> (artifact id: '7740cca9d61abf53a7092354d574ecf5') in 0.0523027 seconds
Number of updated asset objects reloaded before import = 0Number of asset objects unloaded after import = 9

========================================================================
Received Import Request.
  Time since last request: 0.000041 seconds.
  path: Assets/FreeDragons/Texture/DragonBoarPBR/Emission.png
  artifactKey: Guid(1aff7b4c5d1ad334e9736911d3fa9a8f) Importer(2089858483,192608db42251d675da83286b1cce702)
Start importing Assets/FreeDragons/Texture/DragonBoarPBR/Emission.png using Guid(1aff7b4c5d1ad334e9736911d3fa9a8f) Importer(2089858483,192608db42251d675da83286b1cce702) (ScriptedImporter) -> (artifact id: '1806a553447d072c92af88d0452ed029') in 0.0524727 seconds
Number of updated asset objects reloaded before import = 0Number of asset objects unloaded after import = 1

========================================================================
Received Import Request.
  Time since last request: 0.000065 seconds.
  path: Assets/Scenes/CatBorg Studio/3D Dungeon Lowpoly Pack/Prefabs/96_Traps_Trap_RamTower.prefab
  artifactKey: Guid(eef7a51b8a7ba6a4bad2bd1f471c7590) Importer(2089858483,192608db42251d675da83286b1cce702)
Start importing Assets/Scenes/CatBorg Studio/3D Dungeon Lowpoly Pack/Prefabs/96_Traps_Trap_RamTower.prefab using Guid(eef7a51b8a7ba6a4bad2bd1f471c7590) Importer(2089858483,192608db42251d675da83286b1cce702) (ScriptedImporter) -> (artifact id: 'b7b6ab813fe9ad006147b41ccfb6b49f') in 0.0541087 seconds
Number of updated asset objects reloaded before import = 0Number of asset objects unloaded after import = 8

========================================================================
Received Import Request.
  Time since last request: 0.000024 seconds.
  path: Assets/FreeDragons/Animations/DragonSoulEater/Fly Fireball Shoot.fbx
  artifactKey: Guid(37760f0079ba2124cb0198d37570b625) Importer(2089858483,192608db42251d675da83286b1cce702)
Start importing Assets/FreeDragons/Animations/DragonSoulEater/Fly Fireball Shoot.fbx using Guid(37760f0079ba2124cb0198d37570b625) Importer(2089858483,192608db42251d675da83286b1cce702) (ScriptedImporter) -> (artifact id: '32febd0605354479e5ceaa9c16259172') in 0.0448355 seconds
Number of updated asset objects reloaded before import = 0Number of asset objects unloaded after import = 133

========================================================================
Received Import Request.
  Time since last request: 0.000024 seconds.
  path: Assets/Lab2 - Copy/RPGHero/Animations
  artifactKey: Guid(9590b9e442926884ea949f217a737480) Importer(2089858483,192608db42251d675da83286b1cce702)
Start importing Assets/Lab2 - Copy/RPGHero/Animations using Guid(9590b9e442926884ea949f217a737480) Importer(2089858483,192608db42251d675da83286b1cce702) (ScriptedImporter) -> (artifact id: '8fe1bd6ac91e571bc88c77e5c4bef12e') in 0.027549 seconds
Number of updated asset objects reloaded before import = 0Number of asset objects unloaded after import = 1

========================================================================
Received Import Request.
  Time since last request: 0.000035 seconds.
  path: Assets/Settings - Copy/Mobile_Renderer.asset
  artifactKey: Guid(65bc7dbf4170f435aa868c779acfb082) Importer(2089858483,192608db42251d675da83286b1cce702)
Start importing Assets/Settings - Copy/Mobile_Renderer.asset using Guid(65bc7dbf4170f435aa868c779acfb082) Importer(2089858483,192608db42251d675da83286b1cce702) (ScriptedImporter) -> (artifact id: '6ec3c7b7d7af476c1addf1dc4124ef05') in 0.0579797 seconds
Number of updated asset objects reloaded before import = 0Number of asset objects unloaded after import = 1

========================================================================
Received Import Request.
  Time since last request: 0.000024 seconds.
  path: Assets/Scenes/CatBorg Studio/3D Dungeon Lowpoly Pack/Models/04_Bedroom_01_Beed_4.fbx
  artifactKey: Guid(e8c9e5adf8a0ced4a850a82188865bca) Importer(2089858483,192608db42251d675da83286b1cce702)
Start importing Assets/Scenes/CatBorg Studio/3D Dungeon Lowpoly Pack/Models/04_Bedroom_01_Beed_4.fbx using Guid(e8c9e5adf8a0ced4a850a82188865bca) Importer(2089858483,192608db42251d675da83286b1cce702) (ScriptedImporter) -> (artifact id: '51dbcf5b45a666a67388cab437873440') in 0.0519864 seconds
Number of updated asset objects reloaded before import = 0Number of asset objects unloaded after import = 8

========================================================================
Received Import Request.
  Time since last request: 0.000025 seconds.
  path: Assets/Lab2 - Copy/BTM_Assets/BTM_Items_Gems/Materials/BaseMaterial_Orange.mat
  artifactKey: Guid(7669597e2cd68b246afed9abf2c0d93f) Importer(2089858483,192608db42251d675da83286b1cce702)
Start importing Assets/Lab2 - Copy/BTM_Assets/BTM_Items_Gems/Materials/BaseMaterial_Orange.mat using Guid(7669597e2cd68b246afed9abf2c0d93f) Importer(2089858483,192608db42251d675da83286b1cce702) (ScriptedImporter) -> (artifact id: 'd26808bd7bd8471b97a43694aaffb29f') in 0.0346648 seconds
Number of updated asset objects reloaded before import = 0Number of asset objects unloaded after import = 2

========================================================================
Received Import Request.
  Time since last request: 0.000044 seconds.
  path: Assets/Scenes/CatBorg Studio/3D Dungeon Lowpoly Pack/Models/02_Kitchen_01_CuttingBoard.fbx
  artifactKey: Guid(2aca63611f404414daf3fd813acac052) Importer(2089858483,192608db42251d675da83286b1cce702)
Start importing Assets/Scenes/CatBorg Studio/3D Dungeon Lowpoly Pack/Models/02_Kitchen_01_CuttingBoard.fbx using Guid(2aca63611f404414daf3fd813acac052) Importer(2089858483,192608db42251d675da83286b1cce702) (ScriptedImporter) -> (artifact id: '4546bb816440c6972716641790e1509c') in 0.043716 seconds
Number of updated asset objects reloaded before import = 0Number of asset objects unloaded after import = 8

========================================================================
Received Import Request.
  Time since last request: 0.000020 seconds.
  path: Assets/Lab2 - Copy/BTM_Assets/BTM_Items_Gems/Prefabs/Clock.prefab
  artifactKey: Guid(d2275fc619142e94583cd06b9f01e784) Importer(2089858483,192608db42251d675da83286b1cce702)
Start importing Assets/Lab2 - Copy/BTM_Assets/BTM_Items_Gems/Prefabs/Clock.prefab using Guid(d2275fc619142e94583cd06b9f01e784) Importer(2089858483,192608db42251d675da83286b1cce702) (ScriptedImporter) -> (artifact id: '90b098df6248ac706f9f1eb8c88f6142') in 0.0445113 seconds
Number of updated asset objects reloaded before import = 0Number of asset objects unloaded after import = 15

========================================================================
Received Import Request.
  Time since last request: 0.000063 seconds.
  path: Assets/FreeDragons/Texture/DragonSoulEaterPBR/Red/AO.png
  artifactKey: Guid(8b3e101d8395b6e4dbbf87c03e4fd446) Importer(2089858483,192608db42251d675da83286b1cce702)
Start importing Assets/FreeDragons/Texture/DragonSoulEaterPBR/Red/AO.png using Guid(8b3e101d8395b6e4dbbf87c03e4fd446) Importer(2089858483,192608db42251d675da83286b1cce702) (ScriptedImporter) -> (artifact id: 'fab994e517896976084e707090703931') in 0.054173 seconds
Number of updated asset objects reloaded before import = 0Number of asset objects unloaded after import = 1

========================================================================
Received Import Request.
  Time since last request: 0.000050 seconds.
  path: Assets/Scenes/CatBorg Studio
  artifactKey: Guid(9e0871e2f25f16c479516ec695dba897) Importer(2089858483,192608db42251d675da83286b1cce702)
Start importing Assets/Scenes/CatBorg Studio using Guid(9e0871e2f25f16c479516ec695dba897) Importer(2089858483,192608db42251d675da83286b1cce702) (ScriptedImporter) -> (artifact id: 'bf40b2c281f837b4db15b5bc915431fa') in 0.0455036 seconds
Number of updated asset objects reloaded before import = 0Number of asset objects unloaded after import = 1

========================================================================
Received Import Request.
  Time since last request: 0.000020 seconds.
  path: Assets/Lab2 - Copy/RPGHero/Meshes/Stage.fbx
  artifactKey: Guid(433ba552641724b44889f4b106bec3f5) Importer(2089858483,192608db42251d675da83286b1cce702)
Start importing Assets/Lab2 - Copy/RPGHero/Meshes/Stage.fbx using Guid(433ba552641724b44889f4b106bec3f5) Importer(2089858483,192608db42251d675da83286b1cce702) (ScriptedImporter) -> (artifact id: '80ce2354761d253b201e7acef574c611') in 0.0408285 seconds
Number of updated asset objects reloaded before import = 0Number of asset objects unloaded after import = 7

========================================================================
Received Import Request.
  Time since last request: 0.000033 seconds.
  path: Assets/Lab2 - Copy/BTM_Assets/BTM_Items_Gems/Prefabs/GreenPotion.prefab
  artifactKey: Guid(a610c52de611e244dbe9b6a800cf193b) Importer(2089858483,192608db42251d675da83286b1cce702)
Start importing Assets/Lab2 - Copy/BTM_Assets/BTM_Items_Gems/Prefabs/GreenPotion.prefab using Guid(a610c52de611e244dbe9b6a800cf193b) Importer(2089858483,192608db42251d675da83286b1cce702) (ScriptedImporter) -> (artifact id: '7c8f0e1c8abb0a9af6da84bb530e790c') in 0.0628635 seconds
Number of updated asset objects reloaded before import = 0Number of asset objects unloaded after import = 15

========================================================================
Received Import Request.
  Time since last request: 0.000035 seconds.
  path: Assets/FreeDragons/Animations/DragonSoulEater/Fly Forward.fbx
  artifactKey: Guid(5fa09084d33ac9046a4a22372e78213e) Importer(2089858483,192608db42251d675da83286b1cce702)
Start importing Assets/FreeDragons/Animations/DragonSoulEater/Fly Forward.fbx using Guid(5fa09084d33ac9046a4a22372e78213e) Importer(2089858483,192608db42251d675da83286b1cce702) (ScriptedImporter) -> (artifact id: '7d3fa7e9ae638b5527ccab7f727c412d') in 0.1397385 seconds
Number of updated asset objects reloaded before import = 0Number of asset objects unloaded after import = 133

========================================================================
Received Import Request.
  Time since last request: 0.000024 seconds.
  path: Assets/Settings - Copy/PC_Renderer.asset
  artifactKey: Guid(f288ae1f4751b564a96ac7587541f7a2) Importer(2089858483,192608db42251d675da83286b1cce702)
Start importing Assets/Settings - Copy/PC_Renderer.asset using Guid(f288ae1f4751b564a96ac7587541f7a2) Importer(2089858483,192608db42251d675da83286b1cce702) (ScriptedImporter) -> (artifact id: '6ade0b3ade193f3c504cefe1522d70a8') in 0.0440154 seconds
Number of updated asset objects reloaded before import = 0Number of asset objects unloaded after import = 1

========================================================================
Received Import Request.
  Time since last request: 0.000067 seconds.
  path: Assets/Scenes/CatBorg Studio/3D Dungeon Lowpoly Pack/Prefabs/99_Decorations_WallBanner_2.prefab
  artifactKey: Guid(cb547a51801b3884080047d91a3876fb) Importer(2089858483,192608db42251d675da83286b1cce702)
Start importing Assets/Scenes/CatBorg Studio/3D Dungeon Lowpoly Pack/Prefabs/99_Decorations_WallBanner_2.prefab using Guid(cb547a51801b3884080047d91a3876fb) Importer(2089858483,192608db42251d675da83286b1cce702) (ScriptedImporter) -> (artifact id: 'a42cdd2a04c0aee9675642358aaecf60') in 0.0888509 seconds
Number of updated asset objects reloaded before import = 0Number of asset objects unloaded after import = 8

========================================================================
Received Import Request.
  Time since last request: 0.000051 seconds.
  path: Assets/TutorialInfo - Copy/Scripts/Readme.cs
  artifactKey: Guid(fcf7219bab7fe46a1ad266029b2fee19) Importer(2089858483,192608db42251d675da83286b1cce702)
Start importing Assets/TutorialInfo - Copy/Scripts/Readme.cs using Guid(fcf7219bab7fe46a1ad266029b2fee19) Importer(2089858483,192608db42251d675da83286b1cce702) (ScriptedImporter) -> (artifact id: 'e3f1e66b35fd2bb76370f7965d3f57c3') in 0.0442496 seconds
Number of updated asset objects reloaded before import = 0Number of asset objects unloaded after import = 0

========================================================================
Received Import Request.
  Time since last request: 0.000031 seconds.
  path: Assets/Scenes/CatBorg Studio/3D Dungeon Lowpoly Pack/Models/04_Bedroom_01_Beed_3.fbx
  artifactKey: Guid(a638869df4328a94b8f7ebf1fda3b523) Importer(2089858483,192608db42251d675da83286b1cce702)
Start importing Assets/Scenes/CatBorg Studio/3D Dungeon Lowpoly Pack/Models/04_Bedroom_01_Beed_3.fbx using Guid(a638869df4328a94b8f7ebf1fda3b523) Importer(2089858483,192608db42251d675da83286b1cce702) (ScriptedImporter) -> (artifact id: 'ea79139d1ddd42990388b093e27f4fe9') in 0.0506555 seconds
Number of updated asset objects reloaded before import = 0Number of asset objects unloaded after import = 8

========================================================================
Received Import Request.
  Time since last request: 0.000053 seconds.
  path: Assets/Lab2 - Copy/BTM_Assets/BTM_Items_Gems/Prefabs/RedVial.prefab
  artifactKey: Guid(8db164f48fcdae64180ebf0ce2bb5d92) Importer(2089858483,192608db42251d675da83286b1cce702)
Start importing Assets/Lab2 - Copy/BTM_Assets/BTM_Items_Gems/Prefabs/RedVial.prefab using Guid(8db164f48fcdae64180ebf0ce2bb5d92) Importer(2089858483,192608db42251d675da83286b1cce702) (ScriptedImporter) -> (artifact id: '96572cd9fe56b5fc418862904b40dc00') in 0.0583367 seconds
Number of updated asset objects reloaded before import = 0Number of asset objects unloaded after import = 15

========================================================================
Received Import Request.
  Time since last request: 0.000058 seconds.
  path: Assets/Lab2 - Copy/BTM_Assets/BTM_Items_Gems/Prefabs/Hexagon.prefab
  artifactKey: Guid(feec2bd3b82c34243b4e7b55a9ee64b8) Importer(2089858483,192608db42251d675da83286b1cce702)
Start importing Assets/Lab2 - Copy/BTM_Assets/BTM_Items_Gems/Prefabs/Hexagon.prefab using Guid(feec2bd3b82c34243b4e7b55a9ee64b8) Importer(2089858483,192608db42251d675da83286b1cce702) (ScriptedImporter) -> (artifact id: 'dd66b3c8c0026f0751aedd415fd1e53e') in 0.0774617 seconds
Number of updated asset objects reloaded before import = 0Number of asset objects unloaded after import = 15

========================================================================
Received Import Request.
  Time since last request: 0.000041 seconds.
  path: Assets/FreeDragons/Prefab/DragonSoulEaterHP
  artifactKey: Guid(4b594ff8ed2b16543acd2e0c7772d0f5) Importer(2089858483,192608db42251d675da83286b1cce702)
Start importing Assets/FreeDragons/Prefab/DragonSoulEaterHP using Guid(4b594ff8ed2b16543acd2e0c7772d0f5) Importer(2089858483,192608db42251d675da83286b1cce702) (ScriptedImporter) -> (artifact id: 'f28ff75a366b7844de0d4e74929897ee') in 0.0732108 seconds
Number of updated asset objects reloaded before import = 0Number of asset objects unloaded after import = 1

========================================================================
Received Import Request.
  Time since last request: 0.000030 seconds.
  path: Assets/Lab2 - Copy/BTM_Assets/BTM_Items_Gems/Prefabs/5SideDiamond.prefab
  artifactKey: Guid(f9368726f996fae4a9cedf84c01a2ff0) Importer(2089858483,192608db42251d675da83286b1cce702)
Start importing Assets/Lab2 - Copy/BTM_Assets/BTM_Items_Gems/Prefabs/5SideDiamond.prefab using Guid(f9368726f996fae4a9cedf84c01a2ff0) Importer(2089858483,192608db42251d675da83286b1cce702) (ScriptedImporter) -> (artifact id: '56c5bf3671cbffddefd13f21c7692d06') in 0.0738807 seconds
Number of updated asset objects reloaded before import = 0Number of asset objects unloaded after import = 15

========================================================================
Received Import Request.
  Time since last request: 0.000023 seconds.
  path: Assets/Lab2 - Copy/BTM_Assets/BTM_Items_Gems/Models/SphereGem3.fbx
  artifactKey: Guid(86547782c0ca55f4098b1185db372acc) Importer(2089858483,192608db42251d675da83286b1cce702)
Start importing Assets/Lab2 - Copy/BTM_Assets/BTM_Items_Gems/Models/SphereGem3.fbx using Guid(86547782c0ca55f4098b1185db372acc) Importer(2089858483,192608db42251d675da83286b1cce702) (ScriptedImporter) -> (artifact id: '02119455c383641b07cb71e6641d7ea2') in 0.0883293 seconds
Number of updated asset objects reloaded before import = 0Number of asset objects unloaded after import = 9

========================================================================
Received Import Request.
  Time since last request: 0.000087 seconds.
  path: Assets/Scenes/CatBorg Studio/3D Dungeon Lowpoly Pack/Prefabs/01_DiningHall_01_Bowl#2.prefab
  artifactKey: Guid(537fca49233300e4c9196e5a7fab121b) Importer(2089858483,192608db42251d675da83286b1cce702)
Start importing Assets/Scenes/CatBorg Studio/3D Dungeon Lowpoly Pack/Prefabs/01_DiningHall_01_Bowl#2.prefab using Guid(537fca49233300e4c9196e5a7fab121b) Importer(2089858483,192608db42251d675da83286b1cce702) (ScriptedImporter) -> (artifact id: '3e0c73d9743accdeaccb0509147c611f') in 0.1028618 seconds
Number of updated asset objects reloaded before import = 0Number of asset objects unloaded after import = 8

========================================================================
Received Import Request.
  Time since last request: 0.000029 seconds.
  path: Assets/Lab2 - Copy/BTM_Assets/BTM_Items_Gems/Models/Money.fbx
  artifactKey: Guid(01ee5422ad585ae4388dbfcac584f133) Importer(2089858483,192608db42251d675da83286b1cce702)
Start importing Assets/Lab2 - Copy/BTM_Assets/BTM_Items_Gems/Models/Money.fbx using Guid(01ee5422ad585ae4388dbfcac584f133) Importer(2089858483,192608db42251d675da83286b1cce702) (ScriptedImporter) -> (artifact id: '5682c700393fd45f181aeaed4baec678') in 0.0664534 seconds
Number of updated asset objects reloaded before import = 0Number of asset objects unloaded after import = 9

========================================================================
Received Import Request.
  Time since last request: 0.000094 seconds.
  path: Assets/Scenes/CatBorg Studio/3D Dungeon Lowpoly Pack/Prefabs/99_Enviroment_DoorsFake#2.prefab
  artifactKey: Guid(efb35fe6231a35c4cb63624fe901ed92) Importer(2089858483,192608db42251d675da83286b1cce702)
Start importing Assets/Scenes/CatBorg Studio/3D Dungeon Lowpoly Pack/Prefabs/99_Enviroment_DoorsFake#2.prefab using Guid(efb35fe6231a35c4cb63624fe901ed92) Importer(2089858483,192608db42251d675da83286b1cce702) (ScriptedImporter) -> (artifact id: '79ea64f677f191626a50056a8cacc697') in 0.083285 seconds
Number of updated asset objects reloaded before import = 0Number of asset objects unloaded after import = 8

========================================================================
Received Import Request.
  Time since last request: 0.000020 seconds.
  path: Assets/FreeDragons/Animations/DragonBoar/idle.fbx
  artifactKey: Guid(2bcf21f129797c541a2ce3587bf59eed) Importer(2089858483,192608db42251d675da83286b1cce702)
Start importing Assets/FreeDragons/Animations/DragonBoar/idle.fbx using Guid(2bcf21f129797c541a2ce3587bf59eed) Importer(2089858483,192608db42251d675da83286b1cce702) (ScriptedImporter) -> (artifact id: '879512b35e49c04ed3deb4e66f4fdf3e') in 0.0571992 seconds
Number of updated asset objects reloaded before import = 0Number of asset objects unloaded after import = 93

========================================================================
Received Import Request.
  Time since last request: 0.000026 seconds.
  path: Assets/FreeDragons/Texture/DragonSoulEaterPBR/Blue
  artifactKey: Guid(d6bcb99947c7e1c4aa836fb15679326c) Importer(2089858483,192608db42251d675da83286b1cce702)
Start importing Assets/FreeDragons/Texture/DragonSoulEaterPBR/Blue using Guid(d6bcb99947c7e1c4aa836fb15679326c) Importer(2089858483,192608db42251d675da83286b1cce702) (ScriptedImporter) -> (artifact id: '9ed56e52ad318c123043f21c8c9a194e') in 0.0570195 seconds
Number of updated asset objects reloaded before import = 0Number of asset objects unloaded after import = 1

========================================================================
Received Import Request.
  Time since last request: 0.000033 seconds.
  path: Assets/Lab2 - Copy/BTM_Assets/BTM_Items_Gems/Models/Magnet.fbx
  artifactKey: Guid(e9f10851f5b79d94db00a34dbfa7afa9) Importer(2089858483,192608db42251d675da83286b1cce702)
Start importing Assets/Lab2 - Copy/BTM_Assets/BTM_Items_Gems/Models/Magnet.fbx using Guid(e9f10851f5b79d94db00a34dbfa7afa9) Importer(2089858483,192608db42251d675da83286b1cce702) (ScriptedImporter) -> (artifact id: '572c1080b704e0f5a51492c72c1f99b0') in 0.0724201 seconds
Number of updated asset objects reloaded before import = 0Number of asset objects unloaded after import = 9

========================================================================
Received Import Request.
  Time since last request: 0.000031 seconds.
  path: Assets/Lab2 - Copy/BTM_Assets/BTM_Items_Gems/Models/Bomb.fbx
  artifactKey: Guid(b69ab7dc4a09f094885bf950a65c44c3) Importer(2089858483,192608db42251d675da83286b1cce702)
Start importing Assets/Lab2 - Copy/BTM_Assets/BTM_Items_Gems/Models/Bomb.fbx using Guid(b69ab7dc4a09f094885bf950a65c44c3) Importer(2089858483,192608db42251d675da83286b1cce702) (ScriptedImporter) -> (artifact id: '1382ed654558f19d0ca6655d1e1ae9a7') in 0.0348157 seconds
Number of updated asset objects reloaded before import = 0Number of asset objects unloaded after import = 9

========================================================================
Received Import Request.
  Time since last request: 0.000026 seconds.
  path: Assets/Scenes/CatBorg Studio/3D Dungeon Lowpoly Pack/Models/01_Library_01_Desk#2.fbx
  artifactKey: Guid(d9296ca73520c5942abb74bc4a400a54) Importer(2089858483,192608db42251d675da83286b1cce702)
Start importing Assets/Scenes/CatBorg Studio/3D Dungeon Lowpoly Pack/Models/01_Library_01_Desk#2.fbx using Guid(d9296ca73520c5942abb74bc4a400a54) Importer(2089858483,192608db42251d675da83286b1cce702) (ScriptedImporter) -> (artifact id: 'e2f5c1b3fcca9f86856f9293330d609a') in 0.0968989 seconds
Number of updated asset objects reloaded before import = 0Number of asset objects unloaded after import = 8

========================================================================
Received Import Request.
  Time since last request: 0.000045 seconds.
  path: Assets/Scenes/CatBorg Studio/3D Dungeon Lowpoly Pack/Models/05_Vault_01_Emerald#1.fbx
  artifactKey: Guid(12680eb61d88c79488d03e36db47e0f6) Importer(2089858483,192608db42251d675da83286b1cce702)
Start importing Assets/Scenes/CatBorg Studio/3D Dungeon Lowpoly Pack/Models/05_Vault_01_Emerald#1.fbx using Guid(12680eb61d88c79488d03e36db47e0f6) Importer(2089858483,192608db42251d675da83286b1cce702) (ScriptedImporter) -> (artifact id: '5bda76b7500c8be4311c87808e5f2ef0') in 0.0615079 seconds
Number of updated asset objects reloaded before import = 0Number of asset objects unloaded after import = 8

========================================================================
Received Import Request.
  Time since last request: 0.000039 seconds.
  path: Assets/Scenes/CatBorg Studio/3D Dungeon Lowpoly Pack/Prefabs/99_Decorations_SpiderWebb_1.prefab
  artifactKey: Guid(db7dcbc5ac2ca674ca387f6baaa2fd47) Importer(2089858483,192608db42251d675da83286b1cce702)
Start importing Assets/Scenes/CatBorg Studio/3D Dungeon Lowpoly Pack/Prefabs/99_Decorations_SpiderWebb_1.prefab using Guid(db7dcbc5ac2ca674ca387f6baaa2fd47) Importer(2089858483,192608db42251d675da83286b1cce702) (ScriptedImporter) -> (artifact id: '35dcf8441ae93abb7c1f64a25fca2913') in 0.0965396 seconds
Number of updated asset objects reloaded before import = 0Number of asset objects unloaded after import = 8

========================================================================
Received Import Request.
  Time since last request: 0.000035 seconds.
  path: Assets/Scenes/CatBorg Studio/3D Dungeon Lowpoly Pack/Prefabs/99_Decorations_WallBanner_3.prefab
  artifactKey: Guid(7c1dbcbcfea187d42a727e490753b135) Importer(2089858483,192608db42251d675da83286b1cce702)
Start importing Assets/Scenes/CatBorg Studio/3D Dungeon Lowpoly Pack/Prefabs/99_Decorations_WallBanner_3.prefab using Guid(7c1dbcbcfea187d42a727e490753b135) Importer(2089858483,192608db42251d675da83286b1cce702) (ScriptedImporter) -> (artifact id: 'f2f7b62bb8ce5e93f5cd932ef98a0244') in 0.0591561 seconds
Number of updated asset objects reloaded before import = 0Number of asset objects unloaded after import = 8

========================================================================
Received Import Request.
  Time since last request: 0.000036 seconds.
  path: Assets/Lab2 - Copy/BTM_Assets/BTM_Items_Gems/Prefabs/Money.prefab
  artifactKey: Guid(b9d9101ad1951674e9f71efcc796dadc) Importer(2089858483,192608db42251d675da83286b1cce702)
Start importing Assets/Lab2 - Copy/BTM_Assets/BTM_Items_Gems/Prefabs/Money.prefab using Guid(b9d9101ad1951674e9f71efcc796dadc) Importer(2089858483,192608db42251d675da83286b1cce702) (ScriptedImporter) -> (artifact id: '08a4b7dc60be651d44d8a5e78cb9d40c') in 0.0257546 seconds
Number of updated asset objects reloaded before import = 0Number of asset objects unloaded after import = 15

========================================================================
Received Import Request.
  Time since last request: 0.000021 seconds.
  path: Assets/Lab3/lab3.unity
  artifactKey: Guid(98536f624a4846f44a943094784c5603) Importer(2089858483,192608db42251d675da83286b1cce702)
Start importing Assets/Lab3/lab3.unity using Guid(98536f624a4846f44a943094784c5603) Importer(2089858483,192608db42251d675da83286b1cce702) (ScriptedImporter) -> (artifact id: 'e62d26fd0d35629e01ec429083e060cc') in 0.0713305 seconds
Number of updated asset objects reloaded before import = 0Number of asset objects unloaded after import = 1

========================================================================
Received Import Request.
  Time since last request: 0.000050 seconds.
  path: Assets/Scenes/CatBorg Studio/3D Dungeon Lowpoly Pack/Prefabs/01_Library_01_Chear_High#1.prefab
  artifactKey: Guid(a81f44cd09f9df54fac3fd8623a66806) Importer(2089858483,192608db42251d675da83286b1cce702)
Start importing Assets/Scenes/CatBorg Studio/3D Dungeon Lowpoly Pack/Prefabs/01_Library_01_Chear_High#1.prefab using Guid(a81f44cd09f9df54fac3fd8623a66806) Importer(2089858483,192608db42251d675da83286b1cce702) (ScriptedImporter) -> (artifact id: '43916cc427575fd7fe886fb574d69e26') in 0.0973039 seconds
Number of updated asset objects reloaded before import = 0Number of asset objects unloaded after import = 8

========================================================================
Received Import Request.
  Time since last request: 0.000103 seconds.
  path: Assets/Scenes/CatBorg Studio/3D Dungeon Lowpoly Pack/Prefabs/05_Vault_01_Coin#1.prefab
  artifactKey: Guid(4296b59400a9273488a86c13f4600e9a) Importer(2089858483,192608db42251d675da83286b1cce702)
Start importing Assets/Scenes/CatBorg Studio/3D Dungeon Lowpoly Pack/Prefabs/05_Vault_01_Coin#1.prefab using Guid(4296b59400a9273488a86c13f4600e9a) Importer(2089858483,192608db42251d675da83286b1cce702) (ScriptedImporter) -> (artifact id: 'c636761bb2fd352d2c1140c35cce6dda') in 0.0808529 seconds
Number of updated asset objects reloaded before import = 0Number of asset objects unloaded after import = 8

========================================================================
Received Import Request.
  Time since last request: 0.000050 seconds.
  path: Assets/FreeDragons/Animations/DragonSoulEater/Defend.fbx
  artifactKey: Guid(e0b6d06a8887b3641a0608659230e121) Importer(2089858483,192608db42251d675da83286b1cce702)
Start importing Assets/FreeDragons/Animations/DragonSoulEater/Defend.fbx using Guid(e0b6d06a8887b3641a0608659230e121) Importer(2089858483,192608db42251d675da83286b1cce702) (ScriptedImporter) -> (artifact id: 'd586c141bdb6b30b4535e005fd6b3fed') in 0.13532 seconds
Number of updated asset objects reloaded before import = 0Number of asset objects unloaded after import = 133

========================================================================
Received Import Request.
  Time since last request: 0.000085 seconds.
  path: Assets/Scenes/CatBorg Studio/3D Dungeon Lowpoly Pack/Prefabs/01_DiningHall_01_Cup#2.prefab
  artifactKey: Guid(c64bf04713b5e0549b27844ba6bfc9c9) Importer(2089858483,192608db42251d675da83286b1cce702)
Start importing Assets/Scenes/CatBorg Studio/3D Dungeon Lowpoly Pack/Prefabs/01_DiningHall_01_Cup#2.prefab using Guid(c64bf04713b5e0549b27844ba6bfc9c9) Importer(2089858483,192608db42251d675da83286b1cce702) (ScriptedImporter) -> (artifact id: 'f9e5a50bea67146050e9093b8d05c3cd') in 0.1101335 seconds
Number of updated asset objects reloaded before import = 0Number of asset objects unloaded after import = 8

========================================================================
Received Import Request.
  Time since last request: 0.000028 seconds.
  path: Assets/FreeDragons/Animations/DragonSoulEater/Take Off.fbx
  artifactKey: Guid(24717e004c7ffb84a901d2dfdcc426bf) Importer(2089858483,192608db42251d675da83286b1cce702)
Start importing Assets/FreeDragons/Animations/DragonSoulEater/Take Off.fbx using Guid(24717e004c7ffb84a901d2dfdcc426bf) Importer(2089858483,192608db42251d675da83286b1cce702) (ScriptedImporter) -> (artifact id: '5c7af2519271f748ad2de7002a432c64') in 0.1108251 seconds
Number of updated asset objects reloaded before import = 0Number of asset objects unloaded after import = 133

========================================================================
Received Import Request.
  Time since last request: 0.000085 seconds.
  path: Assets/Lab2 - Copy/BTM_Assets/BTM_Items_Gems/Materials/BaseMaterial_Yellow.mat
  artifactKey: Guid(86b9460a9415e6746990f17338b0983a) Importer(2089858483,192608db42251d675da83286b1cce702)
Start importing Assets/Lab2 - Copy/BTM_Assets/BTM_Items_Gems/Materials/BaseMaterial_Yellow.mat using Guid(86b9460a9415e6746990f17338b0983a) Importer(2089858483,192608db42251d675da83286b1cce702) (ScriptedImporter) -> (artifact id: '684dc6e65164710b8c4ee72b484903ab') in 0.0608751 seconds
Number of updated asset objects reloaded before import = 0Number of asset objects unloaded after import = 2

========================================================================
Received Import Request.
  Time since last request: 0.000029 seconds.
  path: Assets/Scenes/CatBorg Studio/3D Dungeon Lowpoly Pack/Prefabs/01_Library_01_BigBook#2.prefab
  artifactKey: Guid(ea1ae5b942b07ec4f8711a685f84ca24) Importer(2089858483,192608db42251d675da83286b1cce702)
Start importing Assets/Scenes/CatBorg Studio/3D Dungeon Lowpoly Pack/Prefabs/01_Library_01_BigBook#2.prefab using Guid(ea1ae5b942b07ec4f8711a685f84ca24) Importer(2089858483,192608db42251d675da83286b1cce702) (ScriptedImporter) -> (artifact id: '177777dcf028f1aeefb9865aca5172e6') in 0.0834465 seconds
Number of updated asset objects reloaded before import = 0Number of asset objects unloaded after import = 8

========================================================================
Received Import Request.
  Time since last request: 0.000065 seconds.
  path: Assets/Lab2 - Copy/BTM_Assets/BTM_Items_Gems/Prefabs/Spiral.prefab
  artifactKey: Guid(eebd8dd2296babd41a969a47c1590127) Importer(2089858483,192608db42251d675da83286b1cce702)
Start importing Assets/Lab2 - Copy/BTM_Assets/BTM_Items_Gems/Prefabs/Spiral.prefab using Guid(eebd8dd2296babd41a969a47c1590127) Importer(2089858483,192608db42251d675da83286b1cce702) (ScriptedImporter) -> (artifact id: '1c3c730eaf4684af4cf90ae9344f8b5c') in 0.0758588 seconds
Number of updated asset objects reloaded before import = 0Number of asset objects unloaded after import = 15

========================================================================
Received Import Request.
  Time since last request: 0.000040 seconds.
  path: Assets/FreeDragons/Animations/DragonBoar/run.fbx
  artifactKey: Guid(5f9b47d1228458148ac9b6e86d151862) Importer(2089858483,192608db42251d675da83286b1cce702)
Start importing Assets/FreeDragons/Animations/DragonBoar/run.fbx using Guid(5f9b47d1228458148ac9b6e86d151862) Importer(2089858483,192608db42251d675da83286b1cce702) (ScriptedImporter) -> (artifact id: 'a44a988b350c489e98b016543bfa26ff') in 0.0753773 seconds
Number of updated asset objects reloaded before import = 0Number of asset objects unloaded after import = 91

========================================================================
Received Import Request.
  Time since last request: 0.000049 seconds.
  path: Assets/Lab2 - Copy/BTM_Assets/BTM_Items_Gems/Models/FirstAid.fbx
  artifactKey: Guid(28f47d80bc95498439cdafc67733ef34) Importer(2089858483,192608db42251d675da83286b1cce702)
Start importing Assets/Lab2 - Copy/BTM_Assets/BTM_Items_Gems/Models/FirstAid.fbx using Guid(28f47d80bc95498439cdafc67733ef34) Importer(2089858483,192608db42251d675da83286b1cce702) (ScriptedImporter) -> (artifact id: '36bf7785bdf0c82e8d81c975d9d75743') in 0.0757444 seconds
Number of updated asset objects reloaded before import = 0Number of asset objects unloaded after import = 9

========================================================================
Received Import Request.
  Time since last request: 0.000102 seconds.
  path: Assets/Scenes/CatBorg Studio/3D Dungeon Lowpoly Pack/Models/99_Enviroment_Floor_05.fbx
  artifactKey: Guid(6670a1e69c32cf14c805b03a61a90bb0) Importer(2089858483,192608db42251d675da83286b1cce702)
Start importing Assets/Scenes/CatBorg Studio/3D Dungeon Lowpoly Pack/Models/99_Enviroment_Floor_05.fbx using Guid(6670a1e69c32cf14c805b03a61a90bb0) Importer(2089858483,192608db42251d675da83286b1cce702) (ScriptedImporter) -> (artifact id: 'd529d8c79b25fb2cffa2807bd3c1f076') in 0.0622763 seconds
Number of updated asset objects reloaded before import = 0Number of asset objects unloaded after import = 8

========================================================================
Received Import Request.
  Time since last request: 0.000021 seconds.
  path: Assets/Lab2 - Copy/BTM_Assets/BTM_Items_Gems/Materials
  artifactKey: Guid(b4b742198699c31468338b2e225c26bf) Importer(2089858483,192608db42251d675da83286b1cce702)
Start importing Assets/Lab2 - Copy/BTM_Assets/BTM_Items_Gems/Materials using Guid(b4b742198699c31468338b2e225c26bf) Importer(2089858483,192608db42251d675da83286b1cce702) (ScriptedImporter) -> (artifact id: 'c7e8f0c0a88887c703d87c536ff759be') in 0.062129 seconds
Number of updated asset objects reloaded before import = 0Number of asset objects unloaded after import = 1

========================================================================
Received Import Request.
  Time since last request: 0.000071 seconds.
  path: Assets/Scenes/CatBorg Studio/3D Dungeon Lowpoly Pack/Models/97_Othert_PracticeTarget.fbx
  artifactKey: Guid(ad0f2da82015cac4081251fb12c8cd9e) Importer(2089858483,192608db42251d675da83286b1cce702)
Start importing Assets/Scenes/CatBorg Studio/3D Dungeon Lowpoly Pack/Models/97_Othert_PracticeTarget.fbx using Guid(ad0f2da82015cac4081251fb12c8cd9e) Importer(2089858483,192608db42251d675da83286b1cce702) (ScriptedImporter) -> (artifact id: 'd767867a3b5d8785cc4bcb990ed312ca') in 0.1153393 seconds
Number of updated asset objects reloaded before import = 0Number of asset objects unloaded after import = 8

========================================================================
Received Import Request.
  Time since last request: 0.000102 seconds.
  path: Assets/Scenes/CatBorg Studio/3D Dungeon Lowpoly Pack/Scenes/DemoScene_Room1.unity
  artifactKey: Guid(7c0847a7e04359d41a5b6686de5251d9) Importer(2089858483,192608db42251d675da83286b1cce702)
Start importing Assets/Scenes/CatBorg Studio/3D Dungeon Lowpoly Pack/Scenes/DemoScene_Room1.unity using Guid(7c0847a7e04359d41a5b6686de5251d9) Importer(2089858483,192608db42251d675da83286b1cce702) (ScriptedImporter) -> (artifact id: 'e739ddd5ca684382ac4e07ddf15d9307') in 0.0705754 seconds
Number of updated asset objects reloaded before import = 0Number of asset objects unloaded after import = 1

========================================================================
Received Import Request.
  Time since last request: 0.000049 seconds.
  path: Assets/Scenes/CatBorg Studio/3D Dungeon Lowpoly Pack/Models/97_Othert_Key_Yellow.fbx
  artifactKey: Guid(5f73264f4e49f0343aa00c76e62839ca) Importer(2089858483,192608db42251d675da83286b1cce702)
Start importing Assets/Scenes/CatBorg Studio/3D Dungeon Lowpoly Pack/Models/97_Othert_Key_Yellow.fbx using Guid(5f73264f4e49f0343aa00c76e62839ca) Importer(2089858483,192608db42251d675da83286b1cce702) (ScriptedImporter) -> (artifact id: '8841a3ba892dadb29577a6f889e23999') in 0.112522 seconds
Number of updated asset objects reloaded before import = 0Number of asset objects unloaded after import = 8

========================================================================
Received Import Request.
  Time since last request: 0.000065 seconds.
  path: Assets/Scenes/CatBorg Studio/3D Dungeon Lowpoly Pack/Prefabs/99_Enviroment_Doors.prefab
  artifactKey: Guid(a88728279c9ff77439e3768970fce445) Importer(2089858483,192608db42251d675da83286b1cce702)
Start importing Assets/Scenes/CatBorg Studio/3D Dungeon Lowpoly Pack/Prefabs/99_Enviroment_Doors.prefab using Guid(a88728279c9ff77439e3768970fce445) Importer(2089858483,192608db42251d675da83286b1cce702) (ScriptedImporter) -> (artifact id: 'e917a98bbaa63a284fb8088e71b90f33') in 0.1061349 seconds
Number of updated asset objects reloaded before import = 0Number of asset objects unloaded after import = 19

========================================================================
Received Import Request.
  Time since last request: 0.000024 seconds.
  path: Assets/Lab2 - Copy/BTM_Assets/BTM_Items_Gems/Models/Spiral.fbx
  artifactKey: Guid(4da415d70811ed54e812bd16bb0e8247) Importer(2089858483,192608db42251d675da83286b1cce702)
Start importing Assets/Lab2 - Copy/BTM_Assets/BTM_Items_Gems/Models/Spiral.fbx using Guid(4da415d70811ed54e812bd16bb0e8247) Importer(2089858483,192608db42251d675da83286b1cce702) (ScriptedImporter) -> (artifact id: '9ac2e4547458d7dbb8969e50ed9aad01') in 0.084981 seconds
Number of updated asset objects reloaded before import = 0Number of asset objects unloaded after import = 9

========================================================================
Received Import Request.
  Time since last request: 0.000098 seconds.
  path: Assets/Lab2 - Copy/BTM_Assets/BTM_Items_Gems/Materials/BaseMaterial_Red.mat
  artifactKey: Guid(54c8451b55ffecb48864cfb6ba684d60) Importer(2089858483,192608db42251d675da83286b1cce702)
Start importing Assets/Lab2 - Copy/BTM_Assets/BTM_Items_Gems/Materials/BaseMaterial_Red.mat using Guid(54c8451b55ffecb48864cfb6ba684d60) Importer(2089858483,192608db42251d675da83286b1cce702) (ScriptedImporter) -> (artifact id: '8a83099351069a84ce112d78ae1a47f8') in 0.0587515 seconds
Number of updated asset objects reloaded before import = 0Number of asset objects unloaded after import = 2

========================================================================
Received Import Request.
  Time since last request: 0.000057 seconds.
  path: Assets/Scenes/CatBorg Studio/3D Dungeon Lowpoly Pack/Scenes/DemoScene_Room3.unity
  artifactKey: Guid(b2c3b81ec9cc2d24ba16add4044a73f3) Importer(2089858483,192608db42251d675da83286b1cce702)
Start importing Assets/Scenes/CatBorg Studio/3D Dungeon Lowpoly Pack/Scenes/DemoScene_Room3.unity using Guid(b2c3b81ec9cc2d24ba16add4044a73f3) Importer(2089858483,192608db42251d675da83286b1cce702) (ScriptedImporter) -> (artifact id: '0acbcd05e03a02270ed8a573ba3abfe4') in 0.1350015 seconds
Number of updated asset objects reloaded before import = 0Number of asset objects unloaded after import = 1

========================================================================
Received Import Request.
  Time since last request: 0.000025 seconds.
  path: Assets/Lab2 - Copy/BTM_Assets/BTM_Items_Gems/Prefabs/GoldPile.prefab
  artifactKey: Guid(61c7dcd8337158a468821e9b631f2689) Importer(2089858483,192608db42251d675da83286b1cce702)
Start importing Assets/Lab2 - Copy/BTM_Assets/BTM_Items_Gems/Prefabs/GoldPile.prefab using Guid(61c7dcd8337158a468821e9b631f2689) Importer(2089858483,192608db42251d675da83286b1cce702) (ScriptedImporter) -> (artifact id: '37dcc25457c0a9033c6c7e59f8048a78') in 0.1199652 seconds
Number of updated asset objects reloaded before import = 0Number of asset objects unloaded after import = 15

========================================================================
Received Import Request.
  Time since last request: 0.000092 seconds.
  path: Assets/Lab2 - Copy/BTM_Assets/BTM_Items_Gems/Scripts/SimpleGemsAnim.cs
  artifactKey: Guid(845c415f3181b4840ab566c40e714752) Importer(2089858483,192608db42251d675da83286b1cce702)
Start importing Assets/Lab2 - Copy/BTM_Assets/BTM_Items_Gems/Scripts/SimpleGemsAnim.cs using Guid(845c415f3181b4840ab566c40e714752) Importer(2089858483,192608db42251d675da83286b1cce702) (ScriptedImporter) -> (artifact id: 'fa1d44487af53d36e05822ca866ddcf9') in 0.0402375 seconds
Number of updated asset objects reloaded before import = 0Number of asset objects unloaded after import = 0

========================================================================
Received Import Request.
  Time since last request: 0.000061 seconds.
  path: Assets/FreeDragons/Materials/Stage.mat
  artifactKey: Guid(34466cf7960487a4380913c62e795ebd) Importer(2089858483,192608db42251d675da83286b1cce702)
Start importing Assets/FreeDragons/Materials/Stage.mat using Guid(34466cf7960487a4380913c62e795ebd) Importer(2089858483,192608db42251d675da83286b1cce702) (ScriptedImporter) -> (artifact id: 'f77e0da503be6efe2796160622e02c64') in 0.0958143 seconds
Number of updated asset objects reloaded before import = 0Number of asset objects unloaded after import = 2

========================================================================
Received Import Request.
  Time since last request: 0.000050 seconds.
  path: Assets/Scenes/CatBorg Studio/3D Dungeon Lowpoly Pack/Prefabs/99_Enviroment_DoorsFake#1.prefab
  artifactKey: Guid(3f502d62a2f0dba418858bf9e609c6d1) Importer(2089858483,192608db42251d675da83286b1cce702)
Start importing Assets/Scenes/CatBorg Studio/3D Dungeon Lowpoly Pack/Prefabs/99_Enviroment_DoorsFake#1.prefab using Guid(3f502d62a2f0dba418858bf9e609c6d1) Importer(2089858483,192608db42251d675da83286b1cce702) (ScriptedImporter) -> (artifact id: '4e71317a38e786bf8fc6b598c1cd1b5c') in 0.0703602 seconds
Number of updated asset objects reloaded before import = 0Number of asset objects unloaded after import = 8

========================================================================
Received Import Request.
  Time since last request: 0.000070 seconds.
  path: Assets/FreeDragons/Materials/DragonSoulEaterHP/BlueHP.mat
  artifactKey: Guid(223014bfc9b7f824c817068ce2158d99) Importer(2089858483,192608db42251d675da83286b1cce702)
Start importing Assets/FreeDragons/Materials/DragonSoulEaterHP/BlueHP.mat using Guid(223014bfc9b7f824c817068ce2158d99) Importer(2089858483,192608db42251d675da83286b1cce702) (ScriptedImporter) -> (artifact id: '14c461a8f9e6c5a59ed936b0ad369580') in 0.1498902 seconds
Number of updated asset objects reloaded before import = 0Number of asset objects unloaded after import = 2

========================================================================
Received Import Request.
  Time since last request: 0.000451 seconds.
  path: Assets/FreeDragons/Scene/DragonBoarPBRSettings.lighting
  artifactKey: Guid(e6a111be4500bbd4f999e08a755d2e51) Importer(2089858483,192608db42251d675da83286b1cce702)
Start importing Assets/FreeDragons/Scene/DragonBoarPBRSettings.lighting using Guid(e6a111be4500bbd4f999e08a755d2e51) Importer(2089858483,192608db42251d675da83286b1cce702) (ScriptedImporter) -> (artifact id: '679e4772c417164352eb08a3e29b9307') in 0.0880337 seconds
Number of updated asset objects reloaded before import = 0Number of asset objects unloaded after import = 1

========================================================================
Received Import Request.
  Time since last request: 0.000070 seconds.
  path: Assets/Lab2 - Copy/RPGHero/Animations/Die_SwordShield.anim
  artifactKey: Guid(4e411f2f6d5b81e4b9aeb8cae68c84b5) Importer(2089858483,192608db42251d675da83286b1cce702)
Start importing Assets/Lab2 - Copy/RPGHero/Animations/Die_SwordShield.anim using Guid(4e411f2f6d5b81e4b9aeb8cae68c84b5) Importer(2089858483,192608db42251d675da83286b1cce702) (ScriptedImporter) -> (artifact id: 'bc0c626ad9deca5ffc8c5fea97408e84') in 0.126421 seconds
Number of updated asset objects reloaded before import = 0Number of asset objects unloaded after import = 1

========================================================================
Received Import Request.
  Time since last request: 0.000054 seconds.
  path: Assets/Scenes/CatBorg Studio/3D Dungeon Lowpoly Pack/Prefabs/02_Kitchen_01_CookingPot#1_Stander.prefab
  artifactKey: Guid(6f96ed54204e1b04ba9e374d43f51bd6) Importer(2089858483,192608db42251d675da83286b1cce702)
Start importing Assets/Scenes/CatBorg Studio/3D Dungeon Lowpoly Pack/Prefabs/02_Kitchen_01_CookingPot#1_Stander.prefab using Guid(6f96ed54204e1b04ba9e374d43f51bd6) Importer(2089858483,192608db42251d675da83286b1cce702) (ScriptedImporter) -> (artifact id: '7c7c140bea4cf26aa7206d0d0ab2f745') in 0.0813068 seconds
Number of updated asset objects reloaded before import = 0Number of asset objects unloaded after import = 8

========================================================================
Received Import Request.
  Time since last request: 0.000086 seconds.
  path: Assets/Lab2 - Copy/BTM_Assets/BTM_Items_Gems/Models/StarGem1.fbx
  artifactKey: Guid(d9cb743b0a3cd534d914c3021e8c4020) Importer(2089858483,192608db42251d675da83286b1cce702)
Start importing Assets/Lab2 - Copy/BTM_Assets/BTM_Items_Gems/Models/StarGem1.fbx using Guid(d9cb743b0a3cd534d914c3021e8c4020) Importer(2089858483,192608db42251d675da83286b1cce702) (ScriptedImporter) -> (artifact id: '7752a5a9b8c3b29deada3764fbb8f93b') in 0.1741486 seconds
Number of updated asset objects reloaded before import = 0Number of asset objects unloaded after import = 9

========================================================================
Received Import Request.
  Time since last request: 0.000073 seconds.
  path: Assets/Lab2 - Copy/BTM_Assets/BTM_Items_Gems/Models/GreenVial.fbx
  artifactKey: Guid(78c3a76a813d69f4eadc66502083509a) Importer(2089858483,192608db42251d675da83286b1cce702)
Start importing Assets/Lab2 - Copy/BTM_Assets/BTM_Items_Gems/Models/GreenVial.fbx using Guid(78c3a76a813d69f4eadc66502083509a) Importer(2089858483,192608db42251d675da83286b1cce702) (ScriptedImporter) -> (artifact id: '2e89e26eb4026793132887d3ca12939f') in 0.070982 seconds
Number of updated asset objects reloaded before import = 0Number of asset objects unloaded after import = 9

========================================================================
Received Import Request.
  Time since last request: 0.000089 seconds.
  path: Assets/FreeDragons/Animations/DragonBoar/GetHit.fbx
  artifactKey: Guid(b4c53a0d61354f943a98448f95b52c30) Importer(2089858483,192608db42251d675da83286b1cce702)
Start importing Assets/FreeDragons/Animations/DragonBoar/GetHit.fbx using Guid(b4c53a0d61354f943a98448f95b52c30) Importer(2089858483,192608db42251d675da83286b1cce702) (ScriptedImporter) -> (artifact id: '66a442da8245ba978841578b6cd74ac6') in 0.0709888 seconds
Number of updated asset objects reloaded before import = 0Number of asset objects unloaded after import = 93

========================================================================
Received Import Request.
  Time since last request: 0.000037 seconds.
  path: Assets/Scenes/CatBorg Studio/3D Dungeon Lowpoly Pack/Models/99_Enviroment_Wall_02.fbx
  artifactKey: Guid(5ffc2767e722d8b47b8c8b3c55c0d4dd) Importer(2089858483,192608db42251d675da83286b1cce702)
Start importing Assets/Scenes/CatBorg Studio/3D Dungeon Lowpoly Pack/Models/99_Enviroment_Wall_02.fbx using Guid(5ffc2767e722d8b47b8c8b3c55c0d4dd) Importer(2089858483,192608db42251d675da83286b1cce702) (ScriptedImporter) -> (artifact id: 'c5a625251d8f7f70eaca6068dd68df95') in 0.0521822 seconds
Number of updated asset objects reloaded before import = 0Number of asset objects unloaded after import = 14

========================================================================
Received Import Request.
  Time since last request: 0.000051 seconds.
  path: Assets/Lab2 - Copy/BTM_Assets/BTM_Items_Gems/Models/RedPotion.fbx
  artifactKey: Guid(251889413fcfbe841a4d11ea37dfe4fe) Importer(2089858483,192608db42251d675da83286b1cce702)
Start importing Assets/Lab2 - Copy/BTM_Assets/BTM_Items_Gems/Models/RedPotion.fbx using Guid(251889413fcfbe841a4d11ea37dfe4fe) Importer(2089858483,192608db42251d675da83286b1cce702) (ScriptedImporter) -> (artifact id: '47ddff416ad3b9ab9b65bf0258b65e70') in 0.1592757 seconds
Number of updated asset objects reloaded before import = 0Number of asset objects unloaded after import = 9

========================================================================
Received Import Request.
  Time since last request: 0.000064 seconds.
  path: Assets/Scenes/CatBorg Studio/3D Dungeon Lowpoly Pack/Prefabs/97_Othert_Key_Green_2.prefab
  artifactKey: Guid(06e0f718c84ed394a909af3edcfc9693) Importer(2089858483,192608db42251d675da83286b1cce702)
Start importing Assets/Scenes/CatBorg Studio/3D Dungeon Lowpoly Pack/Prefabs/97_Othert_Key_Green_2.prefab using Guid(06e0f718c84ed394a909af3edcfc9693) Importer(2089858483,192608db42251d675da83286b1cce702) (ScriptedImporter) -> (artifact id: '8b9135a3bc113288a46a5ddd77a778c6') in 0.117815 seconds
Number of updated asset objects reloaded before import = 0Number of asset objects unloaded after import = 8

========================================================================
Received Import Request.
  Time since last request: 0.000045 seconds.
  path: Assets/Lab2 - Copy/RPGHero/Animations/GetHit_SwordShield.anim
  artifactKey: Guid(6d32045a77b90ed4d818b2bfcfa1476f) Importer(2089858483,192608db42251d675da83286b1cce702)
Start importing Assets/Lab2 - Copy/RPGHero/Animations/GetHit_SwordShield.anim using Guid(6d32045a77b90ed4d818b2bfcfa1476f) Importer(2089858483,192608db42251d675da83286b1cce702) (ScriptedImporter) -> (artifact id: '9c886e12d9d04ec830d5a8d727907c41') in 0.0413389 seconds
Number of updated asset objects reloaded before import = 0Number of asset objects unloaded after import = 1

========================================================================
Received Import Request.
  Time since last request: 0.000053 seconds.
  path: Assets/Lab2 - Copy/BTM_Assets/BTM_Items_Gems/Prefabs/DoubleDiamond.prefab
  artifactKey: Guid(1e4916ec0aa669648804ed196ece8fe3) Importer(2089858483,192608db42251d675da83286b1cce702)
Start importing Assets/Lab2 - Copy/BTM_Assets/BTM_Items_Gems/Prefabs/DoubleDiamond.prefab using Guid(1e4916ec0aa669648804ed196ece8fe3) Importer(2089858483,192608db42251d675da83286b1cce702) (ScriptedImporter) -> (artifact id: 'a064fce7e53e73dcae2a9e2a24d562c1') in 0.1136092 seconds
Number of updated asset objects reloaded before import = 0Number of asset objects unloaded after import = 15

========================================================================
Received Import Request.
  Time since last request: 0.000029 seconds.
  path: Assets/Lab2 - Copy/RPGHero/Animations/Run_SwordShield.anim
  artifactKey: Guid(064668a4bebb0894fac8c02c2b2ad018) Importer(2089858483,192608db42251d675da83286b1cce702)
Start importing Assets/Lab2 - Copy/RPGHero/Animations/Run_SwordShield.anim using Guid(064668a4bebb0894fac8c02c2b2ad018) Importer(2089858483,192608db42251d675da83286b1cce702) (ScriptedImporter) -> (artifact id: 'fef22ee72ed688a28dbaefb02ddd0096') in 0.0575356 seconds
Number of updated asset objects reloaded before import = 0Number of asset objects unloaded after import = 1

========================================================================
Received Import Request.
  Time since last request: 0.000087 seconds.
  path: Assets/Lab2 - Copy/BTM_Assets/BTM_Items_Gems/Prefabs/Cuboid.prefab
  artifactKey: Guid(48e52d8d352ce0548a5574c7e827370e) Importer(2089858483,192608db42251d675da83286b1cce702)
Start importing Assets/Lab2 - Copy/BTM_Assets/BTM_Items_Gems/Prefabs/Cuboid.prefab using Guid(48e52d8d352ce0548a5574c7e827370e) Importer(2089858483,192608db42251d675da83286b1cce702) (ScriptedImporter) -> (artifact id: '43cd26f1fe6380df3ba5e69e7a51470c') in 0.0921365 seconds
Number of updated asset objects reloaded before import = 0Number of asset objects unloaded after import = 15

========================================================================
Received Import Request.
  Time since last request: 0.000074 seconds.
  path: Assets/Scenes/CatBorg Studio/3D Dungeon Lowpoly Pack/Models/99_Enviroment_DoorsFake#2.fbx
  artifactKey: Guid(35ac973e8dbde6544a813fd187cda90d) Importer(2089858483,192608db42251d675da83286b1cce702)
Start importing Assets/Scenes/CatBorg Studio/3D Dungeon Lowpoly Pack/Models/99_Enviroment_DoorsFake#2.fbx using Guid(35ac973e8dbde6544a813fd187cda90d) Importer(2089858483,192608db42251d675da83286b1cce702) (ScriptedImporter) -> (artifact id: '027ae614da2a108ffaf63a5aa4cda000') in 0.0702865 seconds
Number of updated asset objects reloaded before import = 0Number of asset objects unloaded after import = 8

========================================================================
Received Import Request.
  Time since last request: 0.000082 seconds.
  path: Assets/FreeDragons/Animations/DragonSoulEater/Fly Float.fbx
  artifactKey: Guid(e02bdaca3b0c3284ab993c4eba862036) Importer(2089858483,192608db42251d675da83286b1cce702)
Start importing Assets/FreeDragons/Animations/DragonSoulEater/Fly Float.fbx using Guid(e02bdaca3b0c3284ab993c4eba862036) Importer(2089858483,192608db42251d675da83286b1cce702) (ScriptedImporter) -> (artifact id: 'f4cf92c4b93a7a6a611709f70578f306') in 0.0935198 seconds
Number of updated asset objects reloaded before import = 0Number of asset objects unloaded after import = 133

========================================================================
Received Import Request.
  Time since last request: 0.000064 seconds.
  path: Assets/FreeDragons/Animators/DragonBoarCTRL.controller
  artifactKey: Guid(08f6634017a8e784a8807f193b72bec9) Importer(2089858483,192608db42251d675da83286b1cce702)
Start importing Assets/FreeDragons/Animators/DragonBoarCTRL.controller using Guid(08f6634017a8e784a8807f193b72bec9) Importer(2089858483,192608db42251d675da83286b1cce702) (ScriptedImporter) -> (artifact id: '98060ffceb744c67109368aff9a2ea78') in 0.0930092 seconds
Number of updated asset objects reloaded before import = 0Number of asset objects unloaded after import = 28

========================================================================
Received Import Request.
  Time since last request: 0.000086 seconds.
  path: Assets/Lab2 - Copy/RPGHero/Textures/PolyArtTexture.png
  artifactKey: Guid(6c077c7c0e8b52640992a79f449cbdf9) Importer(2089858483,192608db42251d675da83286b1cce702)
Start importing Assets/Lab2 - Copy/RPGHero/Textures/PolyArtTexture.png using Guid(6c077c7c0e8b52640992a79f449cbdf9) Importer(2089858483,192608db42251d675da83286b1cce702) (ScriptedImporter) -> (artifact id: 'b7de5a6f69f1bd887a66de873d8e03ff') in 0.1166198 seconds
Number of updated asset objects reloaded before import = 0Number of asset objects unloaded after import = 1

========================================================================
Received Import Request.
  Time since last request: 0.000069 seconds.
  path: Assets/Lab2 - Copy/BTM_Assets/BTM_Items_Gems/Prefabs/SpeedChevYellow.prefab
  artifactKey: Guid(84b95e80250efd2408969492c3002afd) Importer(2089858483,192608db42251d675da83286b1cce702)
Start importing Assets/Lab2 - Copy/BTM_Assets/BTM_Items_Gems/Prefabs/SpeedChevYellow.prefab using Guid(84b95e80250efd2408969492c3002afd) Importer(2089858483,192608db42251d675da83286b1cce702) (ScriptedImporter) -> (artifact id: '51a6f6b296785f2d99097765567271f7') in 0.1291747 seconds
Number of updated asset objects reloaded before import = 0Number of asset objects unloaded after import = 15

========================================================================
Received Import Request.
  Time since last request: 0.000050 seconds.
  path: Assets/Scenes/CatBorg Studio/3D Dungeon Lowpoly Pack/Prefabs/03_Blacksmith_01_CooperBar.prefab
  artifactKey: Guid(d9c87df41475ca343b77b12b71160898) Importer(2089858483,192608db42251d675da83286b1cce702)
Start importing Assets/Scenes/CatBorg Studio/3D Dungeon Lowpoly Pack/Prefabs/03_Blacksmith_01_CooperBar.prefab using Guid(d9c87df41475ca343b77b12b71160898) Importer(2089858483,192608db42251d675da83286b1cce702) (ScriptedImporter) -> (artifact id: 'e912b214674a79799bb15cb7492bb99f') in 0.0548069 seconds
Number of updated asset objects reloaded before import = 0Number of asset objects unloaded after import = 8

========================================================================
Received Import Request.
  Time since last request: 0.000083 seconds.
  path: Assets/FreeDragons/Materials/DragonSoulEaterHP/GreyHP.mat
  artifactKey: Guid(37ba4f0025b9316488ee77c4a8ec9066) Importer(2089858483,192608db42251d675da83286b1cce702)
Start importing Assets/FreeDragons/Materials/DragonSoulEaterHP/GreyHP.mat using Guid(37ba4f0025b9316488ee77c4a8ec9066) Importer(2089858483,192608db42251d675da83286b1cce702) (ScriptedImporter) -> (artifact id: '7073e6ea71280d9208b424ac15dfde78') in 0.096873 seconds
Number of updated asset objects reloaded before import = 0Number of asset objects unloaded after import = 2

========================================================================
Received Import Request.
  Time since last request: 0.000053 seconds.
  path: Assets/Scenes/CatBorg Studio/3D Dungeon Lowpoly Pack/Prefabs
  artifactKey: Guid(db1890757dba3cc4488373b83a0dd127) Importer(2089858483,192608db42251d675da83286b1cce702)
Start importing Assets/Scenes/CatBorg Studio/3D Dungeon Lowpoly Pack/Prefabs using Guid(db1890757dba3cc4488373b83a0dd127) Importer(2089858483,192608db42251d675da83286b1cce702) (ScriptedImporter) -> (artifact id: '8c79fbc4fa396e6fa2424726c1b44235') in 0.042513 seconds
Number of updated asset objects reloaded before import = 0Number of asset objects unloaded after import = 1

========================================================================
Received Import Request.
  Time since last request: 0.000106 seconds.
  path: Assets/Scenes/CatBorg Studio/3D Dungeon Lowpoly Pack/Scenes/DemoScene_Room2.unity
  artifactKey: Guid(e36070e4db81ea949b9c51b64d3f3235) Importer(2089858483,192608db42251d675da83286b1cce702)
Start importing Assets/Scenes/CatBorg Studio/3D Dungeon Lowpoly Pack/Scenes/DemoScene_Room2.unity using Guid(e36070e4db81ea949b9c51b64d3f3235) Importer(2089858483,192608db42251d675da83286b1cce702) (ScriptedImporter) -> (artifact id: '6e385563460ce2f33f93b0142bd4dafb') in 0.1274611 seconds
Number of updated asset objects reloaded before import = 0Number of asset objects unloaded after import = 1

========================================================================
Received Import Request.
  Time since last request: 0.000054 seconds.
  path: Assets/Scenes/CatBorg Studio/3D Dungeon Lowpoly Pack/Scenes
  artifactKey: Guid(6686f6635a7ed6d48a09beeb4317d4d5) Importer(2089858483,192608db42251d675da83286b1cce702)
Start importing Assets/Scenes/CatBorg Studio/3D Dungeon Lowpoly Pack/Scenes using Guid(6686f6635a7ed6d48a09beeb4317d4d5) Importer(2089858483,192608db42251d675da83286b1cce702) (ScriptedImporter) -> (artifact id: '7f3b86235279f5682e57bbdd798dfedb') in 0.0721557 seconds
Number of updated asset objects reloaded before import = 0Number of asset objects unloaded after import = 1

========================================================================
Received Import Request.
  Time since last request: 0.000109 seconds.
  path: Assets/Scenes/CatBorg Studio/3D Dungeon Lowpoly Pack/Models/05_Vault_01_Chest_Bottom#1.fbx
  artifactKey: Guid(098765961acad1548861aaa92041abf0) Importer(2089858483,192608db42251d675da83286b1cce702)
Start importing Assets/Scenes/CatBorg Studio/3D Dungeon Lowpoly Pack/Models/05_Vault_01_Chest_Bottom#1.fbx using Guid(098765961acad1548861aaa92041abf0) Importer(2089858483,192608db42251d675da83286b1cce702) (ScriptedImporter) -> (artifact id: 'c2d932741b41ed5816ce18f8242a14de') in 0.0449096 seconds
Number of updated asset objects reloaded before import = 0Number of asset objects unloaded after import = 9

========================================================================
Received Import Request.
  Time since last request: 0.000056 seconds.
  path: Assets/Scenes/CatBorg Studio/3D Dungeon Lowpoly Pack/Models/01_DiningHall_01_Candels#1.fbx
  artifactKey: Guid(cb7b9e29b7b4e7d4da921799a3fac130) Importer(2089858483,192608db42251d675da83286b1cce702)
Start importing Assets/Scenes/CatBorg Studio/3D Dungeon Lowpoly Pack/Models/01_DiningHall_01_Candels#1.fbx using Guid(cb7b9e29b7b4e7d4da921799a3fac130) Importer(2089858483,192608db42251d675da83286b1cce702) (ScriptedImporter) -> (artifact id: 'c556db00e37f52746a05bc4870ceed4f') in 0.1045019 seconds
Number of updated asset objects reloaded before import = 0Number of asset objects unloaded after import = 8

========================================================================
Received Import Request.
  Time since last request: 0.000042 seconds.
  path: Assets/Scenes/CatBorg Studio/3D Dungeon Lowpoly Pack/Models/04_Bedroom_01_Matrace_ForBeed_1.fbx
  artifactKey: Guid(1ef5953b6c063f242b91ff91bfb0bc44) Importer(2089858483,192608db42251d675da83286b1cce702)
Start importing Assets/Scenes/CatBorg Studio/3D Dungeon Lowpoly Pack/Models/04_Bedroom_01_Matrace_ForBeed_1.fbx using Guid(1ef5953b6c063f242b91ff91bfb0bc44) Importer(2089858483,192608db42251d675da83286b1cce702) (ScriptedImporter) -> (artifact id: '10067d01eaaec489438af89d8c0b4253') in 0.0613054 seconds
Number of updated asset objects reloaded before import = 0Number of asset objects unloaded after import = 8

========================================================================
Received Import Request.
  Time since last request: 0.000087 seconds.
  path: Assets/Scenes/CatBorg Studio/3D Dungeon Lowpoly Pack/Models/05_Vault_01_Chest_Top#1.fbx
  artifactKey: Guid(c2b00369f35bf6d4eb4d35c37db505c1) Importer(2089858483,192608db42251d675da83286b1cce702)
Start importing Assets/Scenes/CatBorg Studio/3D Dungeon Lowpoly Pack/Models/05_Vault_01_Chest_Top#1.fbx using Guid(c2b00369f35bf6d4eb4d35c37db505c1) Importer(2089858483,192608db42251d675da83286b1cce702) (ScriptedImporter) -> (artifact id: '57f968c2c667234a5b56cbba7432ad87') in 0.050789 seconds
Number of updated asset objects reloaded before import = 0Number of asset objects unloaded after import = 9

========================================================================
Received Import Request.
  Time since last request: 0.000041 seconds.
  path: Assets/FreeDragons/Texture/DragonBoarPBR/Red
  artifactKey: Guid(1fed7100e75789545b1e73cec9a32752) Importer(2089858483,192608db42251d675da83286b1cce702)
Start importing Assets/FreeDragons/Texture/DragonBoarPBR/Red using Guid(1fed7100e75789545b1e73cec9a32752) Importer(2089858483,192608db42251d675da83286b1cce702) (ScriptedImporter) -> (artifact id: 'dffdf7a4f262f56bf5a4acad485192ce') in 0.0904749 seconds
Number of updated asset objects reloaded before import = 0Number of asset objects unloaded after import = 1

========================================================================
Received Import Request.
  Time since last request: 0.000027 seconds.
  path: Assets/FreeDragons/Mesh/DragonBoarMesh.fbx
  artifactKey: Guid(5c658df0d8d544b4c860c0ad70993a2a) Importer(2089858483,192608db42251d675da83286b1cce702)
Start importing Assets/FreeDragons/Mesh/DragonBoarMesh.fbx using Guid(5c658df0d8d544b4c860c0ad70993a2a) Importer(2089858483,192608db42251d675da83286b1cce702) (ScriptedImporter) -> (artifact id: 'b5c528d52cb732317e5c228922b1824c') in 0.0980954 seconds
Number of updated asset objects reloaded before import = 0Number of asset objects unloaded after import = 92

========================================================================
Received Import Request.
  Time since last request: 0.000090 seconds.
  path: Assets/FreeDragons/Animations
  artifactKey: Guid(16e415a8dc4a2c14191fdd1286652c36) Importer(2089858483,192608db42251d675da83286b1cce702)
Start importing Assets/FreeDragons/Animations using Guid(16e415a8dc4a2c14191fdd1286652c36) Importer(2089858483,192608db42251d675da83286b1cce702) (ScriptedImporter) -> (artifact id: '3fac36daf73265ae2c156f1e5f472439') in 0.0732428 seconds
Number of updated asset objects reloaded before import = 0Number of asset objects unloaded after import = 1

========================================================================
Received Import Request.
  Time since last request: 0.000052 seconds.
  path: Assets/FreeDragons/Prefab/DragonSoulEaterPBR/DragonSoulEaterRedPBR.prefab
  artifactKey: Guid(a0740f648a2224844a894ba6a107d0a9) Importer(2089858483,192608db42251d675da83286b1cce702)
Start importing Assets/FreeDragons/Prefab/DragonSoulEaterPBR/DragonSoulEaterRedPBR.prefab using Guid(a0740f648a2224844a894ba6a107d0a9) Importer(2089858483,192608db42251d675da83286b1cce702) (ScriptedImporter) -> (artifact id: '2a7fb3a29446c845d023ddb6aeb4d95c') in 0.1314902 seconds
Number of updated asset objects reloaded before import = 0Number of asset objects unloaded after import = 140

========================================================================
Received Import Request.
  Time since last request: 0.000202 seconds.
  path: Assets/Lab2 - Copy/BTM_Assets/BTM_Items_Gems/Prefabs/Trophy.prefab
  artifactKey: Guid(3f2245bee0a16594fa5461000f35ddc4) Importer(2089858483,192608db42251d675da83286b1cce702)
Start importing Assets/Lab2 - Copy/BTM_Assets/BTM_Items_Gems/Prefabs/Trophy.prefab using Guid(3f2245bee0a16594fa5461000f35ddc4) Importer(2089858483,192608db42251d675da83286b1cce702) (ScriptedImporter) -> (artifact id: '2f446f8a8456fbb5b6a7e9a786669124') in 0.1408119 seconds
Number of updated asset objects reloaded before import = 0Number of asset objects unloaded after import = 15

========================================================================
Received Import Request.
  Time since last request: 0.000055 seconds.
  path: Assets/FreeDragons/Texture/DragonSoulEaterPBR/Blue/Emission.png
  artifactKey: Guid(1dcbe1db1fea154469c07d4010c28f86) Importer(2089858483,192608db42251d675da83286b1cce702)
Start importing Assets/FreeDragons/Texture/DragonSoulEaterPBR/Blue/Emission.png using Guid(1dcbe1db1fea154469c07d4010c28f86) Importer(2089858483,192608db42251d675da83286b1cce702) (ScriptedImporter) -> (artifact id: 'ff03df4f255c5bd6b42860d59ffaec4c') in 0.1664772 seconds
Number of updated asset objects reloaded before import = 0Number of asset objects unloaded after import = 1

========================================================================
Received Import Request.
  Time since last request: 0.000046 seconds.
  path: Assets/Lab2 - Copy/BTM_Assets/BTM_Items_Gems/Models/BlueVial.fbx
  artifactKey: Guid(d43530ba94306194c8c70bc5f43645c0) Importer(2089858483,192608db42251d675da83286b1cce702)
Start importing Assets/Lab2 - Copy/BTM_Assets/BTM_Items_Gems/Models/BlueVial.fbx using Guid(d43530ba94306194c8c70bc5f43645c0) Importer(2089858483,192608db42251d675da83286b1cce702) (ScriptedImporter) -> (artifact id: 'a78c781d55d5224745497b9a1f3c2051') in 0.0849855 seconds
Number of updated asset objects reloaded before import = 0Number of asset objects unloaded after import = 9

========================================================================
Received Import Request.
  Time since last request: 0.000042 seconds.
  path: Assets/Scenes/CatBorg Studio/3D Dungeon Lowpoly Pack/Prefabs/04_Bedroom_01_Beed_4.prefab
  artifactKey: Guid(3663fe85de2b3634e8ec440c8b8c3dca) Importer(2089858483,192608db42251d675da83286b1cce702)
Start importing Assets/Scenes/CatBorg Studio/3D Dungeon Lowpoly Pack/Prefabs/04_Bedroom_01_Beed_4.prefab using Guid(3663fe85de2b3634e8ec440c8b8c3dca) Importer(2089858483,192608db42251d675da83286b1cce702) (ScriptedImporter) -> (artifact id: '81657140387fc4ba2dc9f9bda09bcec2') in 0.0489238 seconds
Number of updated asset objects reloaded before import = 0Number of asset objects unloaded after import = 8

========================================================================
Received Import Request.
  Time since last request: 0.000053 seconds.
  path: Assets/Scenes/CatBorg Studio/3D Dungeon Lowpoly Pack/Prefabs/01_Library_01_BigBook#1.prefab
  artifactKey: Guid(0e192ae82376e1f40a809e236fd8f192) Importer(2089858483,192608db42251d675da83286b1cce702)
Start importing Assets/Scenes/CatBorg Studio/3D Dungeon Lowpoly Pack/Prefabs/01_Library_01_BigBook#1.prefab using Guid(0e192ae82376e1f40a809e236fd8f192) Importer(2089858483,192608db42251d675da83286b1cce702) (ScriptedImporter) -> (artifact id: 'df71baabab81f65b80c3a70b73078d9a') in 0.0599566 seconds
Number of updated asset objects reloaded before import = 0Number of asset objects unloaded after import = 8

========================================================================
Received Import Request.
  Time since last request: 0.000061 seconds.
  path: Assets/Lab2 - Copy/BTM_Assets/BTM_Items_Gems/Materials/BaseMaterial_Green.mat
  artifactKey: Guid(295821634a833294693d2f4e873f36c7) Importer(2089858483,192608db42251d675da83286b1cce702)
Start importing Assets/Lab2 - Copy/BTM_Assets/BTM_Items_Gems/Materials/BaseMaterial_Green.mat using Guid(295821634a833294693d2f4e873f36c7) Importer(2089858483,192608db42251d675da83286b1cce702) (ScriptedImporter) -> (artifact id: 'c0b749abdad28867838f728a2d09b069') in 0.0430838 seconds
Number of updated asset objects reloaded before import = 0Number of asset objects unloaded after import = 2

========================================================================
Received Import Request.
  Time since last request: 0.000112 seconds.
  path: Assets/FreeDragons/Animations/DragonBoar/Scream.fbx
  artifactKey: Guid(131e870b83920764e869069cf8c977e9) Importer(2089858483,192608db42251d675da83286b1cce702)
Start importing Assets/FreeDragons/Animations/DragonBoar/Scream.fbx using Guid(131e870b83920764e869069cf8c977e9) Importer(2089858483,192608db42251d675da83286b1cce702) (ScriptedImporter) -> (artifact id: 'c18eca1afe39982ca6c28df5e1d94be2') in 0.1852098 seconds
Number of updated asset objects reloaded before import = 0Number of asset objects unloaded after import = 93

========================================================================
Received Import Request.
  Time since last request: 0.000035 seconds.
  path: Assets/FreeDragons/Texture/DragonSoulEaterPBR/purple/Normal.png
  artifactKey: Guid(9f60d4f108b182844b24440a1ca4af5b) Importer(2089858483,192608db42251d675da83286b1cce702)
Start importing Assets/FreeDragons/Texture/DragonSoulEaterPBR/purple/Normal.png using Guid(9f60d4f108b182844b24440a1ca4af5b) Importer(2089858483,192608db42251d675da83286b1cce702) (ScriptedImporter) -> (artifact id: '32e2b5e17d39570cca30214b3eae24bf') in 0.0755432 seconds
Number of updated asset objects reloaded before import = 0Number of asset objects unloaded after import = 1

========================================================================
Received Import Request.
  Time since last request: 0.000046 seconds.
  path: Assets/Scenes/CatBorg Studio/3D Dungeon Lowpoly Pack/Models/99_Enviroment_Floor_03.fbx
  artifactKey: Guid(f5a2aed0ed573f4479111a67565c1d46) Importer(2089858483,192608db42251d675da83286b1cce702)
Start importing Assets/Scenes/CatBorg Studio/3D Dungeon Lowpoly Pack/Models/99_Enviroment_Floor_03.fbx using Guid(f5a2aed0ed573f4479111a67565c1d46) Importer(2089858483,192608db42251d675da83286b1cce702) (ScriptedImporter) -> (artifact id: '5fc87a0948ad2a7f85b1052ff155a20a') in 0.0885474 seconds
Number of updated asset objects reloaded before import = 0Number of asset objects unloaded after import = 8

========================================================================
Received Import Request.
  Time since last request: 0.000041 seconds.
  path: Assets/FreeDragons/Texture/DragonSoulEaterPBR/purple/AO.png
  artifactKey: Guid(cf7cc70ea5ed3c046aec3919aa28e586) Importer(2089858483,192608db42251d675da83286b1cce702)
Start importing Assets/FreeDragons/Texture/DragonSoulEaterPBR/purple/AO.png using Guid(cf7cc70ea5ed3c046aec3919aa28e586) Importer(2089858483,192608db42251d675da83286b1cce702) (ScriptedImporter) -> (artifact id: 'ed5bcc11a525c8fa7914b97e3e7c0da2') in 0.1667771 seconds
Number of updated asset objects reloaded before import = 0Number of asset objects unloaded after import = 1

========================================================================
Received Import Request.
  Time since last request: 0.000047 seconds.
  path: Assets/Scenes/CatBorg Studio/3D Dungeon Lowpoly Pack/Models/04_Bedroom_01_Beed_2.fbx
  artifactKey: Guid(b1317f7181c663f44bfcc2bcf2c5fe85) Importer(2089858483,192608db42251d675da83286b1cce702)
Start importing Assets/Scenes/CatBorg Studio/3D Dungeon Lowpoly Pack/Models/04_Bedroom_01_Beed_2.fbx using Guid(b1317f7181c663f44bfcc2bcf2c5fe85) Importer(2089858483,192608db42251d675da83286b1cce702) (ScriptedImporter) -> (artifact id: '13ae123dd0b0085fac7b63a5990d6f96') in 0.0832932 seconds
Number of updated asset objects reloaded before import = 0Number of asset objects unloaded after import = 8

========================================================================
Received Import Request.
  Time since last request: 0.000057 seconds.
  path: Assets/Scenes/CatBorg Studio/3D Dungeon Lowpoly Pack/Models/01_DiningHall_01_Cup#2.fbx
  artifactKey: Guid(9f4bf87c7fe9f40498710243b709e356) Importer(2089858483,192608db42251d675da83286b1cce702)
Start importing Assets/Scenes/CatBorg Studio/3D Dungeon Lowpoly Pack/Models/01_DiningHall_01_Cup#2.fbx using Guid(9f4bf87c7fe9f40498710243b709e356) Importer(2089858483,192608db42251d675da83286b1cce702) (ScriptedImporter) -> (artifact id: '3685f8433b1cd58a1ad4f210c3636a0f') in 0.0647023 seconds
Number of updated asset objects reloaded before import = 0Number of asset objects unloaded after import = 8

========================================================================
Received Import Request.
  Time since last request: 0.000023 seconds.
  path: Assets/Scenes/CatBorg Studio/3D Dungeon Lowpoly Pack/Models/02_Kitchen_01_SpoonBucket.fbx
  artifactKey: Guid(827a0159f61521b42b5ec613b75e8117) Importer(2089858483,192608db42251d675da83286b1cce702)
Start importing Assets/Scenes/CatBorg Studio/3D Dungeon Lowpoly Pack/Models/02_Kitchen_01_SpoonBucket.fbx using Guid(827a0159f61521b42b5ec613b75e8117) Importer(2089858483,192608db42251d675da83286b1cce702) (ScriptedImporter) -> (artifact id: '7cf450c7574e550ced17618d15ac87ee') in 0.0561545 seconds
Number of updated asset objects reloaded before import = 0Number of asset objects unloaded after import = 8

========================================================================
Received Import Request.
  Time since last request: 0.000053 seconds.
  path: Assets/Lab2 - Copy/RPGHero/Textures
  artifactKey: Guid(96bfcd2d828054f40aea2e9ca3dcc1dc) Importer(2089858483,192608db42251d675da83286b1cce702)
Start importing Assets/Lab2 - Copy/RPGHero/Textures using Guid(96bfcd2d828054f40aea2e9ca3dcc1dc) Importer(2089858483,192608db42251d675da83286b1cce702) (ScriptedImporter) -> (artifact id: '045169925057f94450d9a2d2d29fbd1e') in 0.1247808 seconds
Number of updated asset objects reloaded before import = 0Number of asset objects unloaded after import = 1

========================================================================
Received Import Request.
  Time since last request: 0.000033 seconds.
  path: Assets/Scenes/CatBorg Studio/3D Dungeon Lowpoly Pack/Models/99_Decorations_WallBanner_3.fbx
  artifactKey: Guid(bfba9512654755e42b00fd88f7d72691) Importer(2089858483,192608db42251d675da83286b1cce702)
Start importing Assets/Scenes/CatBorg Studio/3D Dungeon Lowpoly Pack/Models/99_Decorations_WallBanner_3.fbx using Guid(bfba9512654755e42b00fd88f7d72691) Importer(2089858483,192608db42251d675da83286b1cce702) (ScriptedImporter) -> (artifact id: 'e1dd5623674e45592bc81dacef270a17') in 0.106553 seconds
Number of updated asset objects reloaded before import = 0Number of asset objects unloaded after import = 8

========================================================================
Received Import Request.
  Time since last request: 0.000036 seconds.
  path: Assets/FreeDragons/Prefab/DragonBoarPBR/GoldBoarPBR.prefab
  artifactKey: Guid(36dd14b7ef773c54e96eb7d110c8b5ce) Importer(2089858483,192608db42251d675da83286b1cce702)
Start importing Assets/FreeDragons/Prefab/DragonBoarPBR/GoldBoarPBR.prefab using Guid(36dd14b7ef773c54e96eb7d110c8b5ce) Importer(2089858483,192608db42251d675da83286b1cce702) (ScriptedImporter) -> (artifact id: 'd75a4bf2c387cc1fdb8a56f47cca621b') in 0.052884 seconds
Number of updated asset objects reloaded before import = 0Number of asset objects unloaded after import = 120

========================================================================
Received Import Request.
  Time since last request: 0.000022 seconds.
  path: Assets/Scenes/CatBorg Studio/3D Dungeon Lowpoly Pack/Models/97_Othert_Amphora_Whole.fbx
  artifactKey: Guid(05f1982eaf975f44dafab44f8b43ddba) Importer(2089858483,192608db42251d675da83286b1cce702)
Start importing Assets/Scenes/CatBorg Studio/3D Dungeon Lowpoly Pack/Models/97_Othert_Amphora_Whole.fbx using Guid(05f1982eaf975f44dafab44f8b43ddba) Importer(2089858483,192608db42251d675da83286b1cce702) (ScriptedImporter) -> (artifact id: 'd6b730f9c96e96059a84341362abe364') in 0.0711793 seconds
Number of updated asset objects reloaded before import = 0Number of asset objects unloaded after import = 14

========================================================================
Received Import Request.
  Time since last request: 0.000022 seconds.
  path: Assets/Lab2 - Copy/RPGHero/Scene
  artifactKey: Guid(b193117f064810a4fbc636eb527a41b4) Importer(2089858483,192608db42251d675da83286b1cce702)
Start importing Assets/Lab2 - Copy/RPGHero/Scene using Guid(b193117f064810a4fbc636eb527a41b4) Importer(2089858483,192608db42251d675da83286b1cce702) (ScriptedImporter) -> (artifact id: '1a095009adf7941fe8fac695403b5cc2') in 0.0213318 seconds
Number of updated asset objects reloaded before import = 0Number of asset objects unloaded after import = 1

========================================================================
Received Import Request.
  Time since last request: 0.000116 seconds.
  path: Assets/Lab2 - Copy/Scripts/wayPoint.cs
  artifactKey: Guid(b811ae2a0c8893344856ec37a89812b1) Importer(2089858483,192608db42251d675da83286b1cce702)
Start importing Assets/Lab2 - Copy/Scripts/wayPoint.cs using Guid(b811ae2a0c8893344856ec37a89812b1) Importer(2089858483,192608db42251d675da83286b1cce702) (ScriptedImporter) -> (artifact id: 'bad956e7657207cef05d4f634738fe9e') in 0.1075206 seconds
Number of updated asset objects reloaded before import = 0Number of asset objects unloaded after import = 0

========================================================================
Received Import Request.
  Time since last request: 0.000058 seconds.
  path: Assets/Scenes/CatBorg Studio/3D Dungeon Lowpoly Pack/Models/03_Blacksmith_01_GrindingWheel_Frame.fbx
  artifactKey: Guid(4f1f23180efdef6449f1b0b9b1b1083f) Importer(2089858483,192608db42251d675da83286b1cce702)
Start importing Assets/Scenes/CatBorg Studio/3D Dungeon Lowpoly Pack/Models/03_Blacksmith_01_GrindingWheel_Frame.fbx using Guid(4f1f23180efdef6449f1b0b9b1b1083f) Importer(2089858483,192608db42251d675da83286b1cce702) (ScriptedImporter) -> (artifact id: '84f883f19de25bc198e86a75e773ba2f') in 0.0533377 seconds
Number of updated asset objects reloaded before import = 0Number of asset objects unloaded after import = 8

========================================================================
Received Import Request.
  Time since last request: 0.000092 seconds.
  path: Assets/Scenes/CatBorg Studio/3D Dungeon Lowpoly Pack/Models/05_Vault_01_Coin#1.fbx
  artifactKey: Guid(730dc2970670b094abbc0cbe2549e189) Importer(2089858483,192608db42251d675da83286b1cce702)
Start importing Assets/Scenes/CatBorg Studio/3D Dungeon Lowpoly Pack/Models/05_Vault_01_Coin#1.fbx using Guid(730dc2970670b094abbc0cbe2549e189) Importer(2089858483,192608db42251d675da83286b1cce702) (ScriptedImporter) -> (artifact id: '2404e137fcb12fa8c0bc84b4ee3a3952') in 0.1508339 seconds
Number of updated asset objects reloaded before import = 0Number of asset objects unloaded after import = 8

========================================================================
Received Import Request.
  Time since last request: 0.000045 seconds.
  path: Assets/Scenes/CatBorg Studio/3D Dungeon Lowpoly Pack/Prefabs/05_Vault_01_Emerald#1.prefab
  artifactKey: Guid(dd3172e1949ca1b4197adf1c5b340212) Importer(2089858483,192608db42251d675da83286b1cce702)
Start importing Assets/Scenes/CatBorg Studio/3D Dungeon Lowpoly Pack/Prefabs/05_Vault_01_Emerald#1.prefab using Guid(dd3172e1949ca1b4197adf1c5b340212) Importer(2089858483,192608db42251d675da83286b1cce702) (ScriptedImporter) -> (artifact id: '50d0b73bcbf7e4aeb7ee7b2bd5f998ab') in 0.128779 seconds
Number of updated asset objects reloaded before import = 0Number of asset objects unloaded after import = 9

========================================================================
Received Import Request.
  Time since last request: 0.000060 seconds.
  path: Assets/Scenes/CatBorg Studio/3D Dungeon Lowpoly Pack/Models/01_DiningHall_01_Bottle#1.fbx
  artifactKey: Guid(821015a023bdd0c4f8c6e61b6586edb3) Importer(2089858483,192608db42251d675da83286b1cce702)
Start importing Assets/Scenes/CatBorg Studio/3D Dungeon Lowpoly Pack/Models/01_DiningHall_01_Bottle#1.fbx using Guid(821015a023bdd0c4f8c6e61b6586edb3) Importer(2089858483,192608db42251d675da83286b1cce702) (ScriptedImporter) -> (artifact id: '453b21c892a85a8200c5b20e2be3db27') in 0.050979 seconds
Number of updated asset objects reloaded before import = 0Number of asset objects unloaded after import = 8

========================================================================
Received Import Request.
  Time since last request: 0.000023 seconds.
  path: Assets/Lab2 - Copy/RPGHero/Materials/Ground.mat
  artifactKey: Guid(2d8921c2c5deb9449918f9b1473e8b83) Importer(2089858483,192608db42251d675da83286b1cce702)
Start importing Assets/Lab2 - Copy/RPGHero/Materials/Ground.mat using Guid(2d8921c2c5deb9449918f9b1473e8b83) Importer(2089858483,192608db42251d675da83286b1cce702) (ScriptedImporter) -> (artifact id: 'cba4d2c85a2fe5972a2a0d1924feef07') in 0.0651346 seconds
Number of updated asset objects reloaded before import = 0Number of asset objects unloaded after import = 2

========================================================================
Received Import Request.
  Time since last request: 0.000072 seconds.
  path: Assets/Lab2 - Copy/BTM_Assets/BTM_Items_Gems/Prefabs/SkullBones.prefab
  artifactKey: Guid(01fba43840893414a83863004e3a487b) Importer(2089858483,192608db42251d675da83286b1cce702)
Start importing Assets/Lab2 - Copy/BTM_Assets/BTM_Items_Gems/Prefabs/SkullBones.prefab using Guid(01fba43840893414a83863004e3a487b) Importer(2089858483,192608db42251d675da83286b1cce702) (ScriptedImporter) -> (artifact id: '341c2bf71441091889de9752ca346a03') in 0.0528789 seconds
Number of updated asset objects reloaded before import = 0Number of asset objects unloaded after import = 15

========================================================================
Received Import Request.
  Time since last request: 0.000104 seconds.
  path: Assets/FreeDragons/Texture/DragonSoulEaterHP/GreenHP.png
  artifactKey: Guid(017f8d11e173752489627e4b72684e41) Importer(2089858483,192608db42251d675da83286b1cce702)
Start importing Assets/FreeDragons/Texture/DragonSoulEaterHP/GreenHP.png using Guid(017f8d11e173752489627e4b72684e41) Importer(2089858483,192608db42251d675da83286b1cce702) (ScriptedImporter) -> (artifact id: 'c57d25dcbea62f7f4809b6a4e3a6ad57') in 0.1442726 seconds
Number of updated asset objects reloaded before import = 0Number of asset objects unloaded after import = 1

========================================================================
Received Import Request.
  Time since last request: 0.325125 seconds.
  path: Assets/Scenes/CatBorg Studio/3D Dungeon Lowpoly Pack/Prefabs/03_Blacksmith_01_IronBar.prefab
  artifactKey: Guid(793d90f1b3ced354d80bd73df4e73c1e) Importer(2089858483,192608db42251d675da83286b1cce702)
Start importing Assets/Scenes/CatBorg Studio/3D Dungeon Lowpoly Pack/Prefabs/03_Blacksmith_01_IronBar.prefab using Guid(793d90f1b3ced354d80bd73df4e73c1e) Importer(2089858483,192608db42251d675da83286b1cce702) (ScriptedImporter) -> (artifact id: 'ecffd23a2a7888beece05f12cb0f449e') in 0.1639264 seconds
Number of updated asset objects reloaded before import = 1Number of asset objects unloaded after import = 8

========================================================================
Received Import Request.
  Time since last request: 0.000019 seconds.
  path: Assets/Scenes/CatBorg Studio/3D Dungeon Lowpoly Pack/Prefabs/97_Othert_Torch_1.prefab
  artifactKey: Guid(6efb1860217d72445b1b6d7cfb4f8979) Importer(2089858483,192608db42251d675da83286b1cce702)
Start importing Assets/Scenes/CatBorg Studio/3D Dungeon Lowpoly Pack/Prefabs/97_Othert_Torch_1.prefab using Guid(6efb1860217d72445b1b6d7cfb4f8979) Importer(2089858483,192608db42251d675da83286b1cce702) (ScriptedImporter) -> (artifact id: 'c6631e35388c1c618f0bfd14ad96108f') in 0.0691096 seconds
Number of updated asset objects reloaded before import = 0Number of asset objects unloaded after import = 8

========================================================================
Received Import Request.
  Time since last request: 0.000046 seconds.
  path: Assets/FreeDragons/Texture/DragonSoulEaterPBR/Red/Emission.png
  artifactKey: Guid(fea429ad09ce60b499551131d6aebd72) Importer(2089858483,192608db42251d675da83286b1cce702)
Start importing Assets/FreeDragons/Texture/DragonSoulEaterPBR/Red/Emission.png using Guid(fea429ad09ce60b499551131d6aebd72) Importer(2089858483,192608db42251d675da83286b1cce702) (ScriptedImporter) -> (artifact id: '1d2ac8fd6789903e09ad5b66c85af4dd') in 0.1300232 seconds
Number of updated asset objects reloaded before import = 0Number of asset objects unloaded after import = 1

========================================================================
Received Import Request.
  Time since last request: 0.000154 seconds.
  path: Assets/Scenes/CatBorg Studio/3D Dungeon Lowpoly Pack/Models/99_Decorations_SpiderWebb_1.fbx
  artifactKey: Guid(f453fab8f9a1be245a02b9e4e9e20d58) Importer(2089858483,192608db42251d675da83286b1cce702)
Start importing Assets/Scenes/CatBorg Studio/3D Dungeon Lowpoly Pack/Models/99_Decorations_SpiderWebb_1.fbx using Guid(f453fab8f9a1be245a02b9e4e9e20d58) Importer(2089858483,192608db42251d675da83286b1cce702) (ScriptedImporter) -> (artifact id: 'a15117a95a30fff2410551a3db88b56b') in 0.042031 seconds
Number of updated asset objects reloaded before import = 0Number of asset objects unloaded after import = 8

========================================================================
Received Import Request.
  Time since last request: 0.000043 seconds.
  path: Assets/Scenes/CatBorg Studio/3D Dungeon Lowpoly Pack/Prefabs/99_Enviroment_Wall_01.prefab
  artifactKey: Guid(9bbb5245987b43043972821dcbdd765b) Importer(2089858483,192608db42251d675da83286b1cce702)
Start importing Assets/Scenes/CatBorg Studio/3D Dungeon Lowpoly Pack/Prefabs/99_Enviroment_Wall_01.prefab using Guid(9bbb5245987b43043972821dcbdd765b) Importer(2089858483,192608db42251d675da83286b1cce702) (ScriptedImporter) -> (artifact id: '901351a98f4efd97ce8e9e91b60c9e8f') in 0.0927121 seconds
Number of updated asset objects reloaded before import = 0Number of asset objects unloaded after import = 14

========================================================================
Received Import Request.
  Time since last request: 0.000064 seconds.
  path: Assets/Scenes/CatBorg Studio/3D Dungeon Lowpoly Pack/Models/99_Decorations_WallBanner_0.fbx
  artifactKey: Guid(d6070a2a44a6b3147ba22f247370906b) Importer(2089858483,192608db42251d675da83286b1cce702)
Start importing Assets/Scenes/CatBorg Studio/3D Dungeon Lowpoly Pack/Models/99_Decorations_WallBanner_0.fbx using Guid(d6070a2a44a6b3147ba22f247370906b) Importer(2089858483,192608db42251d675da83286b1cce702) (ScriptedImporter) -> (artifact id: '2b378b565f0f80370cf76fb3a8d2e328') in 0.0695418 seconds
Number of updated asset objects reloaded before import = 0Number of asset objects unloaded after import = 8

========================================================================
Received Import Request.
  Time since last request: 0.000032 seconds.
  path: Assets/FreeDragons/Texture/DragonSoulEaterHP/RedHP.png
  artifactKey: Guid(461e87db4defbab4799dbce04acadf0a) Importer(2089858483,192608db42251d675da83286b1cce702)
Start importing Assets/FreeDragons/Texture/DragonSoulEaterHP/RedHP.png using Guid(461e87db4defbab4799dbce04acadf0a) Importer(2089858483,192608db42251d675da83286b1cce702) (ScriptedImporter) -> (artifact id: 'e876af74e067411ac0adf53e6886d0aa') in 0.1269321 seconds
Number of updated asset objects reloaded before import = 0Number of asset objects unloaded after import = 1

========================================================================
Received Import Request.
  Time since last request: 0.000052 seconds.
  path: Assets/Scenes/CatBorg Studio/3D Dungeon Lowpoly Pack/Models/97_Othert_Amphora_Destroyable.fbx
  artifactKey: Guid(52cb12b8923562c4396a116aa66d336a) Importer(2089858483,192608db42251d675da83286b1cce702)
Start importing Assets/Scenes/CatBorg Studio/3D Dungeon Lowpoly Pack/Models/97_Othert_Amphora_Destroyable.fbx using Guid(52cb12b8923562c4396a116aa66d336a) Importer(2089858483,192608db42251d675da83286b1cce702) (ScriptedImporter) -> (artifact id: '0b0f18667255e5bfdd630568c2c6cd7c') in 0.1694666 seconds
Number of updated asset objects reloaded before import = 0Number of asset objects unloaded after import = 44

========================================================================
Received Import Request.
  Time since last request: 0.000060 seconds.
  path: Assets/Lab2 - Copy/RPGHero/Meshes/NewFreeRPGHeroPolyart.fbx
  artifactKey: Guid(e4aa31f274820b94eb0d0b764e0f383b) Importer(2089858483,192608db42251d675da83286b1cce702)
Start importing Assets/Lab2 - Copy/RPGHero/Meshes/NewFreeRPGHeroPolyart.fbx using Guid(e4aa31f274820b94eb0d0b764e0f383b) Importer(2089858483,192608db42251d675da83286b1cce702) (ScriptedImporter) -> (artifact id: '4daa09f714de5ad6d1e354af600377dd') in 0.1525584 seconds
Number of updated asset objects reloaded before import = 0Number of asset objects unloaded after import = 136

========================================================================
Received Import Request.
  Time since last request: 0.000047 seconds.
  path: Assets/Lab2 - Copy/RPGHero/Animations/DieRecover_SwordShield.anim
  artifactKey: Guid(d409229dd0174e84da6bbb93c968e888) Importer(2089858483,192608db42251d675da83286b1cce702)
Start importing Assets/Lab2 - Copy/RPGHero/Animations/DieRecover_SwordShield.anim using Guid(d409229dd0174e84da6bbb93c968e888) Importer(2089858483,192608db42251d675da83286b1cce702) (ScriptedImporter) -> (artifact id: '80d35728401490f698a3a41b1cd8aa64') in 0.0734844 seconds
Number of updated asset objects reloaded before import = 0Number of asset objects unloaded after import = 1

========================================================================
Received Import Request.
  Time since last request: 0.000036 seconds.
  path: Assets/FreeDragons/Materials/DragonBoarPBR/RedPBR.mat
  artifactKey: Guid(73c9ddefc022e2c4d8dc53890b1738b0) Importer(2089858483,192608db42251d675da83286b1cce702)
Start importing Assets/FreeDragons/Materials/DragonBoarPBR/RedPBR.mat using Guid(73c9ddefc022e2c4d8dc53890b1738b0) Importer(2089858483,192608db42251d675da83286b1cce702) (ScriptedImporter) -> (artifact id: '7ca0c1587c7f83d89378af8f69ef57fd') in 0.2273053 seconds
Number of updated asset objects reloaded before import = 0Number of asset objects unloaded after import = 6

========================================================================
Received Import Request.
  Time since last request: 0.324887 seconds.
  path: Assets/Lab2 - Copy/BTM_Assets/BTM_Items_Gems/Models/Star.fbx
  artifactKey: Guid(884dae88488f6644cad764894920f5ba) Importer(2089858483,192608db42251d675da83286b1cce702)
Start importing Assets/Lab2 - Copy/BTM_Assets/BTM_Items_Gems/Models/Star.fbx using Guid(884dae88488f6644cad764894920f5ba) Importer(2089858483,192608db42251d675da83286b1cce702) (ScriptedImporter) -> (artifact id: '88dac71dc2e93b4750dfc4ad459673bd') in 0.141178 seconds
Number of updated asset objects reloaded before import = 0Number of asset objects unloaded after import = 9

========================================================================
Received Import Request.
  Time since last request: 0.000057 seconds.
  path: Assets/Scenes/CatBorg Studio/3D Dungeon Lowpoly Pack/Prefabs/01_Library_01_BookShelve_2.prefab
  artifactKey: Guid(29b8208c0e96a224ba307748030ef061) Importer(2089858483,192608db42251d675da83286b1cce702)
Start importing Assets/Scenes/CatBorg Studio/3D Dungeon Lowpoly Pack/Prefabs/01_Library_01_BookShelve_2.prefab using Guid(29b8208c0e96a224ba307748030ef061) Importer(2089858483,192608db42251d675da83286b1cce702) (ScriptedImporter) -> (artifact id: '5bca6f573368c4170122e7a7decbaf00') in 0.1247664 seconds
Number of updated asset objects reloaded before import = 0Number of asset objects unloaded after import = 8

========================================================================
Received Import Request.
  Time since last request: 0.000029 seconds.
  path: Assets/Scenes/CatBorg Studio/3D Dungeon Lowpoly Pack/Models/05_Vault_01_Rubin#1.fbx
  artifactKey: Guid(25c811799ef8eb94fb6299fcd3154bb6) Importer(2089858483,192608db42251d675da83286b1cce702)
Start importing Assets/Scenes/CatBorg Studio/3D Dungeon Lowpoly Pack/Models/05_Vault_01_Rubin#1.fbx using Guid(25c811799ef8eb94fb6299fcd3154bb6) Importer(2089858483,192608db42251d675da83286b1cce702) (ScriptedImporter) -> (artifact id: '49cd7ca1b7ee9af4d7a0c7a73363b4c9') in 0.056701 seconds
Number of updated asset objects reloaded before import = 0Number of asset objects unloaded after import = 8

========================================================================
Received Import Request.
  Time since last request: 0.000052 seconds.
  path: Assets/FreeDragons/Materials/DragonSoulEaterPBR/RedPBR.mat
  artifactKey: Guid(483bc84e9c06fb74a978565bf66ff42d) Importer(2089858483,192608db42251d675da83286b1cce702)
Start importing Assets/FreeDragons/Materials/DragonSoulEaterPBR/RedPBR.mat using Guid(483bc84e9c06fb74a978565bf66ff42d) Importer(2089858483,192608db42251d675da83286b1cce702) (ScriptedImporter) -> (artifact id: '9db929e8d2722113815879ce931c2c88') in 0.196126 seconds
Number of updated asset objects reloaded before import = 0Number of asset objects unloaded after import = 6

========================================================================
Received Import Request.
  Time since last request: 0.000044 seconds.
  path: Assets/Lab2 - Copy/RPGHero/Textures/PBR_NM.png
  artifactKey: Guid(d7c79101febab9d40a01bdc71adc4492) Importer(2089858483,192608db42251d675da83286b1cce702)
Start importing Assets/Lab2 - Copy/RPGHero/Textures/PBR_NM.png using Guid(d7c79101febab9d40a01bdc71adc4492) Importer(2089858483,192608db42251d675da83286b1cce702) (ScriptedImporter) -> (artifact id: 'e328722a8f1b10a21978b962e6d4ce35') in 0.0482985 seconds
Number of updated asset objects reloaded before import = 0Number of asset objects unloaded after import = 1

========================================================================
Received Import Request.
  Time since last request: 0.000068 seconds.
  path: Assets/Scenes/CatBorg Studio/3D Dungeon Lowpoly Pack/Models/01_Library_01_BookSmall_Blue.fbx
  artifactKey: Guid(e9a3ca9aa7a65b6478a6e2b4e24357fc) Importer(2089858483,192608db42251d675da83286b1cce702)
Start importing Assets/Scenes/CatBorg Studio/3D Dungeon Lowpoly Pack/Models/01_Library_01_BookSmall_Blue.fbx using Guid(e9a3ca9aa7a65b6478a6e2b4e24357fc) Importer(2089858483,192608db42251d675da83286b1cce702) (ScriptedImporter) -> (artifact id: '2cdfe4903a8315add748d79a8fd9cd73') in 0.0790734 seconds
Number of updated asset objects reloaded before import = 0Number of asset objects unloaded after import = 8

========================================================================
Received Import Request.
  Time since last request: 1.273891 seconds.
  path: Assets/Scenes/CatBorg Studio/3D Dungeon Lowpoly Pack/Prefabs/99_Enviroment_Floor_03.prefab
  artifactKey: Guid(0b9060156802c1c45925fc0536b9bd44) Importer(2089858483,192608db42251d675da83286b1cce702)
Start importing Assets/Scenes/CatBorg Studio/3D Dungeon Lowpoly Pack/Prefabs/99_Enviroment_Floor_03.prefab using Guid(0b9060156802c1c45925fc0536b9bd44) Importer(2089858483,192608db42251d675da83286b1cce702) (ScriptedImporter) -> (artifact id: '3fe9eb08ac01cd36b2d9b72e430fa3a2') in 0.1297374 seconds
Number of updated asset objects reloaded before import = 0Number of asset objects unloaded after import = 8

========================================================================
Received Import Request.
  Time since last request: 0.000024 seconds.
  path: Assets/Scenes/CatBorg Studio/3D Dungeon Lowpoly Pack/Materials/Material_Emmision_Red.mat
  artifactKey: Guid(cdb37826a04b3ed43b5807afee542f08) Importer(2089858483,192608db42251d675da83286b1cce702)
Start importing Assets/Scenes/CatBorg Studio/3D Dungeon Lowpoly Pack/Materials/Material_Emmision_Red.mat using Guid(cdb37826a04b3ed43b5807afee542f08) Importer(2089858483,192608db42251d675da83286b1cce702) (ScriptedImporter) -> (artifact id: 'bd7c8fa1995afa55c1a01c6afa48e177') in 0.1040366 seconds
Number of updated asset objects reloaded before import = 0Number of asset objects unloaded after import = 1

========================================================================
Received Import Request.
  Time since last request: 0.179635 seconds.
  path: Assets/FreeDragons/Prefab/DragonSoulEaterHP/DragonSoulEaterBlueHP.prefab
  artifactKey: Guid(46f5c004c20094c49889487b4f6d72c6) Importer(2089858483,192608db42251d675da83286b1cce702)
Start importing Assets/FreeDragons/Prefab/DragonSoulEaterHP/DragonSoulEaterBlueHP.prefab using Guid(46f5c004c20094c49889487b4f6d72c6) Importer(2089858483,192608db42251d675da83286b1cce702) (ScriptedImporter) -> (artifact id: '4beefafbd5fe16386566b3b91bc16950') in 0.0937171 seconds
Number of updated asset objects reloaded before import = 0Number of asset objects unloaded after import = 140

========================================================================
Received Import Request.
  Time since last request: 0.699348 seconds.
  path: Assets/Lab2 - Copy/RPGHero/Materials/PolyArt.mat
  artifactKey: Guid(a507d7782a15a784287355f31af5c972) Importer(2089858483,192608db42251d675da83286b1cce702)
Start importing Assets/Lab2 - Copy/RPGHero/Materials/PolyArt.mat using Guid(a507d7782a15a784287355f31af5c972) Importer(2089858483,192608db42251d675da83286b1cce702) (ScriptedImporter) -> (artifact id: '84127b0ff73416dd99060f2f7f008a0a') in 0.1507161 seconds
Number of updated asset objects reloaded before import = 0Number of asset objects unloaded after import = 2

========================================================================
Received Import Request.
  Time since last request: 0.000039 seconds.
  path: Assets/Lab2 - Copy/RPGHero/SRP/FreeRPGHeroesHD.zip
  artifactKey: Guid(b9840486e533dfc4a976192239e48783) Importer(2089858483,192608db42251d675da83286b1cce702)
Start importing Assets/Lab2 - Copy/RPGHero/SRP/FreeRPGHeroesHD.zip using Guid(b9840486e533dfc4a976192239e48783) Importer(2089858483,192608db42251d675da83286b1cce702) (ScriptedImporter) -> (artifact id: '8880f95822cfc760cb275857ce0ebc19') in 0.0249475 seconds
Number of updated asset objects reloaded before import = 0Number of asset objects unloaded after import = 1

========================================================================
Received Import Request.
  Time since last request: 0.105839 seconds.
  path: Assets/Scenes/CatBorg Studio/3D Dungeon Lowpoly Pack/Models/03_Blacksmith_01_Blower.fbx
  artifactKey: Guid(10054154c56d50d4d94c140c976354e6) Importer(2089858483,192608db42251d675da83286b1cce702)
Start importing Assets/Scenes/CatBorg Studio/3D Dungeon Lowpoly Pack/Models/03_Blacksmith_01_Blower.fbx using Guid(10054154c56d50d4d94c140c976354e6) Importer(2089858483,192608db42251d675da83286b1cce702) (ScriptedImporter) -> (artifact id: '159da80ca0b10b23d907a87907d93ec4') in 0.075997 seconds
Number of updated asset objects reloaded before import = 0Number of asset objects unloaded after import = 8

========================================================================
Received Import Request.
  Time since last request: 0.736528 seconds.
  path: Assets/Scenes/CatBorg Studio/3D Dungeon Lowpoly Pack/Prefabs/01_DiningHall_01_WoodenChear#2.prefab
  artifactKey: Guid(ebc4a50eb5c187947817efb7f3d72924) Importer(2089858483,192608db42251d675da83286b1cce702)
Start importing Assets/Scenes/CatBorg Studio/3D Dungeon Lowpoly Pack/Prefabs/01_DiningHall_01_WoodenChear#2.prefab using Guid(ebc4a50eb5c187947817efb7f3d72924) Importer(2089858483,192608db42251d675da83286b1cce702) (ScriptedImporter) -> (artifact id: '42d1ace9e07d2d7ec984479ea941a2cd') in 0.1501555 seconds
Number of updated asset objects reloaded before import = 0Number of asset objects unloaded after import = 8

========================================================================
Received Import Request.
  Time since last request: 0.000032 seconds.
  path: Assets/Scenes/CatBorg Studio/3D Dungeon Lowpoly Pack/Prefabs/97_Othert_Key_Yellow.prefab
  artifactKey: Guid(8e6bcd71fb429ed4cab90a908277c517) Importer(2089858483,192608db42251d675da83286b1cce702)
Start importing Assets/Scenes/CatBorg Studio/3D Dungeon Lowpoly Pack/Prefabs/97_Othert_Key_Yellow.prefab using Guid(8e6bcd71fb429ed4cab90a908277c517) Importer(2089858483,192608db42251d675da83286b1cce702) (ScriptedImporter) -> (artifact id: 'f2d6ccd4b10f5841a7b51e5156d72f58') in 0.0753111 seconds
Number of updated asset objects reloaded before import = 0Number of asset objects unloaded after import = 8

========================================================================
Received Import Request.
  Time since last request: 0.000092 seconds.
  path: Assets/FreeDragons/Prefab/DragonSoulEaterPBR/DragonSoulEaterPurplePBR.prefab
  artifactKey: Guid(0bdbbc31102770146858004072a8752a) Importer(2089858483,192608db42251d675da83286b1cce702)
Start importing Assets/FreeDragons/Prefab/DragonSoulEaterPBR/DragonSoulEaterPurplePBR.prefab using Guid(0bdbbc31102770146858004072a8752a) Importer(2089858483,192608db42251d675da83286b1cce702) (ScriptedImporter) -> (artifact id: '294e5b833f2136ce5748b05db477e6f0') in 0.1135219 seconds
Number of updated asset objects reloaded before import = 0Number of asset objects unloaded after import = 140

========================================================================
Received Import Request.
  Time since last request: 0.000039 seconds.
  path: Assets/Scenes/CatBorg Studio/3D Dungeon Lowpoly Pack/Prefabs/04_Bedroom_01_Matrace_ForBeed_1.prefab
  artifactKey: Guid(1dba64d63b3ff9545af2152cc3320b9a) Importer(2089858483,192608db42251d675da83286b1cce702)
Start importing Assets/Scenes/CatBorg Studio/3D Dungeon Lowpoly Pack/Prefabs/04_Bedroom_01_Matrace_ForBeed_1.prefab using Guid(1dba64d63b3ff9545af2152cc3320b9a) Importer(2089858483,192608db42251d675da83286b1cce702) (ScriptedImporter) -> (artifact id: 'd9bdb7e6b19b6fc6a74b46ba0b48897d') in 0.0456335 seconds
Number of updated asset objects reloaded before import = 0Number of asset objects unloaded after import = 8

========================================================================
Received Import Request.
  Time since last request: 0.000082 seconds.
  path: Assets/Scenes/CatBorg Studio/3D Dungeon Lowpoly Pack/Prefabs/01_DiningHall_01_Candels#1.prefab
  artifactKey: Guid(842a752523ece6c4996c2c95378a4536) Importer(2089858483,192608db42251d675da83286b1cce702)
Start importing Assets/Scenes/CatBorg Studio/3D Dungeon Lowpoly Pack/Prefabs/01_DiningHall_01_Candels#1.prefab using Guid(842a752523ece6c4996c2c95378a4536) Importer(2089858483,192608db42251d675da83286b1cce702) (ScriptedImporter) -> (artifact id: 'bf785861b5dfe857d100efcf446e8562') in 0.0932143 seconds
Number of updated asset objects reloaded before import = 0Number of asset objects unloaded after import = 8

========================================================================
Received Import Request.
  Time since last request: 0.000033 seconds.
  path: Assets/FreeDragons/Texture/DragonBoarPBR/AO.png
  artifactKey: Guid(e6ddf820ae074db43ba98cea8d65f3d1) Importer(2089858483,192608db42251d675da83286b1cce702)
Start importing Assets/FreeDragons/Texture/DragonBoarPBR/AO.png using Guid(e6ddf820ae074db43ba98cea8d65f3d1) Importer(2089858483,192608db42251d675da83286b1cce702) (ScriptedImporter) -> (artifact id: '9e076fb80b6795f60d5a592adf08b1c4') in 0.0749159 seconds
Number of updated asset objects reloaded before import = 0Number of asset objects unloaded after import = 1

