[Licensing::Module] Trying to connect to existing licensing client channel...
Built from '6000.2/respin/6000.2.6f2-cc51a95c03' branch; Version is '6000.2.6f2 (4a4dcaec6541) revision 4869578'; Using compiler version '194234433'; Build Type 'Release'
[Licensing::IpcConnector] Successfully connected to: "LicenseClient-ayana" at "2025-11-10T13:29:51.2415679Z"
OS: 'Windows 11  (10.0.26100) 64bit Core' Language: 'en' Physical Memory: 16087 MB
BatchMode: 1, IsHumanControllingUs: 0, StartBugReporterOnCrash: 0, Is64bit: 1
Date: 2025-11-10T13:29:51Z

COMMAND LINE ARGUMENTS:
C:\Program Files\Unity\Hub\Editor\6000.2.6f2\Editor\Unity.exe
-adb2
-batchMode
-noUpm
-name
AssetImportWorker11
-projectPath
C:/Users/ayana/OneDrive/Documents/GitHub/AnimationLabs2025/AnimationLabs_
-logFile
Logs/AssetImportWorker11.log
-srvPort
65377
-licensingIpc
LicenseClient-ayana
-job-worker-count
7
-background-job-worker-count
8
-gc-helper-count
1
-name
AssetImport
Successfully changed project path to: C:/Users/ayana/OneDrive/Documents/GitHub/AnimationLabs2025/AnimationLabs_
C:/Users/ayana/OneDrive/Documents/GitHub/AnimationLabs2025/AnimationLabs_
[UnityMemory] Configuration Parameters - Can be set up in boot.config
    "memorysetup-allocator-temp-initial-block-size-main=262144"
    "memorysetup-allocator-temp-initial-block-size-worker=262144"
    "memorysetup-bucket-allocator-granularity=16"
    "memorysetup-bucket-allocator-bucket-count=8"
    "memorysetup-bucket-allocator-block-size=33554432"
    "memorysetup-bucket-allocator-block-count=8"
    "memorysetup-main-allocator-block-size=16777216"
    "memorysetup-thread-allocator-block-size=16777216"
    "memorysetup-gfx-main-allocator-block-size=16777216"
    "memorysetup-gfx-thread-allocator-block-size=16777216"
    "memorysetup-cache-allocator-block-size=4194304"
    "memorysetup-typetree-allocator-block-size=2097152"
    "memorysetup-profiler-bucket-allocator-granularity=16"
    "memorysetup-profiler-bucket-allocator-bucket-count=8"
    "memorysetup-profiler-bucket-allocator-block-size=33554432"
    "memorysetup-profiler-bucket-allocator-block-count=8"
    "memorysetup-profiler-allocator-block-size=16777216"
    "memorysetup-profiler-editor-allocator-block-size=1048576"
    "memorysetup-temp-allocator-size-main=16777216"
    "memorysetup-job-temp-allocator-block-size=2097152"
    "memorysetup-job-temp-allocator-block-size-background=1048576"
    "memorysetup-job-temp-allocator-reduction-small-platforms=262144"
    "memorysetup-temp-allocator-size-background-worker=32768"
    "memorysetup-temp-allocator-size-job-worker=262144"
    "memorysetup-temp-allocator-size-preload-manager=33554432"
    "memorysetup-temp-allocator-size-nav-mesh-worker=65536"
    "memorysetup-temp-allocator-size-audio-worker=65536"
    "memorysetup-temp-allocator-size-cloud-worker=32768"
    "memorysetup-temp-allocator-size-gi-baking-worker=262144"
    "memorysetup-temp-allocator-size-gi-baking-worker=262144"
    "memorysetup-temp-allocator-size-gi-baking-worker=262144"
    "memorysetup-temp-allocator-size-gi-baking-worker=262144"
    "memorysetup-temp-allocator-size-gi-baking-worker=262144"
    "memorysetup-temp-allocator-size-gfx=262144"
Player connection [56328]  Target information:

Player connection [56328]  * "[IP] 10.190.1.33 [Port] 0 [Flags] 2 [Guid] 2142565391 [EditorId] 2142565391 [Version] 1048832 [Id] WindowsEditor(7,MSI) [Debug] 1 [PackageName] WindowsEditor [ProjectName] Editor" 

Player connection [56328] Host joined multi-casting on [225.0.0.222:54997]...
Player connection [56328] Host joined alternative multi-casting on [225.0.0.222:34997]...
JobSystem: Creating JobQueue using job-worker-count value 7
Input System module state changed to: Initialized.
[Physics::Module] Initialized fallback backend.
[Physics::Module] Id: 0xdecafbad
[Licensing::Client] Code 10 while verifying Licensing Client signature (process Id: 32020, path: "C:/Users/ayana/SchoolSoftware/Unity Hub/UnityLicensingClient_V1/Unity.Licensing.Client.exe")
[Licensing::Module] LicensingClient has failed validation; ignoring
[Licensing::Client] Handshaking with LicensingClient:
  Version:                 1.17.3+a4e98f1
  Session Id:              db308535fffc4c0ea1a37c2ff53f968a
  Correlation Id:          52991af8164dd7949978d8bba830f736
  External correlation Id: 7369849817062061643
  Machine Id:              cleDMvXY9O+45m6I22BHXt+mVGw=
[Licensing::Module] Successfully connected to LicensingClient on channel: "LicenseClient-ayana" (connect: 0.00s, validation: 0.00s, handshake: 0.05s)
[Licensing::IpcConnector] Successfully connected to: "LicenseClient-ayana-notifications" at "2025-11-10T13:29:51.2921306Z"
[Licensing::Module] Licensing Background thread has ended after 0.05s
Library Redirect Path: Library/
[Physics::Module] Selected backend.
[Physics::Module] Name: PhysX
[Physics::Module] Id: 0xf2b8ea05
[Physics::Module] SDK Version: 4.1.2
[Physics::Module] Integration Version: 1.0.0
[Physics::Module] Threading Mode: Multi-Threaded
Refreshing native plugins compatible for Editor in 2.79 ms, found 3 plugins.
Preloading 0 native plugins for Editor in 0.00 ms.
Initialize engine version: 6000.2.6f2 (4a4dcaec6541)
[Subsystems] Discovering subsystems at path C:/Program Files/Unity/Hub/Editor/6000.2.6f2/Editor/Data/Resources/UnitySubsystems
[Subsystems] Discovering subsystems at path C:/Users/ayana/OneDrive/Documents/GitHub/AnimationLabs2025/AnimationLabs_/Assets
GfxDevice: creating device client; kGfxThreadingModeNonThreaded
d3d12: failed to query info queue interface (0x80004002).
Direct3D:
    Version:         Direct3D 12 [level 12.1]
    Renderer:        NVIDIA GeForce RTX 4060 Laptop GPU (ID=0x28a0)
    Vendor:          NVIDIA
    VRAM:            7957 MB
    App VRAM Budget: 7189 MB
    Driver:          32.0.15.7700
Initialize mono
Mono path[0] = 'C:/Program Files/Unity/Hub/Editor/6000.2.6f2/Editor/Data/Managed'
Mono path[1] = 'C:/Program Files/Unity/Hub/Editor/6000.2.6f2/Editor/Data/MonoBleedingEdge/lib/mono/unityjit-win32'
Mono config path = 'C:/Program Files/Unity/Hub/Editor/6000.2.6f2/Editor/Data/MonoBleedingEdge/etc'
Using monoOptions --debugger-agent=transport=dt_socket,embedding=1,server=y,suspend=n,address=127.0.0.1:56452
Begin MonoManager ReloadAssembly
Registering precompiled unity dll's ...
Register platform support module: C:/Program Files/Unity/Hub/Editor/6000.2.6f2/Editor/Data/PlaybackEngines/WindowsStandaloneSupport/UnityEditor.WindowsStandalone.Extensions.dll
Registered in 0.001670 seconds.
- Loaded All Assemblies, in  0.410 seconds
Native extension for WindowsStandalone target not found
Mono: successfully reloaded assembly
- Finished resetting the current domain, in  0.336 seconds
Domain Reload Profiling: 744ms
	BeginReloadAssembly (151ms)
		ExecutionOrderSort (0ms)
		DisableScriptedObjects (0ms)
		BackupInstance (0ms)
		ReleaseScriptingObjects (0ms)
		CreateAndSetChildDomain (1ms)
	RebuildCommonClasses (37ms)
	RebuildNativeTypeToScriptingClass (12ms)
	initialDomainReloadingComplete (49ms)
	LoadAllAssembliesAndSetupDomain (159ms)
		LoadAssemblies (148ms)
		RebuildTransferFunctionScriptingTraits (0ms)
		AnalyzeDomain (156ms)
			TypeCache.Refresh (154ms)
				TypeCache.ScanAssembly (141ms)
			BuildScriptInfoCaches (0ms)
			ResolveRequiredComponents (0ms)
	FinalizeReload (336ms)
		ReleaseScriptCaches (0ms)
		RebuildScriptCaches (0ms)
		SetupLoadedEditorAssemblies (293ms)
			LogAssemblyErrors (0ms)
			InitializePlatformSupportModulesInManaged (53ms)
			SetLoadedEditorAssemblies (4ms)
			BeforeProcessingInitializeOnLoad (64ms)
			ProcessInitializeOnLoadAttributes (123ms)
			ProcessInitializeOnLoadMethodAttributes (49ms)
			AfterProcessingInitializeOnLoad (0ms)
			EditorAssembliesLoaded (0ms)
		ExecutionOrderSort2 (0ms)
		AwakeInstancesAfterBackupRestoration (0ms)
========================================================================
Worker process is ready to serve import requests
Import Worker Mode flag is 0x00
Begin MonoManager ReloadAssembly
[Licensing::Client] Successfully resolved entitlement details
[Licensing::Module] License group:
  Id: 3574232338638-UnityPersXXXX
  Product: Unity Personal
  Type: Assigned
  Expiration: Unlimited
- Loaded All Assemblies, in  1.060 seconds
Refreshing native plugins compatible for Editor in 0.91 ms, found 3 plugins.
Native extension for WindowsStandalone target not found
Package Manager log level set to [2]
[Package Manager] Failed to launch server process. Reason: Unity was launched with the -noUpm command-line argument
[Package Manager] Unable to send message (not connected to server process).
[Package Manager] Cannot connect to Unity Package Manager local server
Mono: successfully reloaded assembly
- Finished resetting the current domain, in  0.878 seconds
Domain Reload Profiling: 1934ms
	BeginReloadAssembly (313ms)
		ExecutionOrderSort (0ms)
		DisableScriptedObjects (6ms)
		BackupInstance (0ms)
		ReleaseScriptingObjects (0ms)
		CreateAndSetChildDomain (29ms)
	RebuildCommonClasses (53ms)
	RebuildNativeTypeToScriptingClass (14ms)
	initialDomainReloadingComplete (44ms)
	LoadAllAssembliesAndSetupDomain (630ms)
		LoadAssemblies (565ms)
		RebuildTransferFunctionScriptingTraits (0ms)
		AnalyzeDomain (290ms)
			TypeCache.Refresh (216ms)
				TypeCache.ScanAssembly (201ms)
			BuildScriptInfoCaches (56ms)
			ResolveRequiredComponents (13ms)
	FinalizeReload (879ms)
		ReleaseScriptCaches (0ms)
		RebuildScriptCaches (0ms)
		SetupLoadedEditorAssemblies (662ms)
			LogAssemblyErrors (0ms)
			InitializePlatformSupportModulesInManaged (2ms)
			SetLoadedEditorAssemblies (4ms)
			BeforeProcessingInitializeOnLoad (126ms)
			ProcessInitializeOnLoadAttributes (427ms)
			ProcessInitializeOnLoadMethodAttributes (95ms)
			AfterProcessingInitializeOnLoad (8ms)
			EditorAssembliesLoaded (0ms)
		ExecutionOrderSort2 (0ms)
		AwakeInstancesAfterBackupRestoration (7ms)
Launched and connected shader compiler UnityShaderCompiler.exe after 0.02 seconds
Refreshing native plugins compatible for Editor in 1.31 ms, found 3 plugins.
Preloading 0 native plugins for Editor in 0.00 ms.
Unloading 25 Unused Serialized files (Serialized files now loaded: 0)
Unloading 6250 unused Assets / (6.0 MB). Loaded Objects now: 6944.
Memory consumption went from 144.5 MB to 138.4 MB.
Total: 14.325900 ms (FindLiveObjects: 2.144200 ms CreateObjectMapping: 0.510200 ms MarkObjects: 8.289200 ms  DeleteObjects: 3.379600 ms)

========================================================================
Received Prepare
Begin MonoManager ReloadAssembly
[Licensing::Client] Successfully resolved entitlement details
- Loaded All Assemblies, in  1.171 seconds
Refreshing native plugins compatible for Editor in 1.26 ms, found 3 plugins.
Native extension for WindowsStandalone target not found
[Package Manager] Failed to launch server process. Reason: Unity was launched with the -noUpm command-line argument
[Package Manager] Unable to send message (not connected to server process).
[Package Manager] Cannot connect to Unity Package Manager local server
Mono: successfully reloaded assembly
- Finished resetting the current domain, in  0.874 seconds
Domain Reload Profiling: 2048ms
	BeginReloadAssembly (446ms)
		ExecutionOrderSort (0ms)
		DisableScriptedObjects (30ms)
		BackupInstance (0ms)
		ReleaseScriptingObjects (1ms)
		CreateAndSetChildDomain (114ms)
	RebuildCommonClasses (45ms)
	RebuildNativeTypeToScriptingClass (13ms)
	initialDomainReloadingComplete (34ms)
	LoadAllAssembliesAndSetupDomain (635ms)
		LoadAssemblies (582ms)
		RebuildTransferFunctionScriptingTraits (0ms)
		AnalyzeDomain (216ms)
			TypeCache.Refresh (10ms)
				TypeCache.ScanAssembly (0ms)
			BuildScriptInfoCaches (187ms)
			ResolveRequiredComponents (11ms)
	FinalizeReload (874ms)
		ReleaseScriptCaches (0ms)
		RebuildScriptCaches (0ms)
		SetupLoadedEditorAssemblies (665ms)
			LogAssemblyErrors (0ms)
			InitializePlatformSupportModulesInManaged (3ms)
			SetLoadedEditorAssemblies (7ms)
			BeforeProcessingInitializeOnLoad (164ms)
			ProcessInitializeOnLoadAttributes (412ms)
			ProcessInitializeOnLoadMethodAttributes (71ms)
			AfterProcessingInitializeOnLoad (8ms)
			EditorAssembliesLoaded (0ms)
		ExecutionOrderSort2 (0ms)
		AwakeInstancesAfterBackupRestoration (22ms)
Refreshing native plugins compatible for Editor in 1.44 ms, found 3 plugins.
Preloading 0 native plugins for Editor in 0.00 ms.
Unloading 25 Unused Serialized files (Serialized files now loaded: 0)
Unloading 6248 unused Assets / (6.0 MB). Loaded Objects now: 6959.
Memory consumption went from 151.8 MB to 145.7 MB.
Total: 14.762200 ms (FindLiveObjects: 2.332200 ms CreateObjectMapping: 0.593300 ms MarkObjects: 8.612800 ms  DeleteObjects: 3.220700 ms)

Prepare: number of updated asset objects reloaded= 0
========================================================================
Received Import Request.
  Time since last request: 1216188.066020 seconds.
  path: Assets/Fries and Seagull/City 03/Prefabs/Ground Mark/Ground Markings 2.prefab
  artifactKey: Guid(74e3df9cd09dc084abc764a74d8bacb6) Importer(2089858483,192608db42251d675da83286b1cce702)
Start importing Assets/Fries and Seagull/City 03/Prefabs/Ground Mark/Ground Markings 2.prefab using Guid(74e3df9cd09dc084abc764a74d8bacb6) Importer(2089858483,192608db42251d675da83286b1cce702) (ScriptedImporter) -> (artifact id: '755df384dbfb9c825e0a6336812791d4') in 0.2953004 seconds
Number of updated asset objects reloaded before import = 0Number of asset objects unloaded after import = 13

========================================================================
Received Import Request.
  Time since last request: 0.000045 seconds.
  path: Assets/Fries and Seagull/City 03/Prefabs/Mailbox/Mailbox 2.prefab
  artifactKey: Guid(310dedf062f4f094eb0044ea9b1aed6e) Importer(2089858483,192608db42251d675da83286b1cce702)
Start importing Assets/Fries and Seagull/City 03/Prefabs/Mailbox/Mailbox 2.prefab using Guid(310dedf062f4f094eb0044ea9b1aed6e) Importer(2089858483,192608db42251d675da83286b1cce702) (ScriptedImporter) -> (artifact id: '1319b88c6f999ba79d4bb7f8b939d04e') in 0.0617396 seconds
Number of updated asset objects reloaded before import = 0Number of asset objects unloaded after import = 17

========================================================================
Received Import Request.
  Time since last request: 0.000033 seconds.
  path: Assets/Fries and Seagull/City 03/Models/Trash Bag 2.fbx
  artifactKey: Guid(21dcce55c86292045bea0f90846915e0) Importer(2089858483,192608db42251d675da83286b1cce702)
Start importing Assets/Fries and Seagull/City 03/Models/Trash Bag 2.fbx using Guid(21dcce55c86292045bea0f90846915e0) Importer(2089858483,192608db42251d675da83286b1cce702) (ScriptedImporter) -> (artifact id: 'a1d036347ef99b5eae7f425578c8dc2f') in 0.1070217 seconds
Number of updated asset objects reloaded before import = 0Number of asset objects unloaded after import = 8

========================================================================
Received Import Request.
  Time since last request: 0.000019 seconds.
  path: Assets/Fries and Seagull/City 03/Prefabs/Vehicles/Taxi.prefab
  artifactKey: Guid(a66298eb784f1f34999e5fc9aa12d202) Importer(2089858483,192608db42251d675da83286b1cce702)
Start importing Assets/Fries and Seagull/City 03/Prefabs/Vehicles/Taxi.prefab using Guid(a66298eb784f1f34999e5fc9aa12d202) Importer(2089858483,192608db42251d675da83286b1cce702) (ScriptedImporter) -> (artifact id: 'd1cc6429cab0804eabaa3aef34734d9b') in 0.0348825 seconds
Number of updated asset objects reloaded before import = 0Number of asset objects unloaded after import = 28

========================================================================
Received Prepare
Begin MonoManager ReloadAssembly
[Licensing::Client] Successfully resolved entitlement details
- Loaded All Assemblies, in  0.964 seconds
Refreshing native plugins compatible for Editor in 0.97 ms, found 3 plugins.
Native extension for WindowsStandalone target not found
[Package Manager] Failed to launch server process. Reason: Unity was launched with the -noUpm command-line argument
[Package Manager] Unable to send message (not connected to server process).
[Package Manager] Cannot connect to Unity Package Manager local server
Mono: successfully reloaded assembly
- Finished resetting the current domain, in  0.928 seconds
Domain Reload Profiling: 1892ms
	BeginReloadAssembly (305ms)
		ExecutionOrderSort (0ms)
		DisableScriptedObjects (7ms)
		BackupInstance (0ms)
		ReleaseScriptingObjects (1ms)
		CreateAndSetChildDomain (77ms)
	RebuildCommonClasses (41ms)
	RebuildNativeTypeToScriptingClass (19ms)
	initialDomainReloadingComplete (37ms)
	LoadAllAssembliesAndSetupDomain (561ms)
		LoadAssemblies (475ms)
		RebuildTransferFunctionScriptingTraits (0ms)
		AnalyzeDomain (231ms)
			TypeCache.Refresh (17ms)
				TypeCache.ScanAssembly (1ms)
			BuildScriptInfoCaches (198ms)
			ResolveRequiredComponents (11ms)
	FinalizeReload (929ms)
		ReleaseScriptCaches (0ms)
		RebuildScriptCaches (0ms)
		SetupLoadedEditorAssemblies (717ms)
			LogAssemblyErrors (0ms)
			InitializePlatformSupportModulesInManaged (3ms)
			SetLoadedEditorAssemblies (6ms)
			BeforeProcessingInitializeOnLoad (185ms)
			ProcessInitializeOnLoadAttributes (451ms)
			ProcessInitializeOnLoadMethodAttributes (64ms)
			AfterProcessingInitializeOnLoad (8ms)
			EditorAssembliesLoaded (0ms)
		ExecutionOrderSort2 (0ms)
		AwakeInstancesAfterBackupRestoration (21ms)
Refreshing native plugins compatible for Editor in 0.93 ms, found 3 plugins.
Preloading 0 native plugins for Editor in 0.00 ms.
Unloading 25 Unused Serialized files (Serialized files now loaded: 0)
Unloading 6252 unused Assets / (6.1 MB). Loaded Objects now: 6966.
Memory consumption went from 152.4 MB to 146.3 MB.
Total: 8.006800 ms (FindLiveObjects: 0.466800 ms CreateObjectMapping: 0.525800 ms MarkObjects: 4.466400 ms  DeleteObjects: 2.546200 ms)

Prepare: number of updated asset objects reloaded= 0
========================================================================
Received Import Request.
  Time since last request: 19.063962 seconds.
  path: Assets/Fries and Seagull/City 03/Models/Trash Bag 3.fbx
  artifactKey: Guid(8f3c32cb9660e914680667b7dd46b833) Importer(2089858483,192608db42251d675da83286b1cce702)
Start importing Assets/Fries and Seagull/City 03/Models/Trash Bag 3.fbx using Guid(8f3c32cb9660e914680667b7dd46b833) Importer(2089858483,192608db42251d675da83286b1cce702) (ScriptedImporter) -> (artifact id: '49a04febd224088a22951bd3fb206c99') in 0.2999653 seconds
Number of updated asset objects reloaded before import = 0Number of asset objects unloaded after import = 8

========================================================================
Received Import Request.
  Time since last request: 0.000032 seconds.
  path: Assets/Fries and Seagull/City 03/Models/Guardrail.fbx
  artifactKey: Guid(586a598bd105f454593db62829e2dafd) Importer(2089858483,192608db42251d675da83286b1cce702)
Start importing Assets/Fries and Seagull/City 03/Models/Guardrail.fbx using Guid(586a598bd105f454593db62829e2dafd) Importer(2089858483,192608db42251d675da83286b1cce702) (ScriptedImporter) -> (artifact id: '5b3bc59ead3187a6b474f637188fad2f') in 0.0361456 seconds
Number of updated asset objects reloaded before import = 0Number of asset objects unloaded after import = 8

========================================================================
Received Import Request.
  Time since last request: 0.000028 seconds.
  path: Assets/Fries and Seagull/City 03/Models/Public Table.fbx
  artifactKey: Guid(d63f7a736a5a1f5419966416d8907172) Importer(2089858483,192608db42251d675da83286b1cce702)
Start importing Assets/Fries and Seagull/City 03/Models/Public Table.fbx using Guid(d63f7a736a5a1f5419966416d8907172) Importer(2089858483,192608db42251d675da83286b1cce702) (ScriptedImporter) -> (artifact id: 'eff0f9be548223b94829ba24bfeabb43') in 0.0407369 seconds
Number of updated asset objects reloaded before import = 0Number of asset objects unloaded after import = 10

========================================================================
Received Import Request.
  Time since last request: 0.000016 seconds.
  path: Assets/Fries and Seagull/City 03/Prefabs/Public Utility/Bus Shelter.prefab
  artifactKey: Guid(9db28b8e527f9824494b5d4aca73f1c2) Importer(2089858483,192608db42251d675da83286b1cce702)
Start importing Assets/Fries and Seagull/City 03/Prefabs/Public Utility/Bus Shelter.prefab using Guid(9db28b8e527f9824494b5d4aca73f1c2) Importer(2089858483,192608db42251d675da83286b1cce702) (ScriptedImporter) -> (artifact id: 'c4340e63c9727999d5489fd128dca8d9') in 0.0586468 seconds
Number of updated asset objects reloaded before import = 0Number of asset objects unloaded after import = 22

========================================================================
Received Import Request.
  Time since last request: 0.000025 seconds.
  path: Assets/Fries and Seagull/City 03/Prefabs/Trash/Dumpster 2.prefab
  artifactKey: Guid(29a0ed36fbe4e164496d288ff2bcd646) Importer(2089858483,192608db42251d675da83286b1cce702)
Start importing Assets/Fries and Seagull/City 03/Prefabs/Trash/Dumpster 2.prefab using Guid(29a0ed36fbe4e164496d288ff2bcd646) Importer(2089858483,192608db42251d675da83286b1cce702) (ScriptedImporter) -> (artifact id: 'bc7b9c582990c266fabd8f9599d46db9') in 0.0390432 seconds
Number of updated asset objects reloaded before import = 0Number of asset objects unloaded after import = 28

========================================================================
Received Import Request.
  Time since last request: 0.000027 seconds.
  path: Assets/Fries and Seagull/City 03/Scene Props/Scripts/Rotatable.cs
  artifactKey: Guid(2a517f24b83171644bd15ecebd0038ad) Importer(2089858483,192608db42251d675da83286b1cce702)
Start importing Assets/Fries and Seagull/City 03/Scene Props/Scripts/Rotatable.cs using Guid(2a517f24b83171644bd15ecebd0038ad) Importer(2089858483,192608db42251d675da83286b1cce702) (ScriptedImporter) -> (artifact id: '8128f83ac541647909ba53045cda8165') in 0.0244134 seconds
Number of updated asset objects reloaded before import = 0Number of asset objects unloaded after import = 0

========================================================================
Received Import Request.
  Time since last request: 0.000017 seconds.
  path: Assets/Fries and Seagull/City 03/Models/Small Road Sign.fbx
  artifactKey: Guid(1f19af857efaafa45b444fd20f6a4fbb) Importer(2089858483,192608db42251d675da83286b1cce702)
Start importing Assets/Fries and Seagull/City 03/Models/Small Road Sign.fbx using Guid(1f19af857efaafa45b444fd20f6a4fbb) Importer(2089858483,192608db42251d675da83286b1cce702) (ScriptedImporter) -> (artifact id: '53208664b797de2353ce824745062d18') in 0.0449368 seconds
Number of updated asset objects reloaded before import = 0Number of asset objects unloaded after import = 9

========================================================================
Received Import Request.
  Time since last request: 0.000017 seconds.
  path: Assets/Fries and Seagull/City 03/Models/Tree 1.fbx
  artifactKey: Guid(34584441bffac454db5c1a50ea1e7c72) Importer(2089858483,192608db42251d675da83286b1cce702)
Start importing Assets/Fries and Seagull/City 03/Models/Tree 1.fbx using Guid(34584441bffac454db5c1a50ea1e7c72) Importer(2089858483,192608db42251d675da83286b1cce702) (ScriptedImporter) -> (artifact id: 'b23ffa86d339814e6de95e0f60f2f3c1') in 0.0541842 seconds
Number of updated asset objects reloaded before import = 0Number of asset objects unloaded after import = 17

========================================================================
Received Import Request.
  Time since last request: 0.000018 seconds.
  path: Assets/Fries and Seagull/City 03/Models/Road 5.fbx
  artifactKey: Guid(3297586413325df4eaa20b8cbd2741c1) Importer(2089858483,192608db42251d675da83286b1cce702)
Start importing Assets/Fries and Seagull/City 03/Models/Road 5.fbx using Guid(3297586413325df4eaa20b8cbd2741c1) Importer(2089858483,192608db42251d675da83286b1cce702) (ScriptedImporter) -> (artifact id: '8fadd26ef05940b003e8ecef35e18ebc') in 0.0389153 seconds
Number of updated asset objects reloaded before import = 0Number of asset objects unloaded after import = 13

========================================================================
Received Import Request.
  Time since last request: 0.000027 seconds.
  path: Assets/Fries and Seagull/City 03/Prefabs/Trash/Trash Can 4.prefab
  artifactKey: Guid(11e72242f385d85429bbeb059241f4da) Importer(2089858483,192608db42251d675da83286b1cce702)
Start importing Assets/Fries and Seagull/City 03/Prefabs/Trash/Trash Can 4.prefab using Guid(11e72242f385d85429bbeb059241f4da) Importer(2089858483,192608db42251d675da83286b1cce702) (ScriptedImporter) -> (artifact id: '4dd7778b4955d6b1edc142e7f8f94d34') in 0.037825 seconds
Number of updated asset objects reloaded before import = 0Number of asset objects unloaded after import = 17

========================================================================
Received Import Request.
  Time since last request: 0.000020 seconds.
  path: Assets/Fries and Seagull/City 03/Scene Props/Scripts/Inspector/AnInspector.cs
  artifactKey: Guid(44783aab2da84028a5c2035967c3cccb) Importer(2089858483,192608db42251d675da83286b1cce702)
Start importing Assets/Fries and Seagull/City 03/Scene Props/Scripts/Inspector/AnInspector.cs using Guid(44783aab2da84028a5c2035967c3cccb) Importer(2089858483,192608db42251d675da83286b1cce702) (ScriptedImporter) -> (artifact id: '33bc38510507e7a283056ed02984cc4b') in 0.0262501 seconds
Number of updated asset objects reloaded before import = 0Number of asset objects unloaded after import = 0

========================================================================
Received Import Request.
  Time since last request: 0.000018 seconds.
  path: Assets/Fries and Seagull/City 03/Prefabs/Barrier/Barrier 2.prefab
  artifactKey: Guid(f7b532026590c3341bc16a8ae9fc24ce) Importer(2089858483,192608db42251d675da83286b1cce702)
Start importing Assets/Fries and Seagull/City 03/Prefabs/Barrier/Barrier 2.prefab using Guid(f7b532026590c3341bc16a8ae9fc24ce) Importer(2089858483,192608db42251d675da83286b1cce702) (ScriptedImporter) -> (artifact id: 'f88e2332d756c3e399ff730a224a1a1b') in 0.0360369 seconds
Number of updated asset objects reloaded before import = 0Number of asset objects unloaded after import = 17

========================================================================
Received Import Request.
  Time since last request: 0.000019 seconds.
  path: Assets/Fries and Seagull/City 03/Models/Bus.fbx
  artifactKey: Guid(db1b89a6fcf506c40868c0d37bd75fa5) Importer(2089858483,192608db42251d675da83286b1cce702)
Start importing Assets/Fries and Seagull/City 03/Models/Bus.fbx using Guid(db1b89a6fcf506c40868c0d37bd75fa5) Importer(2089858483,192608db42251d675da83286b1cce702) (ScriptedImporter) -> (artifact id: '7745d1868e586e2489bb4d7719113765') in 0.0537961 seconds
Number of updated asset objects reloaded before import = 0Number of asset objects unloaded after import = 17

========================================================================
Received Import Request.
  Time since last request: 0.000026 seconds.
  path: Assets/Fries and Seagull/City 03/Prefabs/Fence/Stone Fence 2 Body.prefab
  artifactKey: Guid(6f3c6ff916e6ac9498cc857c664136dc) Importer(2089858483,192608db42251d675da83286b1cce702)
Start importing Assets/Fries and Seagull/City 03/Prefabs/Fence/Stone Fence 2 Body.prefab using Guid(6f3c6ff916e6ac9498cc857c664136dc) Importer(2089858483,192608db42251d675da83286b1cce702) (ScriptedImporter) -> (artifact id: '34c527c6436809c261587e9719c13873') in 0.03148 seconds
Number of updated asset objects reloaded before import = 0Number of asset objects unloaded after import = 18

========================================================================
Received Import Request.
  Time since last request: 0.000027 seconds.
  path: Assets/Fries and Seagull/City 03/Models/Bus Shelter.fbx
  artifactKey: Guid(3a01677ec975c3a49a78d5d5c522e78a) Importer(2089858483,192608db42251d675da83286b1cce702)
Start importing Assets/Fries and Seagull/City 03/Models/Bus Shelter.fbx using Guid(3a01677ec975c3a49a78d5d5c522e78a) Importer(2089858483,192608db42251d675da83286b1cce702) (ScriptedImporter) -> (artifact id: '6b00e1c7745664d6b00ca5813f8a32a9') in 0.040383 seconds
Number of updated asset objects reloaded before import = 0Number of asset objects unloaded after import = 11

========================================================================
Received Import Request.
  Time since last request: 0.000018 seconds.
  path: Assets/Fries and Seagull/City 03/Models/Tree 3.fbx
  artifactKey: Guid(7539d56de3a227148803f08e1fefb9ad) Importer(2089858483,192608db42251d675da83286b1cce702)
Start importing Assets/Fries and Seagull/City 03/Models/Tree 3.fbx using Guid(7539d56de3a227148803f08e1fefb9ad) Importer(2089858483,192608db42251d675da83286b1cce702) (ScriptedImporter) -> (artifact id: 'ed101305ba462a823bea67f6dd97b2c4') in 0.0380148 seconds
Number of updated asset objects reloaded before import = 0Number of asset objects unloaded after import = 13

========================================================================
Received Import Request.
  Time since last request: 0.000018 seconds.
  path: Assets/Fries and Seagull/City 03/Models/House 6.fbx
  artifactKey: Guid(0573a066d103b0440a172f6f48cc2ee8) Importer(2089858483,192608db42251d675da83286b1cce702)
Start importing Assets/Fries and Seagull/City 03/Models/House 6.fbx using Guid(0573a066d103b0440a172f6f48cc2ee8) Importer(2089858483,192608db42251d675da83286b1cce702) (ScriptedImporter) -> (artifact id: '34eb6deacb2f329222c03c1f64e6c94c') in 0.0876923 seconds
Number of updated asset objects reloaded before import = 0Number of asset objects unloaded after import = 32

========================================================================
Received Import Request.
  Time since last request: 0.000032 seconds.
  path: Assets/Fries and Seagull/City 03/Prefabs/Manhole/Manhole Covers 4.prefab
  artifactKey: Guid(70bfe9049e84a8d4ba4f5e9a4e0a8ec7) Importer(2089858483,192608db42251d675da83286b1cce702)
Start importing Assets/Fries and Seagull/City 03/Prefabs/Manhole/Manhole Covers 4.prefab using Guid(70bfe9049e84a8d4ba4f5e9a4e0a8ec7) Importer(2089858483,192608db42251d675da83286b1cce702) (ScriptedImporter) -> (artifact id: '4f17a68229df63e4b747efdaf2c9ecda') in 0.0313765 seconds
Number of updated asset objects reloaded before import = 0Number of asset objects unloaded after import = 17

========================================================================
Received Import Request.
  Time since last request: 0.000022 seconds.
  path: Assets/Fries and Seagull/City 03/Prefabs/Fence/Stone Fence 1 Pillar.prefab
  artifactKey: Guid(48c96b8f5dd41184a80be90836937f18) Importer(2089858483,192608db42251d675da83286b1cce702)
Start importing Assets/Fries and Seagull/City 03/Prefabs/Fence/Stone Fence 1 Pillar.prefab using Guid(48c96b8f5dd41184a80be90836937f18) Importer(2089858483,192608db42251d675da83286b1cce702) (ScriptedImporter) -> (artifact id: '8783ba14cd6f1322d4e45c108700f504') in 0.0395693 seconds
Number of updated asset objects reloaded before import = 0Number of asset objects unloaded after import = 17

========================================================================
Received Import Request.
  Time since last request: 0.000015 seconds.
  path: Assets/Fries and Seagull/City 03/Scene Props/Scripts
  artifactKey: Guid(ccbb56dada68d334aa42e1e2ec34e1c7) Importer(2089858483,192608db42251d675da83286b1cce702)
Start importing Assets/Fries and Seagull/City 03/Scene Props/Scripts using Guid(ccbb56dada68d334aa42e1e2ec34e1c7) Importer(2089858483,192608db42251d675da83286b1cce702) (ScriptedImporter) -> (artifact id: '2dc28558358f92d8475bfe8f05970d19') in 0.0216954 seconds
Number of updated asset objects reloaded before import = 0Number of asset objects unloaded after import = 1

========================================================================
Received Import Request.
  Time since last request: 0.000018 seconds.
  path: Assets/Fries and Seagull/City 03/Models/House 7.fbx
  artifactKey: Guid(fdc66271050166a42a905bc6e27b0f0a) Importer(2089858483,192608db42251d675da83286b1cce702)
Start importing Assets/Fries and Seagull/City 03/Models/House 7.fbx using Guid(fdc66271050166a42a905bc6e27b0f0a) Importer(2089858483,192608db42251d675da83286b1cce702) (ScriptedImporter) -> (artifact id: 'c9f31e91c248c5b0250fd91eaf4561d6') in 0.1027392 seconds
Number of updated asset objects reloaded before import = 0Number of asset objects unloaded after import = 50

========================================================================
Received Import Request.
  Time since last request: 0.000036 seconds.
  path: Assets/Fries and Seagull/City 03/Prefabs/Building/Building 7.prefab
  artifactKey: Guid(723eb7a061ffc9a4289885f4198363db) Importer(2089858483,192608db42251d675da83286b1cce702)
Start importing Assets/Fries and Seagull/City 03/Prefabs/Building/Building 7.prefab using Guid(723eb7a061ffc9a4289885f4198363db) Importer(2089858483,192608db42251d675da83286b1cce702) (ScriptedImporter) -> (artifact id: 'e0ef1cade694f9511f09baf42be9e668') in 0.039999 seconds
Number of updated asset objects reloaded before import = 0Number of asset objects unloaded after import = 58

========================================================================
Received Import Request.
  Time since last request: 0.000018 seconds.
  path: Assets/Fries and Seagull/City 03/Prefabs/Public Utility/Escalator.prefab
  artifactKey: Guid(4501ae3f713ed9c4cb01175c3efe1497) Importer(2089858483,192608db42251d675da83286b1cce702)
Start importing Assets/Fries and Seagull/City 03/Prefabs/Public Utility/Escalator.prefab using Guid(4501ae3f713ed9c4cb01175c3efe1497) Importer(2089858483,192608db42251d675da83286b1cce702) (ScriptedImporter) -> (artifact id: 'df140d3482e2e427e1a63a238aa44916') in 0.0352366 seconds
Number of updated asset objects reloaded before import = 0Number of asset objects unloaded after import = 21

========================================================================
Received Import Request.
  Time since last request: 0.000017 seconds.
  path: Assets/Fries and Seagull/City 03/Models/Signage 5.fbx
  artifactKey: Guid(0feec73259d65a94cafb7ebadad9dfc9) Importer(2089858483,192608db42251d675da83286b1cce702)
Start importing Assets/Fries and Seagull/City 03/Models/Signage 5.fbx using Guid(0feec73259d65a94cafb7ebadad9dfc9) Importer(2089858483,192608db42251d675da83286b1cce702) (ScriptedImporter) -> (artifact id: 'b5aa4b41813e46d635c0b84f578956b2') in 0.0467169 seconds
Number of updated asset objects reloaded before import = 0Number of asset objects unloaded after import = 10

========================================================================
Received Import Request.
  Time since last request: 0.000019 seconds.
  path: Assets/Fries and Seagull/City 03/Prefabs/Ground Mark
  artifactKey: Guid(83f19304057a64b4ab6d9da87fbb6c97) Importer(2089858483,192608db42251d675da83286b1cce702)
Start importing Assets/Fries and Seagull/City 03/Prefabs/Ground Mark using Guid(83f19304057a64b4ab6d9da87fbb6c97) Importer(2089858483,192608db42251d675da83286b1cce702) (ScriptedImporter) -> (artifact id: '5c23a0a665f830818272ff5a0098e9ca') in 0.026549 seconds
Number of updated asset objects reloaded before import = 0Number of asset objects unloaded after import = 1

========================================================================
Received Import Request.
  Time since last request: 0.000028 seconds.
  path: Assets/Fries and Seagull/City 03/Prefabs/Public Utility/Tree Pit.prefab
  artifactKey: Guid(83a216cfca0dba34a985eb00334174bc) Importer(2089858483,192608db42251d675da83286b1cce702)
Start importing Assets/Fries and Seagull/City 03/Prefabs/Public Utility/Tree Pit.prefab using Guid(83a216cfca0dba34a985eb00334174bc) Importer(2089858483,192608db42251d675da83286b1cce702) (ScriptedImporter) -> (artifact id: '5d134802651774b014d07491fa2a3399') in 0.0307446 seconds
Number of updated asset objects reloaded before import = 0Number of asset objects unloaded after import = 17

========================================================================
Received Import Request.
  Time since last request: 0.000018 seconds.
  path: Assets/Fries and Seagull/City 03/Prefabs/Road Signs/Signage 5.prefab
  artifactKey: Guid(f392d017a767a874f8ffd5cce414c898) Importer(2089858483,192608db42251d675da83286b1cce702)
Start importing Assets/Fries and Seagull/City 03/Prefabs/Road Signs/Signage 5.prefab using Guid(f392d017a767a874f8ffd5cce414c898) Importer(2089858483,192608db42251d675da83286b1cce702) (ScriptedImporter) -> (artifact id: '4d51ea1f266ec8899b139cc75a45747c') in 0.0352561 seconds
Number of updated asset objects reloaded before import = 0Number of asset objects unloaded after import = 19

========================================================================
Received Import Request.
  Time since last request: 0.000020 seconds.
  path: Assets/Fries and Seagull/City 03/Prefabs/Mailbox/Mailbox 3.prefab
  artifactKey: Guid(6c693d50f00a83d4b9d8e12ead783a93) Importer(2089858483,192608db42251d675da83286b1cce702)
Start importing Assets/Fries and Seagull/City 03/Prefabs/Mailbox/Mailbox 3.prefab using Guid(6c693d50f00a83d4b9d8e12ead783a93) Importer(2089858483,192608db42251d675da83286b1cce702) (ScriptedImporter) -> (artifact id: 'a610245c6584bb3581e70ba45d00c6dd') in 0.0327056 seconds
Number of updated asset objects reloaded before import = 0Number of asset objects unloaded after import = 18

========================================================================
Received Import Request.
  Time since last request: 0.000020 seconds.
  path: Assets/Fries and Seagull/City 03/Models/Ground Markings 5.fbx
  artifactKey: Guid(229d3cd48f5eb7d42a7235ddc8db209a) Importer(2089858483,192608db42251d675da83286b1cce702)
Start importing Assets/Fries and Seagull/City 03/Models/Ground Markings 5.fbx using Guid(229d3cd48f5eb7d42a7235ddc8db209a) Importer(2089858483,192608db42251d675da83286b1cce702) (ScriptedImporter) -> (artifact id: 'bdad64ff84baeebf1d53d4e737d42a1f') in 0.0365429 seconds
Number of updated asset objects reloaded before import = 0Number of asset objects unloaded after import = 7

========================================================================
Received Import Request.
  Time since last request: 0.000026 seconds.
  path: Assets/Fries and Seagull/City 03/Scene Props/Scripts/Setup/FriesPostProcessorIdentifier.cs
  artifactKey: Guid(14c13565c4a1f064abef939221176e47) Importer(2089858483,192608db42251d675da83286b1cce702)
Start importing Assets/Fries and Seagull/City 03/Scene Props/Scripts/Setup/FriesPostProcessorIdentifier.cs using Guid(14c13565c4a1f064abef939221176e47) Importer(2089858483,192608db42251d675da83286b1cce702) (ScriptedImporter) -> (artifact id: '1d0db63ce30e94a48aef912589f6e275') in 0.0285337 seconds
Number of updated asset objects reloaded before import = 0Number of asset objects unloaded after import = 0

========================================================================
Received Import Request.
  Time since last request: 0.000017 seconds.
  path: Assets/Fries and Seagull/City 03/Prefabs/Prefab Group/House Group.prefab
  artifactKey: Guid(0901af9b50d41f546819ee755f5148f1) Importer(2089858483,192608db42251d675da83286b1cce702)
Start importing Assets/Fries and Seagull/City 03/Prefabs/Prefab Group/House Group.prefab using Guid(0901af9b50d41f546819ee755f5148f1) Importer(2089858483,192608db42251d675da83286b1cce702) (ScriptedImporter) -> (artifact id: '0aaa4f57635515606d7d83300da5daed') in 0.0745425 seconds
Number of updated asset objects reloaded before import = 0Number of asset objects unloaded after import = 442

========================================================================
Received Import Request.
  Time since last request: 0.000021 seconds.
  path: Assets/Fries and Seagull/City 03/Prefabs/Road Signs/Small Road Sign.prefab
  artifactKey: Guid(6a66f1d592162d0488af3f95ad583fda) Importer(2089858483,192608db42251d675da83286b1cce702)
Start importing Assets/Fries and Seagull/City 03/Prefabs/Road Signs/Small Road Sign.prefab using Guid(6a66f1d592162d0488af3f95ad583fda) Importer(2089858483,192608db42251d675da83286b1cce702) (ScriptedImporter) -> (artifact id: '57f44ec8e555f9a086873623eb76e03b') in 0.0417549 seconds
Number of updated asset objects reloaded before import = 0Number of asset objects unloaded after import = 19

========================================================================
Received Import Request.
  Time since last request: 0.000018 seconds.
  path: Assets/Fries and Seagull/City 03/Prefabs/Public Utility/Speed Bumps.prefab
  artifactKey: Guid(26473d7831cba604bb81dbde98b2932f) Importer(2089858483,192608db42251d675da83286b1cce702)
Start importing Assets/Fries and Seagull/City 03/Prefabs/Public Utility/Speed Bumps.prefab using Guid(26473d7831cba604bb81dbde98b2932f) Importer(2089858483,192608db42251d675da83286b1cce702) (ScriptedImporter) -> (artifact id: 'df18719b3b38eba342cbdaa168a760c7') in 0.0332328 seconds
Number of updated asset objects reloaded before import = 0Number of asset objects unloaded after import = 18

========================================================================
Received Import Request.
  Time since last request: 0.000028 seconds.
  path: Assets/Fries and Seagull/City 03/Prefabs/Fence/Stone Fence 1 Body.prefab
  artifactKey: Guid(fd5c08371cb73c94f8d4bf2e57270074) Importer(2089858483,192608db42251d675da83286b1cce702)
Start importing Assets/Fries and Seagull/City 03/Prefabs/Fence/Stone Fence 1 Body.prefab using Guid(fd5c08371cb73c94f8d4bf2e57270074) Importer(2089858483,192608db42251d675da83286b1cce702) (ScriptedImporter) -> (artifact id: 'fdc783b7178ad99eef652e0eee4962b3') in 0.0347514 seconds
Number of updated asset objects reloaded before import = 0Number of asset objects unloaded after import = 19

========================================================================
Received Import Request.
  Time since last request: 0.000017 seconds.
  path: Assets/Fries and Seagull/City 03/Scene Props/Scripts/LightSourceObject.cs
  artifactKey: Guid(6586ae77d582401e87d393effa4e0955) Importer(2089858483,192608db42251d675da83286b1cce702)
Start importing Assets/Fries and Seagull/City 03/Scene Props/Scripts/LightSourceObject.cs using Guid(6586ae77d582401e87d393effa4e0955) Importer(2089858483,192608db42251d675da83286b1cce702) (ScriptedImporter) -> (artifact id: '822a2395e587d8a4e11b6b224745f2d9') in 0.0324455 seconds
Number of updated asset objects reloaded before import = 0Number of asset objects unloaded after import = 0

========================================================================
Received Import Request.
  Time since last request: 0.000017 seconds.
  path: Assets/Fries and Seagull/City 03/Prefabs/Manhole/Manhole Covers 3.prefab
  artifactKey: Guid(2fa08bae10e1ec54e91ab3e904e5f399) Importer(2089858483,192608db42251d675da83286b1cce702)
Start importing Assets/Fries and Seagull/City 03/Prefabs/Manhole/Manhole Covers 3.prefab using Guid(2fa08bae10e1ec54e91ab3e904e5f399) Importer(2089858483,192608db42251d675da83286b1cce702) (ScriptedImporter) -> (artifact id: '5e565702127ed7a3fbe74c8eff78db54') in 0.0352971 seconds
Number of updated asset objects reloaded before import = 0Number of asset objects unloaded after import = 17

========================================================================
Received Import Request.
  Time since last request: 0.000025 seconds.
  path: Assets/Fries and Seagull/City 03/Prefabs/Road Unit/Road 7.prefab
  artifactKey: Guid(b4401e9caa24f7f40b9d59be12273475) Importer(2089858483,192608db42251d675da83286b1cce702)
Start importing Assets/Fries and Seagull/City 03/Prefabs/Road Unit/Road 7.prefab using Guid(b4401e9caa24f7f40b9d59be12273475) Importer(2089858483,192608db42251d675da83286b1cce702) (ScriptedImporter) -> (artifact id: 'ee45c07280fb6a59433c8d9391d05881') in 0.0369287 seconds
Number of updated asset objects reloaded before import = 0Number of asset objects unloaded after import = 21

========================================================================
Received Import Request.
  Time since last request: 0.000031 seconds.
  path: Assets/Fries and Seagull/City 03/Fence Arranger.prefab
  artifactKey: Guid(99c606d98b68cc141ac4b6eb2cb07921) Importer(2089858483,192608db42251d675da83286b1cce702)
Start importing Assets/Fries and Seagull/City 03/Fence Arranger.prefab using Guid(99c606d98b68cc141ac4b6eb2cb07921) Importer(2089858483,192608db42251d675da83286b1cce702) (ScriptedImporter) -> (artifact id: '34eb5ff7027b552f7c68b3c3bcf307e7') in 0.0448227 seconds
Number of updated asset objects reloaded before import = 0Number of asset objects unloaded after import = 5

========================================================================
Received Import Request.
  Time since last request: 0.000029 seconds.
  path: Assets/Fries and Seagull/City 03/Prefabs/Public Utility/Iron Ladder.prefab
  artifactKey: Guid(8e750b1c744af774a9bafc00858762b8) Importer(2089858483,192608db42251d675da83286b1cce702)
Start importing Assets/Fries and Seagull/City 03/Prefabs/Public Utility/Iron Ladder.prefab using Guid(8e750b1c744af774a9bafc00858762b8) Importer(2089858483,192608db42251d675da83286b1cce702) (ScriptedImporter) -> (artifact id: 'aa7f962858e5b86e275c7a2f6f45afa0') in 0.0358171 seconds
Number of updated asset objects reloaded before import = 0Number of asset objects unloaded after import = 20

========================================================================
Received Import Request.
  Time since last request: 0.000018 seconds.
  path: Assets/Fries and Seagull/City 03/Models/Wooden Bench 2.fbx
  artifactKey: Guid(03172b30b7f0efb44bdaed97ca3782b2) Importer(2089858483,192608db42251d675da83286b1cce702)
Start importing Assets/Fries and Seagull/City 03/Models/Wooden Bench 2.fbx using Guid(03172b30b7f0efb44bdaed97ca3782b2) Importer(2089858483,192608db42251d675da83286b1cce702) (ScriptedImporter) -> (artifact id: '24fadc9c5fde4e52229dbd71258d5d86') in 0.0465163 seconds
Number of updated asset objects reloaded before import = 0Number of asset objects unloaded after import = 9

========================================================================
Received Import Request.
  Time since last request: 0.000024 seconds.
  path: Assets/Fries and Seagull/City 03/Prefabs/Vehicles/Red Car.prefab
  artifactKey: Guid(abd1fda3d06e8d04f89816d9b58dc9e6) Importer(2089858483,192608db42251d675da83286b1cce702)
Start importing Assets/Fries and Seagull/City 03/Prefabs/Vehicles/Red Car.prefab using Guid(abd1fda3d06e8d04f89816d9b58dc9e6) Importer(2089858483,192608db42251d675da83286b1cce702) (ScriptedImporter) -> (artifact id: '2772c03c0846d63a871ea453dcbe2d13') in 0.0406686 seconds
Number of updated asset objects reloaded before import = 0Number of asset objects unloaded after import = 28

========================================================================
Received Import Request.
  Time since last request: 0.000025 seconds.
  path: Assets/Fries and Seagull/City 03/Models/Barricade 4.fbx
  artifactKey: Guid(3fdccd7edd8b7974c8dd79d3c804e502) Importer(2089858483,192608db42251d675da83286b1cce702)
Start importing Assets/Fries and Seagull/City 03/Models/Barricade 4.fbx using Guid(3fdccd7edd8b7974c8dd79d3c804e502) Importer(2089858483,192608db42251d675da83286b1cce702) (ScriptedImporter) -> (artifact id: 'd220210cbdbd7ffce007108e376854fd') in 0.0475364 seconds
Number of updated asset objects reloaded before import = 0Number of asset objects unloaded after import = 17

========================================================================
Received Import Request.
  Time since last request: 0.000019 seconds.
  path: Assets/Fries and Seagull/City 03/Models/Road Barrier 1.fbx
  artifactKey: Guid(9fe53f58c6ad0694594525e67dfd596f) Importer(2089858483,192608db42251d675da83286b1cce702)
Start importing Assets/Fries and Seagull/City 03/Models/Road Barrier 1.fbx using Guid(9fe53f58c6ad0694594525e67dfd596f) Importer(2089858483,192608db42251d675da83286b1cce702) (ScriptedImporter) -> (artifact id: '41579eaa75d0f1d08e701c80c2beabc2') in 0.0408673 seconds
Number of updated asset objects reloaded before import = 0Number of asset objects unloaded after import = 8

========================================================================
Received Import Request.
  Time since last request: 0.000018 seconds.
  path: Assets/Fries and Seagull/City 03/Models/Manhole Covers 3.fbx
  artifactKey: Guid(3a97c03372ae16f40be8b417ba56e91d) Importer(2089858483,192608db42251d675da83286b1cce702)
Start importing Assets/Fries and Seagull/City 03/Models/Manhole Covers 3.fbx using Guid(3a97c03372ae16f40be8b417ba56e91d) Importer(2089858483,192608db42251d675da83286b1cce702) (ScriptedImporter) -> (artifact id: 'e622bf595e0c18de6b6ebacc31e1924a') in 0.0403789 seconds
Number of updated asset objects reloaded before import = 0Number of asset objects unloaded after import = 9

========================================================================
Received Import Request.
  Time since last request: 0.000019 seconds.
  path: Assets/Fries and Seagull/City 03/Scene Props/Scripts/FencePlacement.cs
  artifactKey: Guid(c6c2baeb13f14477ad663f5611af14fd) Importer(2089858483,192608db42251d675da83286b1cce702)
Start importing Assets/Fries and Seagull/City 03/Scene Props/Scripts/FencePlacement.cs using Guid(c6c2baeb13f14477ad663f5611af14fd) Importer(2089858483,192608db42251d675da83286b1cce702) (ScriptedImporter) -> (artifact id: 'c1baa254747f681942f2cbb358126d1a') in 0.02951 seconds
Number of updated asset objects reloaded before import = 0Number of asset objects unloaded after import = 0

========================================================================
Received Import Request.
  Time since last request: 0.000028 seconds.
  path: Assets/Fries and Seagull/City 03/Models/Road 3.fbx
  artifactKey: Guid(ec4d1893a22adaa43a2c6d12e9f1d291) Importer(2089858483,192608db42251d675da83286b1cce702)
Start importing Assets/Fries and Seagull/City 03/Models/Road 3.fbx using Guid(ec4d1893a22adaa43a2c6d12e9f1d291) Importer(2089858483,192608db42251d675da83286b1cce702) (ScriptedImporter) -> (artifact id: 'ef877f1bbbc8f7d070477c339931e34d') in 0.0377777 seconds
Number of updated asset objects reloaded before import = 0Number of asset objects unloaded after import = 13

========================================================================
Received Import Request.
  Time since last request: 0.000021 seconds.
  path: Assets/Fries and Seagull/City 03/Models/Dumpster 2.fbx
  artifactKey: Guid(4f992e79413a7c5408c336d9451258dc) Importer(2089858483,192608db42251d675da83286b1cce702)
Start importing Assets/Fries and Seagull/City 03/Models/Dumpster 2.fbx using Guid(4f992e79413a7c5408c336d9451258dc) Importer(2089858483,192608db42251d675da83286b1cce702) (ScriptedImporter) -> (artifact id: 'b78e84f62289a7eeb776fcad37997589') in 0.0480695 seconds
Number of updated asset objects reloaded before import = 0Number of asset objects unloaded after import = 15

========================================================================
Received Import Request.
  Time since last request: 0.000021 seconds.
  path: Assets/Fries and Seagull/City 03/Prefabs/Light Sources/Traffic Light 1.prefab
  artifactKey: Guid(25eb5f01f4d9a0147b4bb3d9a6a749ae) Importer(2089858483,192608db42251d675da83286b1cce702)
Start importing Assets/Fries and Seagull/City 03/Prefabs/Light Sources/Traffic Light 1.prefab using Guid(25eb5f01f4d9a0147b4bb3d9a6a749ae) Importer(2089858483,192608db42251d675da83286b1cce702) (ScriptedImporter) -> (artifact id: '78169e42f209e7ce7166d012401f786b') in 0.0930467 seconds
Number of updated asset objects reloaded before import = 0Number of asset objects unloaded after import = 53

========================================================================
Received Import Request.
  Time since last request: 0.000023 seconds.
  path: Assets/Fries and Seagull/City 03/Prefabs/Fence/Guardrail.prefab
  artifactKey: Guid(4d4be304e5a58a84e9aa1b09465a78cc) Importer(2089858483,192608db42251d675da83286b1cce702)
Start importing Assets/Fries and Seagull/City 03/Prefabs/Fence/Guardrail.prefab using Guid(4d4be304e5a58a84e9aa1b09465a78cc) Importer(2089858483,192608db42251d675da83286b1cce702) (ScriptedImporter) -> (artifact id: 'a1e55faba60dd05ba4211936dc5303e1') in 0.0370463 seconds
Number of updated asset objects reloaded before import = 0Number of asset objects unloaded after import = 17

========================================================================
Received Import Request.
  Time since last request: 0.000026 seconds.
  path: Assets/Fries and Seagull/City 03/Materials/Cloud.mat
  artifactKey: Guid(6045e8e7f0ba7aa4781c220b037f5db9) Importer(2089858483,192608db42251d675da83286b1cce702)
Start importing Assets/Fries and Seagull/City 03/Materials/Cloud.mat using Guid(6045e8e7f0ba7aa4781c220b037f5db9) Importer(2089858483,192608db42251d675da83286b1cce702) (ScriptedImporter) -> (artifact id: 'e3c2f85ec63b4dfe9e8a8521c6c74efc') in 0.0326232 seconds
Number of updated asset objects reloaded before import = 0Number of asset objects unloaded after import = 1

========================================================================
Received Import Request.
  Time since last request: 0.000018 seconds.
  path: Assets/NavMeshController.cs
  artifactKey: Guid(df982f4ca3547554eb1d13bf7d5d9767) Importer(2089858483,192608db42251d675da83286b1cce702)
Start importing Assets/NavMeshController.cs using Guid(df982f4ca3547554eb1d13bf7d5d9767) Importer(2089858483,192608db42251d675da83286b1cce702) (ScriptedImporter) -> (artifact id: '78d6c0f53bea42d8f488d0f92353259b') in 0.0206124 seconds
Number of updated asset objects reloaded before import = 0Number of asset objects unloaded after import = 0

========================================================================
Received Import Request.
  Time since last request: 0.000019 seconds.
  path: Assets/Fries and Seagull/City 03/Models/Roadside Billboard 2.fbx
  artifactKey: Guid(dbccd5a51f2bd854396dcc47e92ba60f) Importer(2089858483,192608db42251d675da83286b1cce702)
Start importing Assets/Fries and Seagull/City 03/Models/Roadside Billboard 2.fbx using Guid(dbccd5a51f2bd854396dcc47e92ba60f) Importer(2089858483,192608db42251d675da83286b1cce702) (ScriptedImporter) -> (artifact id: 'a8b2ef724872faaec154748d16724aa2') in 0.0385581 seconds
Number of updated asset objects reloaded before import = 0Number of asset objects unloaded after import = 10

========================================================================
Received Import Request.
  Time since last request: 0.000024 seconds.
  path: Assets/Fries and Seagull/City 03/Prefabs/Vehicles/Orange Truck.prefab
  artifactKey: Guid(d74f5250ac649db40915fbdfcdd152c6) Importer(2089858483,192608db42251d675da83286b1cce702)
Start importing Assets/Fries and Seagull/City 03/Prefabs/Vehicles/Orange Truck.prefab using Guid(d74f5250ac649db40915fbdfcdd152c6) Importer(2089858483,192608db42251d675da83286b1cce702) (ScriptedImporter) -> (artifact id: 'ced2a54244ff3c9d9ace67cc9f0fc2aa') in 0.0354072 seconds
Number of updated asset objects reloaded before import = 0Number of asset objects unloaded after import = 29

========================================================================
Received Import Request.
  Time since last request: 0.000029 seconds.
  path: Assets/Fries and Seagull/City 03/Prefabs/Road Signs/Signage 4.prefab
  artifactKey: Guid(ed5f4419811cb5e4a974a40aac85ebe3) Importer(2089858483,192608db42251d675da83286b1cce702)
Start importing Assets/Fries and Seagull/City 03/Prefabs/Road Signs/Signage 4.prefab using Guid(ed5f4419811cb5e4a974a40aac85ebe3) Importer(2089858483,192608db42251d675da83286b1cce702) (ScriptedImporter) -> (artifact id: '2b64a4d5091421aea0562d5fe73ca888') in 0.0398031 seconds
Number of updated asset objects reloaded before import = 0Number of asset objects unloaded after import = 20

========================================================================
Received Import Request.
  Time since last request: 0.000018 seconds.
  path: Assets/Fries and Seagull/City 03/Models/Traffic Light 1.fbx
  artifactKey: Guid(0fe5349a382749243b6e30ddf641447a) Importer(2089858483,192608db42251d675da83286b1cce702)
Start importing Assets/Fries and Seagull/City 03/Models/Traffic Light 1.fbx using Guid(0fe5349a382749243b6e30ddf641447a) Importer(2089858483,192608db42251d675da83286b1cce702) (ScriptedImporter) -> (artifact id: '708b32042d369d3b14c36370abd7f35c') in 0.0464613 seconds
Number of updated asset objects reloaded before import = 0Number of asset objects unloaded after import = 28

========================================================================
Received Import Request.
  Time since last request: 0.000019 seconds.
  path: Assets/Fries and Seagull/City 03/Scene Props/Lighting Sample (URP-HighFidelity-Renderer).asset
  artifactKey: Guid(1af5d07a6ed422b4abb5e7c898e598b8) Importer(2089858483,192608db42251d675da83286b1cce702)
Start importing Assets/Fries and Seagull/City 03/Scene Props/Lighting Sample (URP-HighFidelity-Renderer).asset using Guid(1af5d07a6ed422b4abb5e7c898e598b8) Importer(2089858483,192608db42251d675da83286b1cce702) (ScriptedImporter) -> (artifact id: 'a217b0ca11e7423fc236be720a6089e7') in 0.0627241 seconds
Number of updated asset objects reloaded before import = 0Number of asset objects unloaded after import = 2

========================================================================
Received Import Request.
  Time since last request: 0.000032 seconds.
  path: Assets/FINAL'/finalPractical.unity
  artifactKey: Guid(cbb473aead5ff6a418193de2c1d39300) Importer(2089858483,192608db42251d675da83286b1cce702)
Start importing Assets/FINAL'/finalPractical.unity using Guid(cbb473aead5ff6a418193de2c1d39300) Importer(2089858483,192608db42251d675da83286b1cce702) (ScriptedImporter) -> (artifact id: 'e6db50d84fd2d39d6292499c5dbe9506') in 0.0348513 seconds
Number of updated asset objects reloaded before import = 0Number of asset objects unloaded after import = 1

========================================================================
Received Import Request.
  Time since last request: 0.000027 seconds.
  path: Assets/Fries and Seagull/City 03/Pipelines
  artifactKey: Guid(684c4d80df87b1841a406e2010f7ad1e) Importer(2089858483,192608db42251d675da83286b1cce702)
Start importing Assets/Fries and Seagull/City 03/Pipelines using Guid(684c4d80df87b1841a406e2010f7ad1e) Importer(2089858483,192608db42251d675da83286b1cce702) (ScriptedImporter) -> (artifact id: 'c15ebd8dd98de4c9479ac9bbecee0090') in 0.0225124 seconds
Number of updated asset objects reloaded before import = 0Number of asset objects unloaded after import = 1

========================================================================
Received Import Request.
  Time since last request: 0.000020 seconds.
  path: Assets/Fries and Seagull/City 03/Sample Scene
  artifactKey: Guid(83de1126f8fddaf48abc9b6306699bb8) Importer(2089858483,192608db42251d675da83286b1cce702)
Start importing Assets/Fries and Seagull/City 03/Sample Scene using Guid(83de1126f8fddaf48abc9b6306699bb8) Importer(2089858483,192608db42251d675da83286b1cce702) (ScriptedImporter) -> (artifact id: '0325113c17622ebd016bdc3ef0e879f6') in 0.0256613 seconds
Number of updated asset objects reloaded before import = 0Number of asset objects unloaded after import = 1

========================================================================
Received Import Request.
  Time since last request: 0.000021 seconds.
  path: Assets/Fries and Seagull/City 03/Prefabs/Ground Mark/Ground Markings 6.prefab
  artifactKey: Guid(105b63c7b8539c84f985caeb7bc4bf65) Importer(2089858483,192608db42251d675da83286b1cce702)
Start importing Assets/Fries and Seagull/City 03/Prefabs/Ground Mark/Ground Markings 6.prefab using Guid(105b63c7b8539c84f985caeb7bc4bf65) Importer(2089858483,192608db42251d675da83286b1cce702) (ScriptedImporter) -> (artifact id: 'a2f5e9de33b1d97fe618a855f8ca0a29') in 0.0271927 seconds
Number of updated asset objects reloaded before import = 0Number of asset objects unloaded after import = 13

========================================================================
Received Import Request.
  Time since last request: 0.000021 seconds.
  path: Assets/Fries and Seagull/City 03/Models/Portable Ladder.fbx
  artifactKey: Guid(b6e5a6a30e36b12489811fc8f88cd702) Importer(2089858483,192608db42251d675da83286b1cce702)
Start importing Assets/Fries and Seagull/City 03/Models/Portable Ladder.fbx using Guid(b6e5a6a30e36b12489811fc8f88cd702) Importer(2089858483,192608db42251d675da83286b1cce702) (ScriptedImporter) -> (artifact id: '7677175e2e51e21e5cbe23f6fbcc14ca') in 0.0452748 seconds
Number of updated asset objects reloaded before import = 0Number of asset objects unloaded after import = 9

========================================================================
Received Import Request.
  Time since last request: 0.000050 seconds.
  path: Assets/Fries and Seagull/City 03/Prefabs/Building/Building 4.prefab
  artifactKey: Guid(bcc7d3ec7cdb0344599766c0a3bcfff3) Importer(2089858483,192608db42251d675da83286b1cce702)
Start importing Assets/Fries and Seagull/City 03/Prefabs/Building/Building 4.prefab using Guid(bcc7d3ec7cdb0344599766c0a3bcfff3) Importer(2089858483,192608db42251d675da83286b1cce702) (ScriptedImporter) -> (artifact id: 'c81606fd26b0bf94dcd1f765ee86551e') in 0.0521977 seconds
Number of updated asset objects reloaded before import = 0Number of asset objects unloaded after import = 36

========================================================================
Received Import Request.
  Time since last request: 0.000019 seconds.
  path: Assets/Fries and Seagull/City 03/Models/Sunshade 2.fbx
  artifactKey: Guid(c90183d9c79865b4e912cec60eea58e8) Importer(2089858483,192608db42251d675da83286b1cce702)
Start importing Assets/Fries and Seagull/City 03/Models/Sunshade 2.fbx using Guid(c90183d9c79865b4e912cec60eea58e8) Importer(2089858483,192608db42251d675da83286b1cce702) (ScriptedImporter) -> (artifact id: '0eefc3b02318d6669166b10d84103edd') in 0.0334449 seconds
Number of updated asset objects reloaded before import = 0Number of asset objects unloaded after import = 10

========================================================================
Received Import Request.
  Time since last request: 0.000026 seconds.
  path: Assets/Fries and Seagull/City 03/Pipelines/Built-in Pipeline.unitypackage
  artifactKey: Guid(8a833aef6a6a38546a60320fc5f4714d) Importer(2089858483,192608db42251d675da83286b1cce702)
Start importing Assets/Fries and Seagull/City 03/Pipelines/Built-in Pipeline.unitypackage using Guid(8a833aef6a6a38546a60320fc5f4714d) Importer(2089858483,192608db42251d675da83286b1cce702) (ScriptedImporter) -> (artifact id: '85c1de022db884a89d529220d4ab2af8') in 0.0227686 seconds
Number of updated asset objects reloaded before import = 0Number of asset objects unloaded after import = 1

========================================================================
Received Import Request.
  Time since last request: 0.000024 seconds.
  path: Assets/Fries and Seagull/City 03/Models/Signage 4.fbx
  artifactKey: Guid(e8e27b004efc4394aa60fb371764f54c) Importer(2089858483,192608db42251d675da83286b1cce702)
Start importing Assets/Fries and Seagull/City 03/Models/Signage 4.fbx using Guid(e8e27b004efc4394aa60fb371764f54c) Importer(2089858483,192608db42251d675da83286b1cce702) (ScriptedImporter) -> (artifact id: '5feb7453a0942717c0d6e61d4ae831d2') in 0.0621756 seconds
Number of updated asset objects reloaded before import = 0Number of asset objects unloaded after import = 11

========================================================================
Received Import Request.
  Time since last request: 0.000031 seconds.
  path: Assets/Fries and Seagull/City 03/Prefabs/Road Signs/Signage 6.prefab
  artifactKey: Guid(a4096e55654c2c34db8278fc062738a8) Importer(2089858483,192608db42251d675da83286b1cce702)
Start importing Assets/Fries and Seagull/City 03/Prefabs/Road Signs/Signage 6.prefab using Guid(a4096e55654c2c34db8278fc062738a8) Importer(2089858483,192608db42251d675da83286b1cce702) (ScriptedImporter) -> (artifact id: '2dee501dfe26e798a782303b1e624cbe') in 0.0401108 seconds
Number of updated asset objects reloaded before import = 0Number of asset objects unloaded after import = 20

========================================================================
Received Import Request.
  Time since last request: 0.000016 seconds.
  path: Assets/Fries and Seagull/City 03/EN City 03 Documentation.pdf
  artifactKey: Guid(ea352186fdb29b44894a0dc2e8f0817f) Importer(2089858483,192608db42251d675da83286b1cce702)
Start importing Assets/Fries and Seagull/City 03/EN City 03 Documentation.pdf using Guid(ea352186fdb29b44894a0dc2e8f0817f) Importer(2089858483,192608db42251d675da83286b1cce702) (ScriptedImporter) -> (artifact id: 'ddc22407506e79084b691e171728fb8f') in 0.0250902 seconds
Number of updated asset objects reloaded before import = 0Number of asset objects unloaded after import = 1

========================================================================
Received Import Request.
  Time since last request: 0.000018 seconds.
  path: Assets/Fries and Seagull/City 03/Models/Street Lamp 1.fbx
  artifactKey: Guid(902225e1ed47d664496da4ed2bafcefd) Importer(2089858483,192608db42251d675da83286b1cce702)
Start importing Assets/Fries and Seagull/City 03/Models/Street Lamp 1.fbx using Guid(902225e1ed47d664496da4ed2bafcefd) Importer(2089858483,192608db42251d675da83286b1cce702) (ScriptedImporter) -> (artifact id: 'a3c19496a45a8c6749ce80834609be33') in 0.0431104 seconds
Number of updated asset objects reloaded before import = 0Number of asset objects unloaded after import = 15

========================================================================
Received Import Request.
  Time since last request: 0.000018 seconds.
  path: Assets/Fries and Seagull/City 03/Models/Trash Can 4.fbx
  artifactKey: Guid(b57a58e241c9a304ea40d723283c28fc) Importer(2089858483,192608db42251d675da83286b1cce702)
Start importing Assets/Fries and Seagull/City 03/Models/Trash Can 4.fbx using Guid(b57a58e241c9a304ea40d723283c28fc) Importer(2089858483,192608db42251d675da83286b1cce702) (ScriptedImporter) -> (artifact id: 'f25d32271f06f3735222cefc2f4f5ec5') in 0.0389659 seconds
Number of updated asset objects reloaded before import = 0Number of asset objects unloaded after import = 9

========================================================================
Received Import Request.
  Time since last request: 0.000070 seconds.
  path: Assets/Fries and Seagull/City 03/Scene Props/Scripts/Setup/SetupScriptBRP.cs
  artifactKey: Guid(6b143332824848078bb7af15b83da5e6) Importer(2089858483,192608db42251d675da83286b1cce702)
Start importing Assets/Fries and Seagull/City 03/Scene Props/Scripts/Setup/SetupScriptBRP.cs using Guid(6b143332824848078bb7af15b83da5e6) Importer(2089858483,192608db42251d675da83286b1cce702) (ScriptedImporter) -> (artifact id: '646392d1a29b33aabb6eb9b83e5f7e3d') in 0.0346734 seconds
Number of updated asset objects reloaded before import = 0Number of asset objects unloaded after import = 0

========================================================================
Received Import Request.
  Time since last request: 0.000022 seconds.
  path: Assets/Fries and Seagull/City 03/Models/Taxi.fbx
  artifactKey: Guid(d7b460c6685037e4e8924c22bb44e4ff) Importer(2089858483,192608db42251d675da83286b1cce702)
Start importing Assets/Fries and Seagull/City 03/Models/Taxi.fbx using Guid(d7b460c6685037e4e8924c22bb44e4ff) Importer(2089858483,192608db42251d675da83286b1cce702) (ScriptedImporter) -> (artifact id: 'cbbc5154850613c8ffc0f9032c4a542f') in 0.050966 seconds
Number of updated asset objects reloaded before import = 0Number of asset objects unloaded after import = 20

========================================================================
Received Import Request.
  Time since last request: 0.000015 seconds.
  path: Assets/Fries and Seagull/City 03/Prefabs/Road Unit/Road 6.prefab
  artifactKey: Guid(fca8fe8bcb49ce446932029d7740b4ae) Importer(2089858483,192608db42251d675da83286b1cce702)
Start importing Assets/Fries and Seagull/City 03/Prefabs/Road Unit/Road 6.prefab using Guid(fca8fe8bcb49ce446932029d7740b4ae) Importer(2089858483,192608db42251d675da83286b1cce702) (ScriptedImporter) -> (artifact id: '6a9d898804ed393aafc8fd183e6dc8ed') in 0.0281508 seconds
Number of updated asset objects reloaded before import = 0Number of asset objects unloaded after import = 16

========================================================================
Received Import Request.
  Time since last request: 0.000020 seconds.
  path: Assets/Fries and Seagull/City 03/Models/Barricade 1.fbx
  artifactKey: Guid(acfb1e5538b4fa24aa01ddfbe80a5406) Importer(2089858483,192608db42251d675da83286b1cce702)
Start importing Assets/Fries and Seagull/City 03/Models/Barricade 1.fbx using Guid(acfb1e5538b4fa24aa01ddfbe80a5406) Importer(2089858483,192608db42251d675da83286b1cce702) (ScriptedImporter) -> (artifact id: 'ceb2d08868e6f8167354b678c9038825') in 0.0444958 seconds
Number of updated asset objects reloaded before import = 0Number of asset objects unloaded after import = 12

========================================================================
Received Import Request.
  Time since last request: 0.000026 seconds.
  path: Assets/Fries and Seagull/City 03/Scene Props/Scripts/Setup/SetupScriptURP.cs
  artifactKey: Guid(6ee23bc1f4d9436abdbd7c688eaf5da5) Importer(2089858483,192608db42251d675da83286b1cce702)
Start importing Assets/Fries and Seagull/City 03/Scene Props/Scripts/Setup/SetupScriptURP.cs using Guid(6ee23bc1f4d9436abdbd7c688eaf5da5) Importer(2089858483,192608db42251d675da83286b1cce702) (ScriptedImporter) -> (artifact id: '355d151845f1458ddc002c7255a87e8b') in 0.0272503 seconds
Number of updated asset objects reloaded before import = 0Number of asset objects unloaded after import = 0

========================================================================
Received Import Request.
  Time since last request: 1.781622 seconds.
  path: Assets/FINAL'/finalPractical
  artifactKey: Guid(7eb5ddbb53d662c4aa0542d019b71bc4) Importer(815301076,1909f56bfc062723c751e8b465ee728b)
Start importing Assets/FINAL'/finalPractical using Guid(7eb5ddbb53d662c4aa0542d019b71bc4) Importer(815301076,1909f56bfc062723c751e8b465ee728b) (PreviewImporter) -> (artifact id: '8cc84e0ed5a391543bef769c53e6f743') in 0.0014312 seconds
Number of updated asset objects reloaded before import = 0Number of asset objects unloaded after import = 0

========================================================================
Received Import Request.
  Time since last request: 0.517779 seconds.
  path: Assets/FINAL'/finalPractical/NavMesh-map.asset
  artifactKey: Guid(6dd8985157534884a9081c05a4d0868b) Importer(815301076,1909f56bfc062723c751e8b465ee728b)
Start importing Assets/FINAL'/finalPractical/NavMesh-map.asset using Guid(6dd8985157534884a9081c05a4d0868b) Importer(815301076,1909f56bfc062723c751e8b465ee728b) (PreviewImporter) -> (artifact id: '7808dca650a116e5a3cfdfeea7c5834e') in 0.0292954 seconds
Number of updated asset objects reloaded before import = 0Number of asset objects unloaded after import = 1

========================================================================
Received Import Request.
  Time since last request: 16.936190 seconds.
  path: Assets/Fries and Seagull/City 03
  artifactKey: Guid(2ae83d17aaa56584fa5b9c87bd9e1295) Importer(815301076,1909f56bfc062723c751e8b465ee728b)
Start importing Assets/Fries and Seagull/City 03 using Guid(2ae83d17aaa56584fa5b9c87bd9e1295) Importer(815301076,1909f56bfc062723c751e8b465ee728b) (PreviewImporter) -> (artifact id: '39afa34957088b29f72bbdec37660294') in 0.0023092 seconds
Number of updated asset objects reloaded before import = 0Number of asset objects unloaded after import = 0

========================================================================
Received Import Request.
  Time since last request: 0.009735 seconds.
  path: Assets/Fries and Seagull/City 03/Array Arranger.prefab
  artifactKey: Guid(0b5ff34b0f47d3147b70aaaa0acf284f) Importer(815301076,1909f56bfc062723c751e8b465ee728b)
Start importing Assets/Fries and Seagull/City 03/Array Arranger.prefab using Guid(0b5ff34b0f47d3147b70aaaa0acf284f) Importer(815301076,1909f56bfc062723c751e8b465ee728b) (PreviewImporter) -> (artifact id: '5a4981941cb2c93eaf440e95d75d3970') in 0.0252805 seconds
Number of updated asset objects reloaded before import = 0Number of asset objects unloaded after import = 5

========================================================================
Received Import Request.
  Time since last request: 7.421753 seconds.
  path: Assets/Lab3/scripts
  artifactKey: Guid(1cc795213c4e8b04298de64f6719978e) Importer(815301076,1909f56bfc062723c751e8b465ee728b)
Start importing Assets/Lab3/scripts using Guid(1cc795213c4e8b04298de64f6719978e) Importer(815301076,1909f56bfc062723c751e8b465ee728b) (PreviewImporter) -> (artifact id: '6f365a77888540ca8fa8609d77a8a2db') in 0.0012214 seconds
Number of updated asset objects reloaded before import = 0Number of asset objects unloaded after import = 0

========================================================================
Received Import Request.
  Time since last request: 36.320219 seconds.
  path: Assets/LinkMover.cs
  artifactKey: Guid(8b39a96551389ca49bc751022e39dc14) Importer(815301076,1909f56bfc062723c751e8b465ee728b)
Start importing Assets/LinkMover.cs using Guid(8b39a96551389ca49bc751022e39dc14) Importer(815301076,1909f56bfc062723c751e8b465ee728b) (PreviewImporter) -> (artifact id: 'c6c39526bd7d0ed2fa78ccd3dd1b94ab') in 0.0013417 seconds
Number of updated asset objects reloaded before import = 0Number of asset objects unloaded after import = 0

========================================================================
Received Import Request.
  Time since last request: 9.227761 seconds.
  path: Assets/NavMeshController.cs
  artifactKey: Guid(df982f4ca3547554eb1d13bf7d5d9767) Importer(815301076,1909f56bfc062723c751e8b465ee728b)
Start importing Assets/NavMeshController.cs using Guid(df982f4ca3547554eb1d13bf7d5d9767) Importer(815301076,1909f56bfc062723c751e8b465ee728b) (PreviewImporter) -> (artifact id: '9e66d699a591bdf0b3b476b4b8a78860') in 0.0009722 seconds
Number of updated asset objects reloaded before import = 0Number of asset objects unloaded after import = 0

========================================================================
Received Import Request.
  Time since last request: 7.155771 seconds.
  path: Assets/RayCaster.cs
  artifactKey: Guid(f574efb447806844486f5993edf80fb5) Importer(815301076,1909f56bfc062723c751e8b465ee728b)
Start importing Assets/RayCaster.cs using Guid(f574efb447806844486f5993edf80fb5) Importer(815301076,1909f56bfc062723c751e8b465ee728b) (PreviewImporter) -> (artifact id: 'd47573d97eb0abd93ee4a09905cb2157') in 0.0030144 seconds
Number of updated asset objects reloaded before import = 0Number of asset objects unloaded after import = 0

========================================================================
Received Import Request.
  Time since last request: 25.812699 seconds.
  path: Assets/LowPolyRPGWeapons_Lite/Prefabs/Arrow_01.prefab
  artifactKey: Guid(45804eb2722b83845adbcf2d72da12dd) Importer(815301076,1909f56bfc062723c751e8b465ee728b)
Start importing Assets/LowPolyRPGWeapons_Lite/Prefabs/Arrow_01.prefab using Guid(45804eb2722b83845adbcf2d72da12dd) Importer(815301076,1909f56bfc062723c751e8b465ee728b) (PreviewImporter) -> (artifact id: 'e47c15e837211db0a2ccb5f4b130255a') in 0.7425831 seconds
Number of updated asset objects reloaded before import = 0Number of asset objects unloaded after import = 10

========================================================================
Received Import Request.
  Time since last request: 0.000033 seconds.
  path: Assets/Fries and Seagull/City 03/Prefabs/Building/Building 3.prefab
  artifactKey: Guid(5530de6633c8d5a4f833b3ae3f5d7984) Importer(815301076,1909f56bfc062723c751e8b465ee728b)
Start importing Assets/Fries and Seagull/City 03/Prefabs/Building/Building 3.prefab using Guid(5530de6633c8d5a4f833b3ae3f5d7984) Importer(815301076,1909f56bfc062723c751e8b465ee728b) (PreviewImporter) -> (artifact id: 'ae7e934e1e67379b7b824e86bdf55269') in 0.1351293 seconds
Number of updated asset objects reloaded before import = 0Number of asset objects unloaded after import = 56

========================================================================
Received Import Request.
  Time since last request: 0.000032 seconds.
  path: Assets/Fries and Seagull/City 03/Prefabs/Building/Building 1.prefab
  artifactKey: Guid(e9f16cdca1cc7304799bebab3cae365e) Importer(815301076,1909f56bfc062723c751e8b465ee728b)
Start importing Assets/Fries and Seagull/City 03/Prefabs/Building/Building 1.prefab using Guid(e9f16cdca1cc7304799bebab3cae365e) Importer(815301076,1909f56bfc062723c751e8b465ee728b) (PreviewImporter) -> (artifact id: '3f329951023595fd87c8a84f4465e2ed') in 0.054899 seconds
Number of updated asset objects reloaded before import = 0Number of asset objects unloaded after import = 65

========================================================================
Received Import Request.
  Time since last request: 0.000024 seconds.
  path: Assets/Fries and Seagull/City 03/Prefabs/Vehicles/Blue Car.prefab
  artifactKey: Guid(15f26c55b72bb724da45119747d2ad3d) Importer(815301076,1909f56bfc062723c751e8b465ee728b)
Start importing Assets/Fries and Seagull/City 03/Prefabs/Vehicles/Blue Car.prefab using Guid(15f26c55b72bb724da45119747d2ad3d) Importer(815301076,1909f56bfc062723c751e8b465ee728b) (PreviewImporter) -> (artifact id: 'a04fd5cfd7ea22428095ef0c574012bc') in 0.035922 seconds
Number of updated asset objects reloaded before import = 0Number of asset objects unloaded after import = 28

========================================================================
Received Import Request.
  Time since last request: 0.000026 seconds.
  path: Assets/Fries and Seagull/City 03/Models/Clouds.prefab
  artifactKey: Guid(00672ab649754244dab6326bfd069db4) Importer(815301076,1909f56bfc062723c751e8b465ee728b)
Start importing Assets/Fries and Seagull/City 03/Models/Clouds.prefab using Guid(00672ab649754244dab6326bfd069db4) Importer(815301076,1909f56bfc062723c751e8b465ee728b) (PreviewImporter) -> (artifact id: '04b8a8e11d374668fbede714b9587ad3') in 0.0335116 seconds
Number of updated asset objects reloaded before import = 0Number of asset objects unloaded after import = 16

========================================================================
Received Import Request.
  Time since last request: 0.000027 seconds.
  path: Assets/Fries and Seagull/City 03/Prefabs/Trash/Dumpster 1.prefab
  artifactKey: Guid(b57e3303588ecba44b9330b25e31adde) Importer(815301076,1909f56bfc062723c751e8b465ee728b)
Start importing Assets/Fries and Seagull/City 03/Prefabs/Trash/Dumpster 1.prefab using Guid(b57e3303588ecba44b9330b25e31adde) Importer(815301076,1909f56bfc062723c751e8b465ee728b) (PreviewImporter) -> (artifact id: '6ba2efc7c24f2aba5eaad86da551c91f') in 0.0303486 seconds
Number of updated asset objects reloaded before import = 0Number of asset objects unloaded after import = 18

========================================================================
Received Import Request.
  Time since last request: 0.000037 seconds.
  path: Assets/Fries and Seagull/City 03/Prefabs/Public Utility/Fruit Crate.prefab
  artifactKey: Guid(adaf4f3a4c78814479d37818433d8a59) Importer(815301076,1909f56bfc062723c751e8b465ee728b)
Start importing Assets/Fries and Seagull/City 03/Prefabs/Public Utility/Fruit Crate.prefab using Guid(adaf4f3a4c78814479d37818433d8a59) Importer(815301076,1909f56bfc062723c751e8b465ee728b) (PreviewImporter) -> (artifact id: 'e3f2d06238ffa5cdd80ed945300ef7dd') in 0.029297 seconds
Number of updated asset objects reloaded before import = 0Number of asset objects unloaded after import = 17

========================================================================
Received Import Request.
  Time since last request: 0.000023 seconds.
  path: Assets/Fries and Seagull/City 03/Prefabs/Ground Mark/Ground Markings 6.prefab
  artifactKey: Guid(105b63c7b8539c84f985caeb7bc4bf65) Importer(815301076,1909f56bfc062723c751e8b465ee728b)
Start importing Assets/Fries and Seagull/City 03/Prefabs/Ground Mark/Ground Markings 6.prefab using Guid(105b63c7b8539c84f985caeb7bc4bf65) Importer(815301076,1909f56bfc062723c751e8b465ee728b) (PreviewImporter) -> (artifact id: '82548790bbf325d902f49aeaa8c49c72') in 0.0307972 seconds
Number of updated asset objects reloaded before import = 0Number of asset objects unloaded after import = 14

========================================================================
Received Import Request.
  Time since last request: 0.000024 seconds.
  path: Assets/Fries and Seagull/City 03/Prefabs/Ground Mark/Ground Markings 5.prefab
  artifactKey: Guid(f04fd87fb70a3464aba07aaf95cc0899) Importer(815301076,1909f56bfc062723c751e8b465ee728b)
Start importing Assets/Fries and Seagull/City 03/Prefabs/Ground Mark/Ground Markings 5.prefab using Guid(f04fd87fb70a3464aba07aaf95cc0899) Importer(815301076,1909f56bfc062723c751e8b465ee728b) (PreviewImporter) -> (artifact id: '818c2a30ef37d1da6b27f29b78756711') in 0.0297311 seconds
Number of updated asset objects reloaded before import = 0Number of asset objects unloaded after import = 14

========================================================================
Received Import Request.
  Time since last request: 0.000026 seconds.
  path: Assets/Fries and Seagull/City 03/Prefabs/Ground Mark/Ground Markings 3.prefab
  artifactKey: Guid(4d29c640f7836344eb4498c868d0f556) Importer(815301076,1909f56bfc062723c751e8b465ee728b)
Start importing Assets/Fries and Seagull/City 03/Prefabs/Ground Mark/Ground Markings 3.prefab using Guid(4d29c640f7836344eb4498c868d0f556) Importer(815301076,1909f56bfc062723c751e8b465ee728b) (PreviewImporter) -> (artifact id: '63f61df77847c73d862d8e9853c8c1ac') in 0.0330948 seconds
Number of updated asset objects reloaded before import = 0Number of asset objects unloaded after import = 14

========================================================================
Received Import Request.
  Time since last request: 0.000040 seconds.
  path: Assets/Fries and Seagull/City 03/Prefabs/Ground Mark/Ground Markings 2.prefab
  artifactKey: Guid(74e3df9cd09dc084abc764a74d8bacb6) Importer(815301076,1909f56bfc062723c751e8b465ee728b)
Start importing Assets/Fries and Seagull/City 03/Prefabs/Ground Mark/Ground Markings 2.prefab using Guid(74e3df9cd09dc084abc764a74d8bacb6) Importer(815301076,1909f56bfc062723c751e8b465ee728b) (PreviewImporter) -> (artifact id: 'ef4889cea06fe1931ae4aba947670be6') in 0.0315608 seconds
Number of updated asset objects reloaded before import = 0Number of asset objects unloaded after import = 14

========================================================================
Received Import Request.
  Time since last request: 0.000028 seconds.
  path: Assets/Fries and Seagull/City 03/Prefabs/Ground Mark/Ground Markings 7.prefab
  artifactKey: Guid(5bcd3ca7c67d37f4b893f8294a37a6bf) Importer(815301076,1909f56bfc062723c751e8b465ee728b)
Start importing Assets/Fries and Seagull/City 03/Prefabs/Ground Mark/Ground Markings 7.prefab using Guid(5bcd3ca7c67d37f4b893f8294a37a6bf) Importer(815301076,1909f56bfc062723c751e8b465ee728b) (PreviewImporter) -> (artifact id: '70cfd9cf5397a75c0a2d2e44d63f0c9c') in 0.0326371 seconds
Number of updated asset objects reloaded before import = 0Number of asset objects unloaded after import = 14

========================================================================
Received Import Request.
  Time since last request: 0.000043 seconds.
  path: Assets/Fries and Seagull/City 03/Prefabs/Public Utility/Iron Ladder.prefab
  artifactKey: Guid(8e750b1c744af774a9bafc00858762b8) Importer(815301076,1909f56bfc062723c751e8b465ee728b)
Start importing Assets/Fries and Seagull/City 03/Prefabs/Public Utility/Iron Ladder.prefab using Guid(8e750b1c744af774a9bafc00858762b8) Importer(815301076,1909f56bfc062723c751e8b465ee728b) (PreviewImporter) -> (artifact id: 'df36e101ed96cfdd1341a217083bd4a3') in 0.0311473 seconds
Number of updated asset objects reloaded before import = 0Number of asset objects unloaded after import = 21

========================================================================
Received Import Request.
  Time since last request: 0.000035 seconds.
  path: Assets/Fries and Seagull/City 03/Prefabs/Fence/Guardrail.prefab
  artifactKey: Guid(4d4be304e5a58a84e9aa1b09465a78cc) Importer(815301076,1909f56bfc062723c751e8b465ee728b)
Start importing Assets/Fries and Seagull/City 03/Prefabs/Fence/Guardrail.prefab using Guid(4d4be304e5a58a84e9aa1b09465a78cc) Importer(815301076,1909f56bfc062723c751e8b465ee728b) (PreviewImporter) -> (artifact id: '022ab7c0f1bdb979cb833b5bcffd562c') in 0.028281 seconds
Number of updated asset objects reloaded before import = 0Number of asset objects unloaded after import = 18

========================================================================
Received Import Request.
  Time since last request: 0.000091 seconds.
  path: Assets/Fries and Seagull/City 03/Prefabs/Building/Building 8.prefab
  artifactKey: Guid(28d4ecd6bbb8cdc47b5f91f4ef9c5b93) Importer(815301076,1909f56bfc062723c751e8b465ee728b)
Start importing Assets/Fries and Seagull/City 03/Prefabs/Building/Building 8.prefab using Guid(28d4ecd6bbb8cdc47b5f91f4ef9c5b93) Importer(815301076,1909f56bfc062723c751e8b465ee728b) (PreviewImporter) -> (artifact id: '1e3ad0b9630aa913fa8b0519b9fdbcec') in 0.0414019 seconds
Number of updated asset objects reloaded before import = 0Number of asset objects unloaded after import = 43

========================================================================
Received Import Request.
  Time since last request: 0.000029 seconds.
  path: Assets/Fries and Seagull/City 03/Prefabs/Vehicles/Gray Car.prefab
  artifactKey: Guid(db85732ec3820934399d5d7c2d6ec5b8) Importer(815301076,1909f56bfc062723c751e8b465ee728b)
Start importing Assets/Fries and Seagull/City 03/Prefabs/Vehicles/Gray Car.prefab using Guid(db85732ec3820934399d5d7c2d6ec5b8) Importer(815301076,1909f56bfc062723c751e8b465ee728b) (PreviewImporter) -> (artifact id: 'ca83fb77bd4be18d1c8045654e1f4104') in 0.0343811 seconds
Number of updated asset objects reloaded before import = 0Number of asset objects unloaded after import = 29

========================================================================
Received Import Request.
  Time since last request: 0.000030 seconds.
  path: Assets/Fries and Seagull/City 03/Prefabs/Mailbox/Mailbox 2.prefab
  artifactKey: Guid(310dedf062f4f094eb0044ea9b1aed6e) Importer(815301076,1909f56bfc062723c751e8b465ee728b)
Start importing Assets/Fries and Seagull/City 03/Prefabs/Mailbox/Mailbox 2.prefab using Guid(310dedf062f4f094eb0044ea9b1aed6e) Importer(815301076,1909f56bfc062723c751e8b465ee728b) (PreviewImporter) -> (artifact id: '589805f6f5912386d9f97d0375bc8651') in 0.0302671 seconds
Number of updated asset objects reloaded before import = 0Number of asset objects unloaded after import = 18

========================================================================
Received Import Request.
  Time since last request: 0.000029 seconds.
  path: Assets/Fries and Seagull/City 03/Prefabs/Public Utility/Public Chair.prefab
  artifactKey: Guid(bdfe562a489d7af43a0cfa474f8e430b) Importer(815301076,1909f56bfc062723c751e8b465ee728b)
Start importing Assets/Fries and Seagull/City 03/Prefabs/Public Utility/Public Chair.prefab using Guid(bdfe562a489d7af43a0cfa474f8e430b) Importer(815301076,1909f56bfc062723c751e8b465ee728b) (PreviewImporter) -> (artifact id: 'fa2d996af2a32900e8a9a0bd20d2e174') in 0.0344735 seconds
Number of updated asset objects reloaded before import = 0Number of asset objects unloaded after import = 20

========================================================================
Received Import Request.
  Time since last request: 0.000032 seconds.
  path: Assets/Fries and Seagull/City 03/Prefabs/Mailbox/Mailbox 3.prefab
  artifactKey: Guid(6c693d50f00a83d4b9d8e12ead783a93) Importer(815301076,1909f56bfc062723c751e8b465ee728b)
Start importing Assets/Fries and Seagull/City 03/Prefabs/Mailbox/Mailbox 3.prefab using Guid(6c693d50f00a83d4b9d8e12ead783a93) Importer(815301076,1909f56bfc062723c751e8b465ee728b) (PreviewImporter) -> (artifact id: '9fac934c8dbb53f7ba48fda27f2993d7') in 0.0330135 seconds
Number of updated asset objects reloaded before import = 0Number of asset objects unloaded after import = 19

========================================================================
Received Import Request.
  Time since last request: 0.000030 seconds.
  path: Assets/Fries and Seagull/City 03/Prefabs/Barrier/Barrier Gate.prefab
  artifactKey: Guid(855f5ea09ef99ea4faa7e30fb791b737) Importer(815301076,1909f56bfc062723c751e8b465ee728b)
Start importing Assets/Fries and Seagull/City 03/Prefabs/Barrier/Barrier Gate.prefab using Guid(855f5ea09ef99ea4faa7e30fb791b737) Importer(815301076,1909f56bfc062723c751e8b465ee728b) (PreviewImporter) -> (artifact id: 'e0fed5c1206440642247e93c658afd63') in 0.0350228 seconds
Number of updated asset objects reloaded before import = 0Number of asset objects unloaded after import = 33

========================================================================
Received Import Request.
  Time since last request: 0.000053 seconds.
  path: Assets/Fries and Seagull/City 03/Models/City Scene.prefab
  artifactKey: Guid(cb5ba684c46e0134eb12f49fda57341b) Importer(815301076,1909f56bfc062723c751e8b465ee728b)
Start importing Assets/Fries and Seagull/City 03/Models/City Scene.prefab using Guid(cb5ba684c46e0134eb12f49fda57341b) Importer(815301076,1909f56bfc062723c751e8b465ee728b) (PreviewImporter) -> (artifact id: 'f3c442d7bd804ef51971db7eb856daec') in 0.3558518 seconds
Number of updated asset objects reloaded before import = 0Number of asset objects unloaded after import = 6056

========================================================================
Received Import Request.
  Time since last request: 0.000066 seconds.
  path: Assets/Fries and Seagull/City 03/Prefabs/Barrier/Road Barrier 1.prefab
  artifactKey: Guid(5c35809e686dc434eae5b1456854ecff) Importer(815301076,1909f56bfc062723c751e8b465ee728b)
Start importing Assets/Fries and Seagull/City 03/Prefabs/Barrier/Road Barrier 1.prefab using Guid(5c35809e686dc434eae5b1456854ecff) Importer(815301076,1909f56bfc062723c751e8b465ee728b) (PreviewImporter) -> (artifact id: '1b867fc477bbf5ac40fda577bf165a92') in 0.0327373 seconds
Number of updated asset objects reloaded before import = 0Number of asset objects unloaded after import = 17

========================================================================
Received Import Request.
  Time since last request: 0.000040 seconds.
  path: Assets/Fries and Seagull/City 03/Prefabs/Barrier/Barrier 1.prefab
  artifactKey: Guid(8c4bcba1627b19049b617c867b2c98e8) Importer(815301076,1909f56bfc062723c751e8b465ee728b)
Start importing Assets/Fries and Seagull/City 03/Prefabs/Barrier/Barrier 1.prefab using Guid(8c4bcba1627b19049b617c867b2c98e8) Importer(815301076,1909f56bfc062723c751e8b465ee728b) (PreviewImporter) -> (artifact id: '164d6424d1fb64b395a30e60e4f32f8e') in 0.0332839 seconds
Number of updated asset objects reloaded before import = 0Number of asset objects unloaded after import = 21

========================================================================
Received Import Request.
  Time since last request: 0.000031 seconds.
  path: Assets/Fries and Seagull/City 03/Prefabs/Road Signs/Small Road Sign.prefab
  artifactKey: Guid(6a66f1d592162d0488af3f95ad583fda) Importer(815301076,1909f56bfc062723c751e8b465ee728b)
Start importing Assets/Fries and Seagull/City 03/Prefabs/Road Signs/Small Road Sign.prefab using Guid(6a66f1d592162d0488af3f95ad583fda) Importer(815301076,1909f56bfc062723c751e8b465ee728b) (PreviewImporter) -> (artifact id: '65b0ba5ac7cb1eb575053aec9e5fcfe7') in 0.0320086 seconds
Number of updated asset objects reloaded before import = 0Number of asset objects unloaded after import = 20

========================================================================
Received Import Request.
  Time since last request: 0.000025 seconds.
  path: Assets/Fries and Seagull/City 03/Prefabs/Road Signs/Signage 4.prefab
  artifactKey: Guid(ed5f4419811cb5e4a974a40aac85ebe3) Importer(815301076,1909f56bfc062723c751e8b465ee728b)
Start importing Assets/Fries and Seagull/City 03/Prefabs/Road Signs/Signage 4.prefab using Guid(ed5f4419811cb5e4a974a40aac85ebe3) Importer(815301076,1909f56bfc062723c751e8b465ee728b) (PreviewImporter) -> (artifact id: 'a970cf867dfea086d8227d0011387fa5') in 0.0312359 seconds
Number of updated asset objects reloaded before import = 0Number of asset objects unloaded after import = 21

========================================================================
Received Import Request.
  Time since last request: 0.000032 seconds.
  path: Assets/Fries and Seagull/City 03/Prefabs/Road Signs/Signage 1.prefab
  artifactKey: Guid(bf23ddc16a577cc408105872661ce9a8) Importer(815301076,1909f56bfc062723c751e8b465ee728b)
Start importing Assets/Fries and Seagull/City 03/Prefabs/Road Signs/Signage 1.prefab using Guid(bf23ddc16a577cc408105872661ce9a8) Importer(815301076,1909f56bfc062723c751e8b465ee728b) (PreviewImporter) -> (artifact id: '823e817aee03e73a1f642c8ae24cbb7b') in 0.0316491 seconds
Number of updated asset objects reloaded before import = 0Number of asset objects unloaded after import = 21

========================================================================
Received Import Request.
  Time since last request: 0.000033 seconds.
  path: Assets/Fries and Seagull/City 03/Prefabs/Road Unit/Road 4.prefab
  artifactKey: Guid(7560da83c2fef2a429920b4f25dac4a3) Importer(815301076,1909f56bfc062723c751e8b465ee728b)
Start importing Assets/Fries and Seagull/City 03/Prefabs/Road Unit/Road 4.prefab using Guid(7560da83c2fef2a429920b4f25dac4a3) Importer(815301076,1909f56bfc062723c751e8b465ee728b) (PreviewImporter) -> (artifact id: '06acf91cde3b28c52ccd268e9d9d46d9') in 0.0296904 seconds
Number of updated asset objects reloaded before import = 0Number of asset objects unloaded after import = 22

========================================================================
Received Import Request.
  Time since last request: 0.000023 seconds.
  path: Assets/Fries and Seagull/City 03/Prefabs/Ground Mark/Ground Markings 1.prefab
  artifactKey: Guid(028b62abcc0dd0144825d1f302770646) Importer(815301076,1909f56bfc062723c751e8b465ee728b)
Start importing Assets/Fries and Seagull/City 03/Prefabs/Ground Mark/Ground Markings 1.prefab using Guid(028b62abcc0dd0144825d1f302770646) Importer(815301076,1909f56bfc062723c751e8b465ee728b) (PreviewImporter) -> (artifact id: '6d367861057ae38a4e10272f611eddfd') in 0.0338943 seconds
Number of updated asset objects reloaded before import = 0Number of asset objects unloaded after import = 14

========================================================================
Received Import Request.
  Time since last request: 0.000027 seconds.
  path: Assets/Fries and Seagull/City 03/Prefabs/Manhole/Manhole Covers 4.prefab
  artifactKey: Guid(70bfe9049e84a8d4ba4f5e9a4e0a8ec7) Importer(815301076,1909f56bfc062723c751e8b465ee728b)
Start importing Assets/Fries and Seagull/City 03/Prefabs/Manhole/Manhole Covers 4.prefab using Guid(70bfe9049e84a8d4ba4f5e9a4e0a8ec7) Importer(815301076,1909f56bfc062723c751e8b465ee728b) (PreviewImporter) -> (artifact id: '62333612667e615ef52b6499168d7640') in 0.0359715 seconds
Number of updated asset objects reloaded before import = 0Number of asset objects unloaded after import = 18

========================================================================
Received Import Request.
  Time since last request: 0.000028 seconds.
  path: Assets/Fries and Seagull/City 03/Prefabs/Manhole/Manhole Covers 3.prefab
  artifactKey: Guid(2fa08bae10e1ec54e91ab3e904e5f399) Importer(815301076,1909f56bfc062723c751e8b465ee728b)
Start importing Assets/Fries and Seagull/City 03/Prefabs/Manhole/Manhole Covers 3.prefab using Guid(2fa08bae10e1ec54e91ab3e904e5f399) Importer(815301076,1909f56bfc062723c751e8b465ee728b) (PreviewImporter) -> (artifact id: 'f9cc916fd84b54fb47958ef97a5527fe') in 0.0349479 seconds
Number of updated asset objects reloaded before import = 0Number of asset objects unloaded after import = 18

========================================================================
Received Import Request.
  Time since last request: 0.000035 seconds.
  path: Assets/Fries and Seagull/City 03/Prefabs/Road Unit/Road 3.prefab
  artifactKey: Guid(5f15deb202291424ca428c08cb55fd94) Importer(815301076,1909f56bfc062723c751e8b465ee728b)
Start importing Assets/Fries and Seagull/City 03/Prefabs/Road Unit/Road 3.prefab using Guid(5f15deb202291424ca428c08cb55fd94) Importer(815301076,1909f56bfc062723c751e8b465ee728b) (PreviewImporter) -> (artifact id: 'be8ba5c48064bb821f02888497a2e02a') in 0.0345584 seconds
Number of updated asset objects reloaded before import = 0Number of asset objects unloaded after import = 22

========================================================================
Received Import Request.
  Time since last request: 0.000029 seconds.
  path: Assets/Fries and Seagull/City 03/Prefabs/Barrier/Barrier 3.prefab
  artifactKey: Guid(9c13fa9d02cef354fb97ebff53bf7a23) Importer(815301076,1909f56bfc062723c751e8b465ee728b)
Start importing Assets/Fries and Seagull/City 03/Prefabs/Barrier/Barrier 3.prefab using Guid(9c13fa9d02cef354fb97ebff53bf7a23) Importer(815301076,1909f56bfc062723c751e8b465ee728b) (PreviewImporter) -> (artifact id: 'ca4c4672220f92cc9bcc417e75959015') in 0.0392492 seconds
Number of updated asset objects reloaded before import = 0Number of asset objects unloaded after import = 19

========================================================================
Received Import Request.
  Time since last request: 0.000051 seconds.
  path: Assets/Fries and Seagull/City 03/Prefabs/Building/Building 9.prefab
  artifactKey: Guid(9e9ecddc6aff81746a0c7c7589194a0d) Importer(815301076,1909f56bfc062723c751e8b465ee728b)
Start importing Assets/Fries and Seagull/City 03/Prefabs/Building/Building 9.prefab using Guid(9e9ecddc6aff81746a0c7c7589194a0d) Importer(815301076,1909f56bfc062723c751e8b465ee728b) (PreviewImporter) -> (artifact id: 'dc2c5072d66b452dd2b224a5ced0ac6f') in 0.0434508 seconds
Number of updated asset objects reloaded before import = 0Number of asset objects unloaded after import = 25

========================================================================
Received Import Request.
  Time since last request: 0.000039 seconds.
  path: Assets/Fries and Seagull/City 03/Prefabs/Plants/Bush 1.prefab
  artifactKey: Guid(162a2ab64901f9746841bc0e9bf9efec) Importer(815301076,1909f56bfc062723c751e8b465ee728b)
Start importing Assets/Fries and Seagull/City 03/Prefabs/Plants/Bush 1.prefab using Guid(162a2ab64901f9746841bc0e9bf9efec) Importer(815301076,1909f56bfc062723c751e8b465ee728b) (PreviewImporter) -> (artifact id: '923bc77baf2bb519cc21f364e06b2bfd') in 0.0374824 seconds
Number of updated asset objects reloaded before import = 0Number of asset objects unloaded after import = 21

========================================================================
Received Import Request.
  Time since last request: 0.000044 seconds.
  path: Assets/Fries and Seagull/City 03/Prefabs/Road Unit/Road 5.prefab
  artifactKey: Guid(971e45d085d5bc04793a00a998e2b554) Importer(815301076,1909f56bfc062723c751e8b465ee728b)
Start importing Assets/Fries and Seagull/City 03/Prefabs/Road Unit/Road 5.prefab using Guid(971e45d085d5bc04793a00a998e2b554) Importer(815301076,1909f56bfc062723c751e8b465ee728b) (PreviewImporter) -> (artifact id: 'a4885c6123416621f062d6f057ecd863') in 0.0377415 seconds
Number of updated asset objects reloaded before import = 0Number of asset objects unloaded after import = 22

========================================================================
Received Import Request.
  Time since last request: 0.000031 seconds.
  path: Assets/Fries and Seagull/City 03/Prefabs/Public Utility/Public Table.prefab
  artifactKey: Guid(46d03db63e0389d40957296e65abacc9) Importer(815301076,1909f56bfc062723c751e8b465ee728b)
Start importing Assets/Fries and Seagull/City 03/Prefabs/Public Utility/Public Table.prefab using Guid(46d03db63e0389d40957296e65abacc9) Importer(815301076,1909f56bfc062723c751e8b465ee728b) (PreviewImporter) -> (artifact id: '63d72f44d624bc86d3caae9c1b286238') in 0.0386284 seconds
Number of updated asset objects reloaded before import = 0Number of asset objects unloaded after import = 19

========================================================================
Received Import Request.
  Time since last request: 0.000026 seconds.
  path: Assets/Fries and Seagull/City 03/Prefabs/Public Utility/Portable Ladder.prefab
  artifactKey: Guid(633c4bc3d5c56004f827c0e7db946d3d) Importer(815301076,1909f56bfc062723c751e8b465ee728b)
Start importing Assets/Fries and Seagull/City 03/Prefabs/Public Utility/Portable Ladder.prefab using Guid(633c4bc3d5c56004f827c0e7db946d3d) Importer(815301076,1909f56bfc062723c751e8b465ee728b) (PreviewImporter) -> (artifact id: '160c03d86a59cd59268b9d5b991087cf') in 0.0356011 seconds
Number of updated asset objects reloaded before import = 0Number of asset objects unloaded after import = 18

========================================================================
Received Import Request.
  Time since last request: 0.000028 seconds.
  path: Assets/Fries and Seagull/City 03/Prefabs/Barrier/Barrier 4.prefab
  artifactKey: Guid(7e34d7916f3b10b4394de129ac648f73) Importer(815301076,1909f56bfc062723c751e8b465ee728b)
Start importing Assets/Fries and Seagull/City 03/Prefabs/Barrier/Barrier 4.prefab using Guid(7e34d7916f3b10b4394de129ac648f73) Importer(815301076,1909f56bfc062723c751e8b465ee728b) (PreviewImporter) -> (artifact id: 'f152de1c797bf5abd29b3e0f7a8b8061') in 0.0317669 seconds
Number of updated asset objects reloaded before import = 0Number of asset objects unloaded after import = 30

========================================================================
Received Import Request.
  Time since last request: 0.000035 seconds.
  path: Assets/Fries and Seagull/City 03/Prefabs/Vehicles/Orange Truck.prefab
  artifactKey: Guid(d74f5250ac649db40915fbdfcdd152c6) Importer(815301076,1909f56bfc062723c751e8b465ee728b)
Start importing Assets/Fries and Seagull/City 03/Prefabs/Vehicles/Orange Truck.prefab using Guid(d74f5250ac649db40915fbdfcdd152c6) Importer(815301076,1909f56bfc062723c751e8b465ee728b) (PreviewImporter) -> (artifact id: '76721093013eb988d009186c5db4cb10') in 0.0335418 seconds
Number of updated asset objects reloaded before import = 0Number of asset objects unloaded after import = 30

========================================================================
Received Import Request.
  Time since last request: 0.000025 seconds.
  path: Assets/Fries and Seagull/City 03/Prefabs/Barrier/Barrier 2.prefab
  artifactKey: Guid(f7b532026590c3341bc16a8ae9fc24ce) Importer(815301076,1909f56bfc062723c751e8b465ee728b)
Start importing Assets/Fries and Seagull/City 03/Prefabs/Barrier/Barrier 2.prefab using Guid(f7b532026590c3341bc16a8ae9fc24ce) Importer(815301076,1909f56bfc062723c751e8b465ee728b) (PreviewImporter) -> (artifact id: '2e413cb47fdca76d8d859d04f395f05a') in 0.0385528 seconds
Number of updated asset objects reloaded before import = 0Number of asset objects unloaded after import = 18

========================================================================
Received Import Request.
  Time since last request: 66.220802 seconds.
  path: Packages/com.unity.inputsystem/InputSystem/Editor/Icons/Axis.png
  artifactKey: Guid(7e853779c8fed4ebf917a0de21c79602) Importer(815301076,1909f56bfc062723c751e8b465ee728b)
Start importing Packages/com.unity.inputsystem/InputSystem/Editor/Icons/Axis.png using Guid(7e853779c8fed4ebf917a0de21c79602) Importer(815301076,1909f56bfc062723c751e8b465ee728b) (PreviewImporter) -> (artifact id: 'af3886ca4368da54d49d7993fc4e2261') in 0.0729561 seconds
Number of updated asset objects reloaded before import = 0Number of asset objects unloaded after import = 2

========================================================================
Received Import Request.
  Time since last request: 0.000042 seconds.
  path: Packages/com.unity.inputsystem/InputSystem/Editor/Icons/d_Axis.png
  artifactKey: Guid(34f9452ba2ee14c0b9c976800caef571) Importer(815301076,1909f56bfc062723c751e8b465ee728b)
Start importing Packages/com.unity.inputsystem/InputSystem/Editor/Icons/d_Axis.png using Guid(34f9452ba2ee14c0b9c976800caef571) Importer(815301076,1909f56bfc062723c751e8b465ee728b) (PreviewImporter) -> (artifact id: '331626323ba11ab750a99e8bd916ed31') in 0.0423335 seconds
Number of updated asset objects reloaded before import = 0Number of asset objects unloaded after import = 2

========================================================================
Received Import Request.
  Time since last request: 0.000037 seconds.
  path: Packages/com.unity.inputsystem/InputSystem/Editor/Icons/d_Axis@3x.png
  artifactKey: Guid(62c846073cb844a2b926e4bbd3189647) Importer(815301076,1909f56bfc062723c751e8b465ee728b)
Start importing Packages/com.unity.inputsystem/InputSystem/Editor/Icons/d_Axis@3x.png using Guid(62c846073cb844a2b926e4bbd3189647) Importer(815301076,1909f56bfc062723c751e8b465ee728b) (PreviewImporter) -> (artifact id: '2f79d46f197b88b566634128d5313fe9') in 0.0291756 seconds
Number of updated asset objects reloaded before import = 0Number of asset objects unloaded after import = 2

========================================================================
Received Import Request.
  Time since last request: 0.000024 seconds.
  path: Packages/com.unity.inputsystem/InputSystem/Editor/Icons/d_Axis@2x.png
  artifactKey: Guid(27163f3cda5b9431d928f2b33eeb5cf1) Importer(815301076,1909f56bfc062723c751e8b465ee728b)
Start importing Packages/com.unity.inputsystem/InputSystem/Editor/Icons/d_Axis@2x.png using Guid(27163f3cda5b9431d928f2b33eeb5cf1) Importer(815301076,1909f56bfc062723c751e8b465ee728b) (PreviewImporter) -> (artifact id: 'f2d1f4b70c8750f4fa3e546cf9519b0b') in 0.0401194 seconds
Number of updated asset objects reloaded before import = 0Number of asset objects unloaded after import = 2

========================================================================
Received Import Request.
  Time since last request: 32.689959 seconds.
  path: Assets/FINAL'/finalPractical.unity
  artifactKey: Guid(cbb473aead5ff6a418193de2c1d39300) Importer(2089858483,192608db42251d675da83286b1cce702)
Start importing Assets/FINAL'/finalPractical.unity using Guid(cbb473aead5ff6a418193de2c1d39300) Importer(2089858483,192608db42251d675da83286b1cce702) (ScriptedImporter) -> (artifact id: '0a8997b5cd30eb9029f764c98dd4e285') in 0.0283328 seconds
Number of updated asset objects reloaded before import = 0Number of asset objects unloaded after import = 1

========================================================================
Received Import Request.
  Time since last request: 3.349125 seconds.
  path: ProjectSettings/TagManager.asset
  artifactKey: Guid(00000000000000003000000000000000) Importer(815301076,1909f56bfc062723c751e8b465ee728b)
Start importing ProjectSettings/TagManager.asset using Guid(00000000000000003000000000000000) Importer(815301076,1909f56bfc062723c751e8b465ee728b) (PreviewImporter) -> (artifact id: '3a7edb23da3ecee511b0136481fac718') in 0.0015444 seconds
Number of updated asset objects reloaded before import = 0Number of asset objects unloaded after import = 0

========================================================================
Received Prepare
Begin MonoManager ReloadAssembly
[Licensing::Client] Successfully resolved entitlement details
- Loaded All Assemblies, in  1.186 seconds
Refreshing native plugins compatible for Editor in 1.01 ms, found 3 plugins.
Native extension for WindowsStandalone target not found
[Package Manager] Failed to launch server process. Reason: Unity was launched with the -noUpm command-line argument
[Package Manager] Unable to send message (not connected to server process).
[Package Manager] Cannot connect to Unity Package Manager local server
Mono: successfully reloaded assembly
- Finished resetting the current domain, in  0.920 seconds
Domain Reload Profiling: 2107ms
	BeginReloadAssembly (399ms)
		ExecutionOrderSort (0ms)
		DisableScriptedObjects (34ms)
		BackupInstance (0ms)
		ReleaseScriptingObjects (2ms)
		CreateAndSetChildDomain (123ms)
	RebuildCommonClasses (45ms)
	RebuildNativeTypeToScriptingClass (17ms)
	initialDomainReloadingComplete (36ms)
	LoadAllAssembliesAndSetupDomain (690ms)
		LoadAssemblies (588ms)
		RebuildTransferFunctionScriptingTraits (0ms)
		AnalyzeDomain (251ms)
			TypeCache.Refresh (12ms)
				TypeCache.ScanAssembly (0ms)
			BuildScriptInfoCaches (221ms)
			ResolveRequiredComponents (11ms)
	FinalizeReload (921ms)
		ReleaseScriptCaches (0ms)
		RebuildScriptCaches (0ms)
		SetupLoadedEditorAssemblies (722ms)
			LogAssemblyErrors (0ms)
			InitializePlatformSupportModulesInManaged (2ms)
			SetLoadedEditorAssemblies (8ms)
			BeforeProcessingInitializeOnLoad (154ms)
			ProcessInitializeOnLoadAttributes (462ms)
			ProcessInitializeOnLoadMethodAttributes (85ms)
			AfterProcessingInitializeOnLoad (10ms)
			EditorAssembliesLoaded (1ms)
		ExecutionOrderSort2 (0ms)
		AwakeInstancesAfterBackupRestoration (26ms)
Refreshing native plugins compatible for Editor in 1.39 ms, found 3 plugins.
Preloading 0 native plugins for Editor in 0.00 ms.
Unloading 25 Unused Serialized files (Serialized files now loaded: 0)
Unloading 6253 unused Assets / (5.6 MB). Loaded Objects now: 7003.
Memory consumption went from 163.1 MB to 157.5 MB.
Total: 13.066400 ms (FindLiveObjects: 1.293800 ms CreateObjectMapping: 0.448000 ms MarkObjects: 8.447500 ms  DeleteObjects: 2.873800 ms)

Prepare: number of updated asset objects reloaded= 0
========================================================================
Received Prepare
Begin MonoManager ReloadAssembly
- Loaded All Assemblies, in  0.917 seconds
Refreshing native plugins compatible for Editor in 1.73 ms, found 3 plugins.
Native extension for WindowsStandalone target not found
[Package Manager] Failed to launch server process. Reason: Unity was launched with the -noUpm command-line argument
[Package Manager] Unable to send message (not connected to server process).
[Package Manager] Cannot connect to Unity Package Manager local server
Mono: successfully reloaded assembly
- Finished resetting the current domain, in  0.755 seconds
Domain Reload Profiling: 1672ms
	BeginReloadAssembly (310ms)
		ExecutionOrderSort (0ms)
		DisableScriptedObjects (7ms)
		BackupInstance (0ms)
		ReleaseScriptingObjects (0ms)
		CreateAndSetChildDomain (59ms)
	RebuildCommonClasses (36ms)
	RebuildNativeTypeToScriptingClass (13ms)
	initialDomainReloadingComplete (34ms)
	LoadAllAssembliesAndSetupDomain (522ms)
		LoadAssemblies (460ms)
		RebuildTransferFunctionScriptingTraits (0ms)
		AnalyzeDomain (214ms)
			TypeCache.Refresh (6ms)
				TypeCache.ScanAssembly (0ms)
			BuildScriptInfoCaches (192ms)
			ResolveRequiredComponents (11ms)
	FinalizeReload (756ms)
		ReleaseScriptCaches (0ms)
		RebuildScriptCaches (0ms)
		SetupLoadedEditorAssemblies (591ms)
			LogAssemblyErrors (0ms)
			InitializePlatformSupportModulesInManaged (2ms)
			SetLoadedEditorAssemblies (3ms)
			BeforeProcessingInitializeOnLoad (130ms)
			ProcessInitializeOnLoadAttributes (388ms)
			ProcessInitializeOnLoadMethodAttributes (59ms)
			AfterProcessingInitializeOnLoad (9ms)
			EditorAssembliesLoaded (0ms)
		ExecutionOrderSort2 (0ms)
		AwakeInstancesAfterBackupRestoration (19ms)
Refreshing native plugins compatible for Editor in 1.21 ms, found 3 plugins.
Preloading 0 native plugins for Editor in 0.00 ms.
Unloading 25 Unused Serialized files (Serialized files now loaded: 0)
Unloading 6251 unused Assets / (6.2 MB). Loaded Objects now: 7005.
Memory consumption went from 165.8 MB to 159.6 MB.
Total: 8.451500 ms (FindLiveObjects: 0.570600 ms CreateObjectMapping: 0.387500 ms MarkObjects: 4.566800 ms  DeleteObjects: 2.924800 ms)

Prepare: number of updated asset objects reloaded= 0
========================================================================
Received Prepare
Begin MonoManager ReloadAssembly
[Licensing::Client] Successfully resolved entitlement details
- Loaded All Assemblies, in  0.820 seconds
Refreshing native plugins compatible for Editor in 0.94 ms, found 3 plugins.
Native extension for WindowsStandalone target not found
[Package Manager] Failed to launch server process. Reason: Unity was launched with the -noUpm command-line argument
[Package Manager] Unable to send message (not connected to server process).
[Package Manager] Cannot connect to Unity Package Manager local server
Mono: successfully reloaded assembly
- Finished resetting the current domain, in  0.889 seconds
Domain Reload Profiling: 1707ms
	BeginReloadAssembly (263ms)
		ExecutionOrderSort (0ms)
		DisableScriptedObjects (13ms)
		BackupInstance (0ms)
		ReleaseScriptingObjects (0ms)
		CreateAndSetChildDomain (48ms)
	RebuildCommonClasses (37ms)
	RebuildNativeTypeToScriptingClass (13ms)
	initialDomainReloadingComplete (31ms)
	LoadAllAssembliesAndSetupDomain (474ms)
		LoadAssemblies (391ms)
		RebuildTransferFunctionScriptingTraits (0ms)
		AnalyzeDomain (196ms)
			TypeCache.Refresh (7ms)
				TypeCache.ScanAssembly (0ms)
			BuildScriptInfoCaches (174ms)
			ResolveRequiredComponents (11ms)
	FinalizeReload (889ms)
		ReleaseScriptCaches (0ms)
		RebuildScriptCaches (0ms)
		SetupLoadedEditorAssemblies (731ms)
			LogAssemblyErrors (0ms)
			InitializePlatformSupportModulesInManaged (2ms)
			SetLoadedEditorAssemblies (3ms)
			BeforeProcessingInitializeOnLoad (137ms)
			ProcessInitializeOnLoadAttributes (525ms)
			ProcessInitializeOnLoadMethodAttributes (57ms)
			AfterProcessingInitializeOnLoad (6ms)
			EditorAssembliesLoaded (0ms)
		ExecutionOrderSort2 (0ms)
		AwakeInstancesAfterBackupRestoration (20ms)
Refreshing native plugins compatible for Editor in 1.70 ms, found 3 plugins.
Preloading 0 native plugins for Editor in 0.00 ms.
Unloading 25 Unused Serialized files (Serialized files now loaded: 0)
Unloading 6251 unused Assets / (6.0 MB). Loaded Objects now: 7007.
Memory consumption went from 168.6 MB to 162.6 MB.
Total: 8.183100 ms (FindLiveObjects: 0.589200 ms CreateObjectMapping: 0.370200 ms MarkObjects: 4.702500 ms  DeleteObjects: 2.519900 ms)

Prepare: number of updated asset objects reloaded= 0
========================================================================
Received Import Request.
  Time since last request: 89.258516 seconds.
  path: Assets/Lab4/Lab04-resources/guardController.controller
  artifactKey: Guid(9f3991713fa082f47b9f4d11650cd0d0) Importer(815301076,1909f56bfc062723c751e8b465ee728b)
Start importing Assets/Lab4/Lab04-resources/guardController.controller using Guid(9f3991713fa082f47b9f4d11650cd0d0) Importer(815301076,1909f56bfc062723c751e8b465ee728b) (PreviewImporter) -> (artifact id: 'b40d4e0c491e88c73ce8a8b23534cc06') in 0.2565185 seconds
Number of updated asset objects reloaded before import = 0Number of asset objects unloaded after import = 21

========================================================================
Received Prepare
Begin MonoManager ReloadAssembly
[Licensing::Client] Successfully resolved entitlement details
- Loaded All Assemblies, in  1.380 seconds
Refreshing native plugins compatible for Editor in 1.84 ms, found 3 plugins.
Native extension for WindowsStandalone target not found
[Package Manager] Failed to launch server process. Reason: Unity was launched with the -noUpm command-line argument
[Package Manager] Unable to send message (not connected to server process).
[Package Manager] Cannot connect to Unity Package Manager local server
Mono: successfully reloaded assembly
- Finished resetting the current domain, in  0.927 seconds
Domain Reload Profiling: 2310ms
	BeginReloadAssembly (397ms)
		ExecutionOrderSort (0ms)
		DisableScriptedObjects (18ms)
		BackupInstance (0ms)
		ReleaseScriptingObjects (0ms)
		CreateAndSetChildDomain (103ms)
	RebuildCommonClasses (43ms)
	RebuildNativeTypeToScriptingClass (16ms)
	initialDomainReloadingComplete (38ms)
	LoadAllAssembliesAndSetupDomain (890ms)
		LoadAssemblies (780ms)
		RebuildTransferFunctionScriptingTraits (0ms)
		AnalyzeDomain (273ms)
			TypeCache.Refresh (25ms)
				TypeCache.ScanAssembly (1ms)
			BuildScriptInfoCaches (228ms)
			ResolveRequiredComponents (14ms)
	FinalizeReload (927ms)
		ReleaseScriptCaches (0ms)
		RebuildScriptCaches (0ms)
		SetupLoadedEditorAssemblies (691ms)
			LogAssemblyErrors (0ms)
			InitializePlatformSupportModulesInManaged (3ms)
			SetLoadedEditorAssemblies (6ms)
			BeforeProcessingInitializeOnLoad (179ms)
			ProcessInitializeOnLoadAttributes (439ms)
			ProcessInitializeOnLoadMethodAttributes (58ms)
			AfterProcessingInitializeOnLoad (6ms)
			EditorAssembliesLoaded (0ms)
		ExecutionOrderSort2 (0ms)
		AwakeInstancesAfterBackupRestoration (15ms)
Refreshing native plugins compatible for Editor in 1.21 ms, found 3 plugins.
Preloading 0 native plugins for Editor in 0.00 ms.
Unloading 25 Unused Serialized files (Serialized files now loaded: 0)
Unloading 6251 unused Assets / (5.9 MB). Loaded Objects now: 7009.
Memory consumption went from 163.1 MB to 157.2 MB.
Total: 8.740400 ms (FindLiveObjects: 0.990700 ms CreateObjectMapping: 0.408500 ms MarkObjects: 4.870300 ms  DeleteObjects: 2.468100 ms)

Prepare: number of updated asset objects reloaded= 0
========================================================================
Received Prepare
Begin MonoManager ReloadAssembly
- Loaded All Assemblies, in  2.165 seconds
Refreshing native plugins compatible for Editor in 4.67 ms, found 3 plugins.
Native extension for WindowsStandalone target not found
[Package Manager] Failed to launch server process. Reason: Unity was launched with the -noUpm command-line argument
[Package Manager] Unable to send message (not connected to server process).
[Package Manager] Cannot connect to Unity Package Manager local server
Mono: successfully reloaded assembly
- Finished resetting the current domain, in  1.996 seconds
Domain Reload Profiling: 4151ms
	BeginReloadAssembly (566ms)
		ExecutionOrderSort (0ms)
		DisableScriptedObjects (16ms)
		BackupInstance (0ms)
		ReleaseScriptingObjects (0ms)
		CreateAndSetChildDomain (123ms)
	RebuildCommonClasses (109ms)
	RebuildNativeTypeToScriptingClass (32ms)
	initialDomainReloadingComplete (85ms)
	LoadAllAssembliesAndSetupDomain (1361ms)
		LoadAssemblies (1158ms)
		RebuildTransferFunctionScriptingTraits (0ms)
		AnalyzeDomain (493ms)
			TypeCache.Refresh (29ms)
				TypeCache.ScanAssembly (2ms)
			BuildScriptInfoCaches (424ms)
			ResolveRequiredComponents (31ms)
	FinalizeReload (1998ms)
		ReleaseScriptCaches (0ms)
		RebuildScriptCaches (0ms)
		SetupLoadedEditorAssemblies (1586ms)
			LogAssemblyErrors (0ms)
			InitializePlatformSupportModulesInManaged (4ms)
			SetLoadedEditorAssemblies (8ms)
			BeforeProcessingInitializeOnLoad (469ms)
			ProcessInitializeOnLoadAttributes (926ms)
			ProcessInitializeOnLoadMethodAttributes (155ms)
			AfterProcessingInitializeOnLoad (23ms)
			EditorAssembliesLoaded (1ms)
		ExecutionOrderSort2 (0ms)
		AwakeInstancesAfterBackupRestoration (42ms)
Refreshing native plugins compatible for Editor in 3.45 ms, found 3 plugins.
Preloading 0 native plugins for Editor in 0.00 ms.
Unloading 25 Unused Serialized files (Serialized files now loaded: 0)
Unloading 6251 unused Assets / (6.3 MB). Loaded Objects now: 7011.
Memory consumption went from 165.8 MB to 159.5 MB.
Total: 17.235000 ms (FindLiveObjects: 1.266200 ms CreateObjectMapping: 0.850600 ms MarkObjects: 10.458100 ms  DeleteObjects: 4.658300 ms)

Prepare: number of updated asset objects reloaded= 0
========================================================================
Received Prepare
Begin MonoManager ReloadAssembly
[Licensing::Client] Successfully resolved entitlement details
- Loaded All Assemblies, in  0.939 seconds
Refreshing native plugins compatible for Editor in 0.98 ms, found 3 plugins.
Native extension for WindowsStandalone target not found
[Package Manager] Failed to launch server process. Reason: Unity was launched with the -noUpm command-line argument
[Package Manager] Unable to send message (not connected to server process).
[Package Manager] Cannot connect to Unity Package Manager local server
Mono: successfully reloaded assembly
- Finished resetting the current domain, in  0.804 seconds
Domain Reload Profiling: 1742ms
	BeginReloadAssembly (292ms)
		ExecutionOrderSort (0ms)
		DisableScriptedObjects (14ms)
		BackupInstance (0ms)
		ReleaseScriptingObjects (0ms)
		CreateAndSetChildDomain (52ms)
	RebuildCommonClasses (39ms)
	RebuildNativeTypeToScriptingClass (22ms)
	initialDomainReloadingComplete (44ms)
	LoadAllAssembliesAndSetupDomain (539ms)
		LoadAssemblies (438ms)
		RebuildTransferFunctionScriptingTraits (0ms)
		AnalyzeDomain (205ms)
			TypeCache.Refresh (9ms)
				TypeCache.ScanAssembly (0ms)
			BuildScriptInfoCaches (180ms)
			ResolveRequiredComponents (11ms)
	FinalizeReload (805ms)
		ReleaseScriptCaches (0ms)
		RebuildScriptCaches (0ms)
		SetupLoadedEditorAssemblies (635ms)
			LogAssemblyErrors (0ms)
			InitializePlatformSupportModulesInManaged (2ms)
			SetLoadedEditorAssemblies (4ms)
			BeforeProcessingInitializeOnLoad (132ms)
			ProcessInitializeOnLoadAttributes (413ms)
			ProcessInitializeOnLoadMethodAttributes (77ms)
			AfterProcessingInitializeOnLoad (7ms)
			EditorAssembliesLoaded (0ms)
		ExecutionOrderSort2 (0ms)
		AwakeInstancesAfterBackupRestoration (23ms)
Refreshing native plugins compatible for Editor in 1.06 ms, found 3 plugins.
Preloading 0 native plugins for Editor in 0.00 ms.
Unloading 25 Unused Serialized files (Serialized files now loaded: 0)
Unloading 6251 unused Assets / (6.0 MB). Loaded Objects now: 7013.
Memory consumption went from 168.7 MB to 162.7 MB.
Total: 8.288500 ms (FindLiveObjects: 0.529100 ms CreateObjectMapping: 0.404000 ms MarkObjects: 4.839000 ms  DeleteObjects: 2.514500 ms)

Prepare: number of updated asset objects reloaded= 0
========================================================================
Received Prepare
Begin MonoManager ReloadAssembly
[Licensing::Client] Successfully resolved entitlement details
- Loaded All Assemblies, in  0.950 seconds
Refreshing native plugins compatible for Editor in 1.30 ms, found 3 plugins.
Native extension for WindowsStandalone target not found
[Package Manager] Failed to launch server process. Reason: Unity was launched with the -noUpm command-line argument
[Package Manager] Unable to send message (not connected to server process).
[Package Manager] Cannot connect to Unity Package Manager local server
Mono: successfully reloaded assembly
- Finished resetting the current domain, in  0.972 seconds
Domain Reload Profiling: 1922ms
	BeginReloadAssembly (260ms)
		ExecutionOrderSort (0ms)
		DisableScriptedObjects (8ms)
		BackupInstance (0ms)
		ReleaseScriptingObjects (0ms)
		CreateAndSetChildDomain (50ms)
	RebuildCommonClasses (90ms)
	RebuildNativeTypeToScriptingClass (20ms)
	initialDomainReloadingComplete (41ms)
	LoadAllAssembliesAndSetupDomain (537ms)
		LoadAssemblies (424ms)
		RebuildTransferFunctionScriptingTraits (0ms)
		AnalyzeDomain (245ms)
			TypeCache.Refresh (9ms)
				TypeCache.ScanAssembly (0ms)
			BuildScriptInfoCaches (221ms)
			ResolveRequiredComponents (11ms)
	FinalizeReload (973ms)
		ReleaseScriptCaches (0ms)
		RebuildScriptCaches (0ms)
		SetupLoadedEditorAssemblies (792ms)
			LogAssemblyErrors (0ms)
			InitializePlatformSupportModulesInManaged (2ms)
			SetLoadedEditorAssemblies (4ms)
			BeforeProcessingInitializeOnLoad (134ms)
			ProcessInitializeOnLoadAttributes (516ms)
			ProcessInitializeOnLoadMethodAttributes (128ms)
			AfterProcessingInitializeOnLoad (8ms)
			EditorAssembliesLoaded (0ms)
		ExecutionOrderSort2 (0ms)
		AwakeInstancesAfterBackupRestoration (24ms)
Refreshing native plugins compatible for Editor in 1.48 ms, found 3 plugins.
Preloading 0 native plugins for Editor in 0.00 ms.
Unloading 25 Unused Serialized files (Serialized files now loaded: 0)
Unloading 6251 unused Assets / (6.4 MB). Loaded Objects now: 7015.
Memory consumption went from 171.5 MB to 165.1 MB.
Total: 9.070500 ms (FindLiveObjects: 0.827900 ms CreateObjectMapping: 0.619500 ms MarkObjects: 4.848800 ms  DeleteObjects: 2.772300 ms)

Prepare: number of updated asset objects reloaded= 0
========================================================================
Received Prepare
Begin MonoManager ReloadAssembly
[Licensing::Client] Successfully resolved entitlement details
- Loaded All Assemblies, in  0.883 seconds
Refreshing native plugins compatible for Editor in 2.02 ms, found 3 plugins.
Native extension for WindowsStandalone target not found
[Package Manager] Failed to launch server process. Reason: Unity was launched with the -noUpm command-line argument
[Package Manager] Unable to send message (not connected to server process).
[Package Manager] Cannot connect to Unity Package Manager local server
Mono: successfully reloaded assembly
- Finished resetting the current domain, in  0.874 seconds
Domain Reload Profiling: 1756ms
	BeginReloadAssembly (244ms)
		ExecutionOrderSort (0ms)
		DisableScriptedObjects (10ms)
		BackupInstance (0ms)
		ReleaseScriptingObjects (0ms)
		CreateAndSetChildDomain (58ms)
	RebuildCommonClasses (37ms)
	RebuildNativeTypeToScriptingClass (13ms)
	initialDomainReloadingComplete (36ms)
	LoadAllAssembliesAndSetupDomain (550ms)
		LoadAssemblies (446ms)
		RebuildTransferFunctionScriptingTraits (0ms)
		AnalyzeDomain (207ms)
			TypeCache.Refresh (7ms)
				TypeCache.ScanAssembly (0ms)
			BuildScriptInfoCaches (184ms)
			ResolveRequiredComponents (11ms)
	FinalizeReload (876ms)
		ReleaseScriptCaches (0ms)
		RebuildScriptCaches (0ms)
		SetupLoadedEditorAssemblies (694ms)
			LogAssemblyErrors (0ms)
			InitializePlatformSupportModulesInManaged (2ms)
			SetLoadedEditorAssemblies (4ms)
			BeforeProcessingInitializeOnLoad (149ms)
			ProcessInitializeOnLoadAttributes (479ms)
			ProcessInitializeOnLoadMethodAttributes (55ms)
			AfterProcessingInitializeOnLoad (6ms)
			EditorAssembliesLoaded (0ms)
		ExecutionOrderSort2 (0ms)
		AwakeInstancesAfterBackupRestoration (18ms)
Refreshing native plugins compatible for Editor in 1.25 ms, found 3 plugins.
Preloading 0 native plugins for Editor in 0.00 ms.
Unloading 25 Unused Serialized files (Serialized files now loaded: 0)
Unloading 6251 unused Assets / (6.3 MB). Loaded Objects now: 7017.
Memory consumption went from 174.4 MB to 168.1 MB.
Total: 7.706900 ms (FindLiveObjects: 0.507500 ms CreateObjectMapping: 0.327200 ms MarkObjects: 4.435200 ms  DeleteObjects: 2.435600 ms)

Prepare: number of updated asset objects reloaded= 0
========================================================================
Received Prepare
Begin MonoManager ReloadAssembly
[Licensing::Client] Successfully resolved entitlement details
- Loaded All Assemblies, in  0.856 seconds
Refreshing native plugins compatible for Editor in 1.00 ms, found 3 plugins.
Native extension for WindowsStandalone target not found
[Package Manager] Failed to launch server process. Reason: Unity was launched with the -noUpm command-line argument
[Package Manager] Unable to send message (not connected to server process).
[Package Manager] Cannot connect to Unity Package Manager local server
Mono: successfully reloaded assembly
- Finished resetting the current domain, in  0.885 seconds
Domain Reload Profiling: 1739ms
	BeginReloadAssembly (233ms)
		ExecutionOrderSort (0ms)
		DisableScriptedObjects (6ms)
		BackupInstance (0ms)
		ReleaseScriptingObjects (0ms)
		CreateAndSetChildDomain (48ms)
	RebuildCommonClasses (37ms)
	RebuildNativeTypeToScriptingClass (14ms)
	initialDomainReloadingComplete (33ms)
	LoadAllAssembliesAndSetupDomain (536ms)
		LoadAssemblies (450ms)
		RebuildTransferFunctionScriptingTraits (0ms)
		AnalyzeDomain (199ms)
			TypeCache.Refresh (11ms)
				TypeCache.ScanAssembly (0ms)
			BuildScriptInfoCaches (170ms)
			ResolveRequiredComponents (13ms)
	FinalizeReload (886ms)
		ReleaseScriptCaches (0ms)
		RebuildScriptCaches (0ms)
		SetupLoadedEditorAssemblies (681ms)
			LogAssemblyErrors (0ms)
			InitializePlatformSupportModulesInManaged (2ms)
			SetLoadedEditorAssemblies (5ms)
			BeforeProcessingInitializeOnLoad (142ms)
			ProcessInitializeOnLoadAttributes (452ms)
			ProcessInitializeOnLoadMethodAttributes (70ms)
			AfterProcessingInitializeOnLoad (8ms)
			EditorAssembliesLoaded (0ms)
		ExecutionOrderSort2 (0ms)
		AwakeInstancesAfterBackupRestoration (26ms)
Refreshing native plugins compatible for Editor in 1.58 ms, found 3 plugins.
Preloading 0 native plugins for Editor in 0.00 ms.
Unloading 25 Unused Serialized files (Serialized files now loaded: 0)
Unloading 6251 unused Assets / (6.1 MB). Loaded Objects now: 7019.
Memory consumption went from 177.2 MB to 171.1 MB.
Total: 8.484400 ms (FindLiveObjects: 0.562400 ms CreateObjectMapping: 0.466800 ms MarkObjects: 4.779000 ms  DeleteObjects: 2.674700 ms)

Prepare: number of updated asset objects reloaded= 0
========================================================================
Received Prepare
Refreshing native plugins compatible for Editor in 1.86 ms, found 3 plugins.
Preloading 0 native plugins for Editor in 0.00 ms.
Unloading 25 Unused Serialized files (Serialized files now loaded: 0)
Unloading 6244 unused Assets / (5.3 MB). Loaded Objects now: 7019.
Memory consumption went from 180.2 MB to 174.9 MB.
Total: 15.251300 ms (FindLiveObjects: 3.788600 ms CreateObjectMapping: 0.387100 ms MarkObjects: 7.991300 ms  DeleteObjects: 3.081700 ms)

Prepare: number of updated asset objects reloaded= 0
========================================================================
Received Prepare
Begin MonoManager ReloadAssembly
[Licensing::Client] Successfully resolved entitlement details
- Loaded All Assemblies, in 10.795 seconds
Refreshing native plugins compatible for Editor in 1.26 ms, found 3 plugins.
Native extension for WindowsStandalone target not found
[Package Manager] Failed to launch server process. Reason: Unity was launched with the -noUpm command-line argument
[Package Manager] Unable to send message (not connected to server process).
[Package Manager] Cannot connect to Unity Package Manager local server
Mono: successfully reloaded assembly
- Finished resetting the current domain, in  0.821 seconds
Domain Reload Profiling: 11595ms
	BeginReloadAssembly (1511ms)
		ExecutionOrderSort (0ms)
		DisableScriptedObjects (20ms)
		BackupInstance (0ms)
		ReleaseScriptingObjects (0ms)
		CreateAndSetChildDomain (122ms)
	RebuildCommonClasses (493ms)
	RebuildNativeTypeToScriptingClass (33ms)
	initialDomainReloadingComplete (106ms)
	LoadAllAssembliesAndSetupDomain (8631ms)
		LoadAssemblies (9619ms)
		RebuildTransferFunctionScriptingTraits (0ms)
		AnalyzeDomain (221ms)
			TypeCache.Refresh (25ms)
				TypeCache.ScanAssembly (2ms)
			BuildScriptInfoCaches (180ms)
			ResolveRequiredComponents (11ms)
	FinalizeReload (822ms)
		ReleaseScriptCaches (0ms)
		RebuildScriptCaches (0ms)
		SetupLoadedEditorAssemblies (632ms)
			LogAssemblyErrors (0ms)
			InitializePlatformSupportModulesInManaged (2ms)
			SetLoadedEditorAssemblies (4ms)
			BeforeProcessingInitializeOnLoad (129ms)
			ProcessInitializeOnLoadAttributes (417ms)
			ProcessInitializeOnLoadMethodAttributes (72ms)
			AfterProcessingInitializeOnLoad (8ms)
			EditorAssembliesLoaded (0ms)
		ExecutionOrderSort2 (0ms)
		AwakeInstancesAfterBackupRestoration (20ms)
Refreshing native plugins compatible for Editor in 1.31 ms, found 3 plugins.
Preloading 0 native plugins for Editor in 0.00 ms.
Unloading 25 Unused Serialized files (Serialized files now loaded: 0)
Unloading 6251 unused Assets / (6.2 MB). Loaded Objects now: 7021.
Memory consumption went from 182.8 MB to 176.5 MB.
Total: 9.625700 ms (FindLiveObjects: 0.607900 ms CreateObjectMapping: 0.503400 ms MarkObjects: 5.569800 ms  DeleteObjects: 2.942600 ms)

Prepare: number of updated asset objects reloaded= 0
========================================================================
Received Prepare
Begin MonoManager ReloadAssembly
- Loaded All Assemblies, in  0.980 seconds
Refreshing native plugins compatible for Editor in 1.26 ms, found 3 plugins.
Native extension for WindowsStandalone target not found
[Package Manager] Failed to launch server process. Reason: Unity was launched with the -noUpm command-line argument
[Package Manager] Unable to send message (not connected to server process).
[Package Manager] Cannot connect to Unity Package Manager local server
Mono: successfully reloaded assembly
- Finished resetting the current domain, in  0.944 seconds
Domain Reload Profiling: 1924ms
	BeginReloadAssembly (270ms)
		ExecutionOrderSort (0ms)
		DisableScriptedObjects (9ms)
		BackupInstance (0ms)
		ReleaseScriptingObjects (0ms)
		CreateAndSetChildDomain (56ms)
	RebuildCommonClasses (47ms)
	RebuildNativeTypeToScriptingClass (16ms)
	initialDomainReloadingComplete (41ms)
	LoadAllAssembliesAndSetupDomain (605ms)
		LoadAssemblies (489ms)
		RebuildTransferFunctionScriptingTraits (0ms)
		AnalyzeDomain (247ms)
			TypeCache.Refresh (8ms)
				TypeCache.ScanAssembly (0ms)
			BuildScriptInfoCaches (218ms)
			ResolveRequiredComponents (15ms)
	FinalizeReload (945ms)
		ReleaseScriptCaches (0ms)
		RebuildScriptCaches (0ms)
		SetupLoadedEditorAssemblies (739ms)
			LogAssemblyErrors (0ms)
			InitializePlatformSupportModulesInManaged (3ms)
			SetLoadedEditorAssemblies (4ms)
			BeforeProcessingInitializeOnLoad (172ms)
			ProcessInitializeOnLoadAttributes (484ms)
			ProcessInitializeOnLoadMethodAttributes (68ms)
			AfterProcessingInitializeOnLoad (7ms)
			EditorAssembliesLoaded (0ms)
		ExecutionOrderSort2 (0ms)
		AwakeInstancesAfterBackupRestoration (20ms)
Refreshing native plugins compatible for Editor in 1.48 ms, found 3 plugins.
Preloading 0 native plugins for Editor in 0.00 ms.
Unloading 25 Unused Serialized files (Serialized files now loaded: 0)
Unloading 6251 unused Assets / (6.3 MB). Loaded Objects now: 7023.
Memory consumption went from 185.7 MB to 179.4 MB.
Total: 8.646300 ms (FindLiveObjects: 0.699600 ms CreateObjectMapping: 0.412400 ms MarkObjects: 4.734600 ms  DeleteObjects: 2.798400 ms)

Prepare: number of updated asset objects reloaded= 0
========================================================================
Received Prepare
Begin MonoManager ReloadAssembly
- Loaded All Assemblies, in  0.837 seconds
Refreshing native plugins compatible for Editor in 0.97 ms, found 3 plugins.
Native extension for WindowsStandalone target not found
[Package Manager] Failed to launch server process. Reason: Unity was launched with the -noUpm command-line argument
[Package Manager] Unable to send message (not connected to server process).
[Package Manager] Cannot connect to Unity Package Manager local server
Mono: successfully reloaded assembly
- Finished resetting the current domain, in  0.770 seconds
Domain Reload Profiling: 1606ms
	BeginReloadAssembly (241ms)
		ExecutionOrderSort (0ms)
		DisableScriptedObjects (6ms)
		BackupInstance (0ms)
		ReleaseScriptingObjects (0ms)
		CreateAndSetChildDomain (44ms)
	RebuildCommonClasses (40ms)
	RebuildNativeTypeToScriptingClass (14ms)
	initialDomainReloadingComplete (40ms)
	LoadAllAssembliesAndSetupDomain (502ms)
		LoadAssemblies (410ms)
		RebuildTransferFunctionScriptingTraits (0ms)
		AnalyzeDomain (219ms)
			TypeCache.Refresh (8ms)
				TypeCache.ScanAssembly (0ms)
			BuildScriptInfoCaches (195ms)
			ResolveRequiredComponents (11ms)
	FinalizeReload (770ms)
		ReleaseScriptCaches (0ms)
		RebuildScriptCaches (0ms)
		SetupLoadedEditorAssemblies (592ms)
			LogAssemblyErrors (0ms)
			InitializePlatformSupportModulesInManaged (2ms)
			SetLoadedEditorAssemblies (4ms)
			BeforeProcessingInitializeOnLoad (127ms)
			ProcessInitializeOnLoadAttributes (368ms)
			ProcessInitializeOnLoadMethodAttributes (86ms)
			AfterProcessingInitializeOnLoad (6ms)
			EditorAssembliesLoaded (0ms)
		ExecutionOrderSort2 (0ms)
		AwakeInstancesAfterBackupRestoration (22ms)
Refreshing native plugins compatible for Editor in 1.12 ms, found 3 plugins.
Preloading 0 native plugins for Editor in 0.00 ms.
Unloading 25 Unused Serialized files (Serialized files now loaded: 0)
Unloading 6251 unused Assets / (6.2 MB). Loaded Objects now: 7025.
Memory consumption went from 188.5 MB to 182.3 MB.
Total: 7.751600 ms (FindLiveObjects: 0.544900 ms CreateObjectMapping: 0.339100 ms MarkObjects: 4.183300 ms  DeleteObjects: 2.682600 ms)

Prepare: number of updated asset objects reloaded= 0
========================================================================
Received Prepare
Begin MonoManager ReloadAssembly
- Loaded All Assemblies, in  0.835 seconds
Refreshing native plugins compatible for Editor in 1.22 ms, found 3 plugins.
Native extension for WindowsStandalone target not found
[Package Manager] Failed to launch server process. Reason: Unity was launched with the -noUpm command-line argument
[Package Manager] Unable to send message (not connected to server process).
[Package Manager] Cannot connect to Unity Package Manager local server
Mono: successfully reloaded assembly
- Finished resetting the current domain, in  0.826 seconds
Domain Reload Profiling: 1660ms
	BeginReloadAssembly (270ms)
		ExecutionOrderSort (0ms)
		DisableScriptedObjects (6ms)
		BackupInstance (0ms)
		ReleaseScriptingObjects (0ms)
		CreateAndSetChildDomain (65ms)
	RebuildCommonClasses (40ms)
	RebuildNativeTypeToScriptingClass (18ms)
	initialDomainReloadingComplete (36ms)
	LoadAllAssembliesAndSetupDomain (470ms)
		LoadAssemblies (392ms)
		RebuildTransferFunctionScriptingTraits (0ms)
		AnalyzeDomain (206ms)
			TypeCache.Refresh (7ms)
				TypeCache.ScanAssembly (0ms)
			BuildScriptInfoCaches (184ms)
			ResolveRequiredComponents (11ms)
	FinalizeReload (826ms)
		ReleaseScriptCaches (0ms)
		RebuildScriptCaches (0ms)
		SetupLoadedEditorAssemblies (637ms)
			LogAssemblyErrors (0ms)
			InitializePlatformSupportModulesInManaged (2ms)
			SetLoadedEditorAssemblies (3ms)
			BeforeProcessingInitializeOnLoad (133ms)
			ProcessInitializeOnLoadAttributes (428ms)
			ProcessInitializeOnLoadMethodAttributes (64ms)
			AfterProcessingInitializeOnLoad (6ms)
			EditorAssembliesLoaded (0ms)
		ExecutionOrderSort2 (0ms)
		AwakeInstancesAfterBackupRestoration (27ms)
Refreshing native plugins compatible for Editor in 1.46 ms, found 3 plugins.
Preloading 0 native plugins for Editor in 0.00 ms.
Unloading 25 Unused Serialized files (Serialized files now loaded: 0)
Unloading 6251 unused Assets / (6.4 MB). Loaded Objects now: 7027.
Memory consumption went from 191.4 MB to 185.0 MB.
Total: 8.456500 ms (FindLiveObjects: 0.557300 ms CreateObjectMapping: 0.321800 ms MarkObjects: 4.537200 ms  DeleteObjects: 3.038800 ms)

Prepare: number of updated asset objects reloaded= 0
========================================================================
Received Prepare
Begin MonoManager ReloadAssembly
[Licensing::Client] Successfully resolved entitlement details
- Loaded All Assemblies, in  0.906 seconds
Refreshing native plugins compatible for Editor in 1.94 ms, found 3 plugins.
Native extension for WindowsStandalone target not found
[Package Manager] Failed to launch server process. Reason: Unity was launched with the -noUpm command-line argument
[Package Manager] Unable to send message (not connected to server process).
[Package Manager] Cannot connect to Unity Package Manager local server
Mono: successfully reloaded assembly
- Finished resetting the current domain, in  0.765 seconds
Domain Reload Profiling: 1670ms
	BeginReloadAssembly (277ms)
		ExecutionOrderSort (0ms)
		DisableScriptedObjects (9ms)
		BackupInstance (0ms)
		ReleaseScriptingObjects (0ms)
		CreateAndSetChildDomain (57ms)
	RebuildCommonClasses (38ms)
	RebuildNativeTypeToScriptingClass (14ms)
	initialDomainReloadingComplete (42ms)
	LoadAllAssembliesAndSetupDomain (533ms)
		LoadAssemblies (444ms)
		RebuildTransferFunctionScriptingTraits (0ms)
		AnalyzeDomain (220ms)
			TypeCache.Refresh (11ms)
				TypeCache.ScanAssembly (1ms)
			BuildScriptInfoCaches (193ms)
			ResolveRequiredComponents (11ms)
	FinalizeReload (766ms)
		ReleaseScriptCaches (0ms)
		RebuildScriptCaches (0ms)
		SetupLoadedEditorAssemblies (592ms)
			LogAssemblyErrors (0ms)
			InitializePlatformSupportModulesInManaged (2ms)
			SetLoadedEditorAssemblies (3ms)
			BeforeProcessingInitializeOnLoad (138ms)
			ProcessInitializeOnLoadAttributes (375ms)
			ProcessInitializeOnLoadMethodAttributes (67ms)
			AfterProcessingInitializeOnLoad (6ms)
			EditorAssembliesLoaded (0ms)
		ExecutionOrderSort2 (0ms)
		AwakeInstancesAfterBackupRestoration (15ms)
Refreshing native plugins compatible for Editor in 1.91 ms, found 3 plugins.
Preloading 0 native plugins for Editor in 0.00 ms.
Unloading 25 Unused Serialized files (Serialized files now loaded: 0)
Unloading 6251 unused Assets / (6.1 MB). Loaded Objects now: 7029.
Memory consumption went from 194.2 MB to 188.1 MB.
Total: 10.534800 ms (FindLiveObjects: 1.379100 ms CreateObjectMapping: 0.432800 ms MarkObjects: 5.856600 ms  DeleteObjects: 2.864100 ms)

Prepare: number of updated asset objects reloaded= 0
========================================================================
Received Prepare
Begin MonoManager ReloadAssembly
- Loaded All Assemblies, in  0.840 seconds
Refreshing native plugins compatible for Editor in 0.98 ms, found 3 plugins.
Native extension for WindowsStandalone target not found
[Package Manager] Failed to launch server process. Reason: Unity was launched with the -noUpm command-line argument
[Package Manager] Unable to send message (not connected to server process).
[Package Manager] Cannot connect to Unity Package Manager local server
Mono: successfully reloaded assembly
- Finished resetting the current domain, in  0.758 seconds
Domain Reload Profiling: 1598ms
	BeginReloadAssembly (270ms)
		ExecutionOrderSort (0ms)
		DisableScriptedObjects (6ms)
		BackupInstance (0ms)
		ReleaseScriptingObjects (0ms)
		CreateAndSetChildDomain (46ms)
	RebuildCommonClasses (37ms)
	RebuildNativeTypeToScriptingClass (13ms)
	initialDomainReloadingComplete (32ms)
	LoadAllAssembliesAndSetupDomain (488ms)
		LoadAssemblies (412ms)
		RebuildTransferFunctionScriptingTraits (0ms)
		AnalyzeDomain (220ms)
			TypeCache.Refresh (8ms)
				TypeCache.ScanAssembly (0ms)
			BuildScriptInfoCaches (195ms)
			ResolveRequiredComponents (12ms)
	FinalizeReload (758ms)
		ReleaseScriptCaches (0ms)
		RebuildScriptCaches (0ms)
		SetupLoadedEditorAssemblies (579ms)
			LogAssemblyErrors (0ms)
			InitializePlatformSupportModulesInManaged (2ms)
			SetLoadedEditorAssemblies (5ms)
			BeforeProcessingInitializeOnLoad (141ms)
			ProcessInitializeOnLoadAttributes (365ms)
			ProcessInitializeOnLoadMethodAttributes (61ms)
			AfterProcessingInitializeOnLoad (5ms)
			EditorAssembliesLoaded (0ms)
		ExecutionOrderSort2 (0ms)
		AwakeInstancesAfterBackupRestoration (19ms)
Refreshing native plugins compatible for Editor in 1.80 ms, found 3 plugins.
Preloading 0 native plugins for Editor in 0.00 ms.
Unloading 25 Unused Serialized files (Serialized files now loaded: 0)
Unloading 6251 unused Assets / (6.1 MB). Loaded Objects now: 7031.
Memory consumption went from 197.0 MB to 190.9 MB.
Total: 8.164000 ms (FindLiveObjects: 0.516600 ms CreateObjectMapping: 0.326000 ms MarkObjects: 4.813700 ms  DeleteObjects: 2.506500 ms)

Prepare: number of updated asset objects reloaded= 0
========================================================================
Received Prepare
Begin MonoManager ReloadAssembly
- Loaded All Assemblies, in  0.811 seconds
Refreshing native plugins compatible for Editor in 5.00 ms, found 3 plugins.
Native extension for WindowsStandalone target not found
[Package Manager] Failed to launch server process. Reason: Unity was launched with the -noUpm command-line argument
[Package Manager] Unable to send message (not connected to server process).
[Package Manager] Cannot connect to Unity Package Manager local server
Mono: successfully reloaded assembly
- Finished resetting the current domain, in  0.755 seconds
Domain Reload Profiling: 1565ms
	BeginReloadAssembly (241ms)
		ExecutionOrderSort (0ms)
		DisableScriptedObjects (6ms)
		BackupInstance (0ms)
		ReleaseScriptingObjects (0ms)
		CreateAndSetChildDomain (43ms)
	RebuildCommonClasses (39ms)
	RebuildNativeTypeToScriptingClass (15ms)
	initialDomainReloadingComplete (31ms)
	LoadAllAssembliesAndSetupDomain (484ms)
		LoadAssemblies (395ms)
		RebuildTransferFunctionScriptingTraits (0ms)
		AnalyzeDomain (200ms)
			TypeCache.Refresh (10ms)
				TypeCache.ScanAssembly (1ms)
			BuildScriptInfoCaches (172ms)
			ResolveRequiredComponents (13ms)
	FinalizeReload (755ms)
		ReleaseScriptCaches (0ms)
		RebuildScriptCaches (0ms)
		SetupLoadedEditorAssemblies (595ms)
			LogAssemblyErrors (0ms)
			InitializePlatformSupportModulesInManaged (2ms)
			SetLoadedEditorAssemblies (4ms)
			BeforeProcessingInitializeOnLoad (142ms)
			ProcessInitializeOnLoadAttributes (383ms)
			ProcessInitializeOnLoadMethodAttributes (59ms)
			AfterProcessingInitializeOnLoad (5ms)
			EditorAssembliesLoaded (0ms)
		ExecutionOrderSort2 (0ms)
		AwakeInstancesAfterBackupRestoration (14ms)
Refreshing native plugins compatible for Editor in 2.67 ms, found 3 plugins.
Preloading 0 native plugins for Editor in 0.00 ms.
Unloading 25 Unused Serialized files (Serialized files now loaded: 0)
Unloading 6251 unused Assets / (5.8 MB). Loaded Objects now: 7033.
Memory consumption went from 199.8 MB to 194.0 MB.
Total: 9.050600 ms (FindLiveObjects: 0.837700 ms CreateObjectMapping: 0.584500 ms MarkObjects: 5.447000 ms  DeleteObjects: 2.179500 ms)

Prepare: number of updated asset objects reloaded= 0
========================================================================
Received Prepare
Begin MonoManager ReloadAssembly
- Loaded All Assemblies, in  0.827 seconds
Refreshing native plugins compatible for Editor in 0.99 ms, found 3 plugins.
Native extension for WindowsStandalone target not found
[Package Manager] Failed to launch server process. Reason: Unity was launched with the -noUpm command-line argument
[Package Manager] Unable to send message (not connected to server process).
[Package Manager] Cannot connect to Unity Package Manager local server
Mono: successfully reloaded assembly
- Finished resetting the current domain, in  0.761 seconds
Domain Reload Profiling: 1587ms
	BeginReloadAssembly (282ms)
		ExecutionOrderSort (0ms)
		DisableScriptedObjects (8ms)
		BackupInstance (0ms)
		ReleaseScriptingObjects (1ms)
		CreateAndSetChildDomain (49ms)
	RebuildCommonClasses (35ms)
	RebuildNativeTypeToScriptingClass (13ms)
	initialDomainReloadingComplete (30ms)
	LoadAllAssembliesAndSetupDomain (465ms)
		LoadAssemblies (394ms)
		RebuildTransferFunctionScriptingTraits (0ms)
		AnalyzeDomain (198ms)
			TypeCache.Refresh (7ms)
				TypeCache.ScanAssembly (0ms)
			BuildScriptInfoCaches (176ms)
			ResolveRequiredComponents (11ms)
	FinalizeReload (762ms)
		ReleaseScriptCaches (0ms)
		RebuildScriptCaches (0ms)
		SetupLoadedEditorAssemblies (571ms)
			LogAssemblyErrors (0ms)
			InitializePlatformSupportModulesInManaged (3ms)
			SetLoadedEditorAssemblies (4ms)
			BeforeProcessingInitializeOnLoad (137ms)
			ProcessInitializeOnLoadAttributes (353ms)
			ProcessInitializeOnLoadMethodAttributes (67ms)
			AfterProcessingInitializeOnLoad (7ms)
			EditorAssembliesLoaded (0ms)
		ExecutionOrderSort2 (0ms)
		AwakeInstancesAfterBackupRestoration (19ms)
Refreshing native plugins compatible for Editor in 1.70 ms, found 3 plugins.
Preloading 0 native plugins for Editor in 0.00 ms.
Unloading 25 Unused Serialized files (Serialized files now loaded: 0)
Unloading 6251 unused Assets / (6.8 MB). Loaded Objects now: 7035.
Memory consumption went from 202.7 MB to 195.9 MB.
Total: 9.124600 ms (FindLiveObjects: 0.523800 ms CreateObjectMapping: 0.332900 ms MarkObjects: 4.873600 ms  DeleteObjects: 3.392700 ms)

Prepare: number of updated asset objects reloaded= 0
========================================================================
Received Prepare
Begin MonoManager ReloadAssembly
[Licensing::Client] Successfully resolved entitlement details
- Loaded All Assemblies, in  0.853 seconds
Refreshing native plugins compatible for Editor in 1.07 ms, found 3 plugins.
Native extension for WindowsStandalone target not found
[Package Manager] Failed to launch server process. Reason: Unity was launched with the -noUpm command-line argument
[Package Manager] Unable to send message (not connected to server process).
[Package Manager] Cannot connect to Unity Package Manager local server
Mono: successfully reloaded assembly
- Finished resetting the current domain, in  0.827 seconds
Domain Reload Profiling: 1675ms
	BeginReloadAssembly (269ms)
		ExecutionOrderSort (0ms)
		DisableScriptedObjects (7ms)
		BackupInstance (0ms)
		ReleaseScriptingObjects (0ms)
		CreateAndSetChildDomain (58ms)
	RebuildCommonClasses (40ms)
	RebuildNativeTypeToScriptingClass (14ms)
	initialDomainReloadingComplete (40ms)
	LoadAllAssembliesAndSetupDomain (483ms)
		LoadAssemblies (398ms)
		RebuildTransferFunctionScriptingTraits (0ms)
		AnalyzeDomain (202ms)
			TypeCache.Refresh (9ms)
				TypeCache.ScanAssembly (0ms)
			BuildScriptInfoCaches (178ms)
			ResolveRequiredComponents (11ms)
	FinalizeReload (828ms)
		ReleaseScriptCaches (0ms)
		RebuildScriptCaches (0ms)
		SetupLoadedEditorAssemblies (627ms)
			LogAssemblyErrors (0ms)
			InitializePlatformSupportModulesInManaged (2ms)
			SetLoadedEditorAssemblies (3ms)
			BeforeProcessingInitializeOnLoad (137ms)
			ProcessInitializeOnLoadAttributes (403ms)
			ProcessInitializeOnLoadMethodAttributes (70ms)
			AfterProcessingInitializeOnLoad (11ms)
			EditorAssembliesLoaded (0ms)
		ExecutionOrderSort2 (0ms)
		AwakeInstancesAfterBackupRestoration (35ms)
Refreshing native plugins compatible for Editor in 1.04 ms, found 3 plugins.
Preloading 0 native plugins for Editor in 0.00 ms.
Unloading 25 Unused Serialized files (Serialized files now loaded: 0)
Unloading 6251 unused Assets / (8.6 MB). Loaded Objects now: 7037.
Memory consumption went from 205.6 MB to 197.0 MB.
Total: 12.936800 ms (FindLiveObjects: 0.632100 ms CreateObjectMapping: 0.410600 ms MarkObjects: 4.996500 ms  DeleteObjects: 6.895200 ms)

Prepare: number of updated asset objects reloaded= 0
========================================================================
Received Prepare
Begin MonoManager ReloadAssembly
- Loaded All Assemblies, in  0.787 seconds
Refreshing native plugins compatible for Editor in 1.08 ms, found 3 plugins.
Native extension for WindowsStandalone target not found
[Package Manager] Failed to launch server process. Reason: Unity was launched with the -noUpm command-line argument
[Package Manager] Unable to send message (not connected to server process).
[Package Manager] Cannot connect to Unity Package Manager local server
Mono: successfully reloaded assembly
- Finished resetting the current domain, in  0.765 seconds
Domain Reload Profiling: 1551ms
	BeginReloadAssembly (222ms)
		ExecutionOrderSort (0ms)
		DisableScriptedObjects (6ms)
		BackupInstance (0ms)
		ReleaseScriptingObjects (0ms)
		CreateAndSetChildDomain (43ms)
	RebuildCommonClasses (36ms)
	RebuildNativeTypeToScriptingClass (13ms)
	initialDomainReloadingComplete (33ms)
	LoadAllAssembliesAndSetupDomain (481ms)
		LoadAssemblies (384ms)
		RebuildTransferFunctionScriptingTraits (0ms)
		AnalyzeDomain (196ms)
			TypeCache.Refresh (8ms)
				TypeCache.ScanAssembly (0ms)
			BuildScriptInfoCaches (172ms)
			ResolveRequiredComponents (11ms)
	FinalizeReload (765ms)
		ReleaseScriptCaches (0ms)
		RebuildScriptCaches (0ms)
		SetupLoadedEditorAssemblies (600ms)
			LogAssemblyErrors (0ms)
			InitializePlatformSupportModulesInManaged (2ms)
			SetLoadedEditorAssemblies (3ms)
			BeforeProcessingInitializeOnLoad (133ms)
			ProcessInitializeOnLoadAttributes (375ms)
			ProcessInitializeOnLoadMethodAttributes (78ms)
			AfterProcessingInitializeOnLoad (9ms)
			EditorAssembliesLoaded (0ms)
		ExecutionOrderSort2 (0ms)
		AwakeInstancesAfterBackupRestoration (19ms)
Refreshing native plugins compatible for Editor in 1.29 ms, found 3 plugins.
Preloading 0 native plugins for Editor in 0.00 ms.
Unloading 25 Unused Serialized files (Serialized files now loaded: 0)
Unloading 6251 unused Assets / (7.1 MB). Loaded Objects now: 7039.
Memory consumption went from 208.4 MB to 201.3 MB.
Total: 9.645700 ms (FindLiveObjects: 0.636500 ms CreateObjectMapping: 0.578400 ms MarkObjects: 4.837700 ms  DeleteObjects: 3.591200 ms)

Prepare: number of updated asset objects reloaded= 0
========================================================================
Received Prepare
Begin MonoManager ReloadAssembly
[Licensing::Client] Successfully resolved entitlement details
- Loaded All Assemblies, in  0.830 seconds
Refreshing native plugins compatible for Editor in 0.94 ms, found 3 plugins.
Native extension for WindowsStandalone target not found
[Package Manager] Failed to launch server process. Reason: Unity was launched with the -noUpm command-line argument
[Package Manager] Unable to send message (not connected to server process).
[Package Manager] Cannot connect to Unity Package Manager local server
Mono: successfully reloaded assembly
- Finished resetting the current domain, in  0.849 seconds
Domain Reload Profiling: 1678ms
	BeginReloadAssembly (226ms)
		ExecutionOrderSort (0ms)
		DisableScriptedObjects (7ms)
		BackupInstance (0ms)
		ReleaseScriptingObjects (0ms)
		CreateAndSetChildDomain (47ms)
	RebuildCommonClasses (37ms)
	RebuildNativeTypeToScriptingClass (14ms)
	initialDomainReloadingComplete (38ms)
	LoadAllAssembliesAndSetupDomain (514ms)
		LoadAssemblies (404ms)
		RebuildTransferFunctionScriptingTraits (0ms)
		AnalyzeDomain (215ms)
			TypeCache.Refresh (7ms)
				TypeCache.ScanAssembly (0ms)
			BuildScriptInfoCaches (192ms)
			ResolveRequiredComponents (11ms)
	FinalizeReload (850ms)
		ReleaseScriptCaches (0ms)
		RebuildScriptCaches (0ms)
		SetupLoadedEditorAssemblies (687ms)
			LogAssemblyErrors (0ms)
			InitializePlatformSupportModulesInManaged (2ms)
			SetLoadedEditorAssemblies (3ms)
			BeforeProcessingInitializeOnLoad (139ms)
			ProcessInitializeOnLoadAttributes (469ms)
			ProcessInitializeOnLoadMethodAttributes (66ms)
			AfterProcessingInitializeOnLoad (8ms)
			EditorAssembliesLoaded (0ms)
		ExecutionOrderSort2 (0ms)
		AwakeInstancesAfterBackupRestoration (21ms)
Refreshing native plugins compatible for Editor in 2.15 ms, found 3 plugins.
Preloading 0 native plugins for Editor in 0.00 ms.
Unloading 25 Unused Serialized files (Serialized files now loaded: 0)
Unloading 6251 unused Assets / (6.7 MB). Loaded Objects now: 7041.
Memory consumption went from 211.2 MB to 204.5 MB.
Total: 12.591600 ms (FindLiveObjects: 0.611100 ms CreateObjectMapping: 0.402100 ms MarkObjects: 5.139800 ms  DeleteObjects: 6.436900 ms)

Prepare: number of updated asset objects reloaded= 0
========================================================================
Received Import Request.
  Time since last request: 1238.854603 seconds.
  path: Assets/graded activity/script/navagentMover.cs
  artifactKey: Guid(163faeb343beda74585ead6dd9054d24) Importer(815301076,1909f56bfc062723c751e8b465ee728b)
Start importing Assets/graded activity/script/navagentMover.cs using Guid(163faeb343beda74585ead6dd9054d24) Importer(815301076,1909f56bfc062723c751e8b465ee728b) (PreviewImporter) -> (artifact id: '7e6204357defc2a6c9c56ef094a7d4d6') in 0.0119269 seconds
Number of updated asset objects reloaded before import = 0Number of asset objects unloaded after import = 0

========================================================================
Received Import Request.
  Time since last request: 0.000039 seconds.
  path: Assets/graded activity/temp/NavMesh-NavMap.asset
  artifactKey: Guid(290cd6c27c2e2ba45bcfc8c778a99fbc) Importer(815301076,1909f56bfc062723c751e8b465ee728b)
Start importing Assets/graded activity/temp/NavMesh-NavMap.asset using Guid(290cd6c27c2e2ba45bcfc8c778a99fbc) Importer(815301076,1909f56bfc062723c751e8b465ee728b) (PreviewImporter) -> (artifact id: '22305a37998f84df6cacca99c94b71c6') in 0.0230786 seconds
Number of updated asset objects reloaded before import = 0Number of asset objects unloaded after import = 1

========================================================================
Received Import Request.
  Time since last request: 0.231763 seconds.
  path: Assets/graded activity/temp.unity
  artifactKey: Guid(f7ff290c1c302b2479adfb70e338eb0d) Importer(815301076,1909f56bfc062723c751e8b465ee728b)
Start importing Assets/graded activity/temp.unity using Guid(f7ff290c1c302b2479adfb70e338eb0d) Importer(815301076,1909f56bfc062723c751e8b465ee728b) (PreviewImporter) -> (artifact id: '8f51d624a85d0cd2953e35107f8e0262') in 0.0039947 seconds
Number of updated asset objects reloaded before import = 0Number of asset objects unloaded after import = 0

========================================================================
Received Import Request.
  Time since last request: 174.574264 seconds.
  path: Assets/FINAL'/finalPractical.unity
  artifactKey: Guid(cbb473aead5ff6a418193de2c1d39300) Importer(815301076,1909f56bfc062723c751e8b465ee728b)
Start importing Assets/FINAL'/finalPractical.unity using Guid(cbb473aead5ff6a418193de2c1d39300) Importer(815301076,1909f56bfc062723c751e8b465ee728b) (PreviewImporter) -> (artifact id: '888ffbd23048c3a508916049337d9f94') in 0.0015512 seconds
Number of updated asset objects reloaded before import = 0Number of asset objects unloaded after import = 0

========================================================================
Received Prepare
Begin MonoManager ReloadAssembly
[Licensing::Client] Successfully resolved entitlement details
- Loaded All Assemblies, in  1.115 seconds
Refreshing native plugins compatible for Editor in 0.97 ms, found 3 plugins.
Native extension for WindowsStandalone target not found
[Package Manager] Failed to launch server process. Reason: Unity was launched with the -noUpm command-line argument
[Package Manager] Unable to send message (not connected to server process).
[Package Manager] Cannot connect to Unity Package Manager local server
Mono: successfully reloaded assembly
- Finished resetting the current domain, in  0.790 seconds
Domain Reload Profiling: 1907ms
	BeginReloadAssembly (360ms)
		ExecutionOrderSort (0ms)
		DisableScriptedObjects (14ms)
		BackupInstance (0ms)
		ReleaseScriptingObjects (1ms)
		CreateAndSetChildDomain (103ms)
	RebuildCommonClasses (53ms)
	RebuildNativeTypeToScriptingClass (14ms)
	initialDomainReloadingComplete (34ms)
	LoadAllAssembliesAndSetupDomain (656ms)
		LoadAssemblies (586ms)
		RebuildTransferFunctionScriptingTraits (0ms)
		AnalyzeDomain (211ms)
			TypeCache.Refresh (9ms)
				TypeCache.ScanAssembly (0ms)
			BuildScriptInfoCaches (185ms)
			ResolveRequiredComponents (12ms)
	FinalizeReload (791ms)
		ReleaseScriptCaches (0ms)
		RebuildScriptCaches (0ms)
		SetupLoadedEditorAssemblies (615ms)
			LogAssemblyErrors (0ms)
			InitializePlatformSupportModulesInManaged (2ms)
			SetLoadedEditorAssemblies (5ms)
			BeforeProcessingInitializeOnLoad (135ms)
			ProcessInitializeOnLoadAttributes (396ms)
			ProcessInitializeOnLoadMethodAttributes (66ms)
			AfterProcessingInitializeOnLoad (10ms)
			EditorAssembliesLoaded (1ms)
		ExecutionOrderSort2 (0ms)
		AwakeInstancesAfterBackupRestoration (24ms)
Refreshing native plugins compatible for Editor in 1.20 ms, found 3 plugins.
Preloading 0 native plugins for Editor in 0.00 ms.
Unloading 25 Unused Serialized files (Serialized files now loaded: 0)
Unloading 6251 unused Assets / (6.4 MB). Loaded Objects now: 7043.
Memory consumption went from 164.1 MB to 157.7 MB.
Total: 11.233400 ms (FindLiveObjects: 0.765700 ms CreateObjectMapping: 0.604700 ms MarkObjects: 5.693500 ms  DeleteObjects: 4.167200 ms)

Prepare: number of updated asset objects reloaded= 0
========================================================================
Received Import Request.
  Time since last request: 338.100141 seconds.
  path: Packages/com.unity.collab-proxy/Editor/Assets/Styles/TeamEditionConfigurationWindow.uss
  artifactKey: Guid(1cd69f37df825af4385cd9efe745fc30) Importer(815301076,1909f56bfc062723c751e8b465ee728b)
Start importing Packages/com.unity.collab-proxy/Editor/Assets/Styles/TeamEditionConfigurationWindow.uss using Guid(1cd69f37df825af4385cd9efe745fc30) Importer(815301076,1909f56bfc062723c751e8b465ee728b) (PreviewImporter) -> (artifact id: 'a323a829be32969e86d4ee86df6b9faf') in 0.0782655 seconds
Number of updated asset objects reloaded before import = 0Number of asset objects unloaded after import = 2

========================================================================
Received Import Request.
  Time since last request: 5.454861 seconds.
  path: Packages/com.unity.inputsystem/InputSystem/Editor/Icons/d_Gamepad.png
  artifactKey: Guid(76dc61ff6c2d84b24b0a2ce01dc2842d) Importer(815301076,1909f56bfc062723c751e8b465ee728b)
Start importing Packages/com.unity.inputsystem/InputSystem/Editor/Icons/d_Gamepad.png using Guid(76dc61ff6c2d84b24b0a2ce01dc2842d) Importer(815301076,1909f56bfc062723c751e8b465ee728b) (PreviewImporter) -> (artifact id: '17464acb148afe72646cbe6cc25acd34') in 0.1871759 seconds
Number of updated asset objects reloaded before import = 0Number of asset objects unloaded after import = 2

========================================================================
Received Import Request.
  Time since last request: 0.024011 seconds.
  path: Packages/com.unity.inputsystem/InputSystem/Editor/Icons/d_Gamepad@4x.png
  artifactKey: Guid(83438053370c84456a73f7f95ef821fb) Importer(815301076,1909f56bfc062723c751e8b465ee728b)
Start importing Packages/com.unity.inputsystem/InputSystem/Editor/Icons/d_Gamepad@4x.png using Guid(83438053370c84456a73f7f95ef821fb) Importer(815301076,1909f56bfc062723c751e8b465ee728b) (PreviewImporter) -> (artifact id: 'eb6fa51c594b2587332967355f471e6b') in 0.0365062 seconds
Number of updated asset objects reloaded before import = 0Number of asset objects unloaded after import = 2

========================================================================
Received Import Request.
  Time since last request: 0.000018 seconds.
  path: Packages/com.unity.ai.navigation/EditorResources/Overlay/d_NavigationOverlay On.png
  artifactKey: Guid(5c5ac68c1bc4e104f9e987b9d1da4556) Importer(815301076,1909f56bfc062723c751e8b465ee728b)
Start importing Packages/com.unity.ai.navigation/EditorResources/Overlay/d_NavigationOverlay On.png using Guid(5c5ac68c1bc4e104f9e987b9d1da4556) Importer(815301076,1909f56bfc062723c751e8b465ee728b) (PreviewImporter) -> (artifact id: '1c0d4ad63af8dcf0c5804f6c5bc2c30f') in 0.0338253 seconds
Number of updated asset objects reloaded before import = 0Number of asset objects unloaded after import = 2

========================================================================
Received Import Request.
  Time since last request: 0.000027 seconds.
  path: Packages/com.unity.inputsystem/InputSystem/Editor/Icons/d_Gamepad@3x.png
  artifactKey: Guid(9e882b58df0964f5b90ff99cb481ee79) Importer(815301076,1909f56bfc062723c751e8b465ee728b)
Start importing Packages/com.unity.inputsystem/InputSystem/Editor/Icons/d_Gamepad@3x.png using Guid(9e882b58df0964f5b90ff99cb481ee79) Importer(815301076,1909f56bfc062723c751e8b465ee728b) (PreviewImporter) -> (artifact id: '740602619a0ec95683d158420be930a7') in 0.0355309 seconds
Number of updated asset objects reloaded before import = 0Number of asset objects unloaded after import = 2

========================================================================
Received Import Request.
  Time since last request: 11.492062 seconds.
  path: Packages/com.unity.render-pipelines.universal/Shaders/BakedLitForwardPass.hlsl
  artifactKey: Guid(70003ec87ea6481a920369a377c1b623) Importer(815301076,1909f56bfc062723c751e8b465ee728b)
Start importing Packages/com.unity.render-pipelines.universal/Shaders/BakedLitForwardPass.hlsl using Guid(70003ec87ea6481a920369a377c1b623) Importer(815301076,1909f56bfc062723c751e8b465ee728b) (PreviewImporter) -> (artifact id: 'e05d2af0531af3cfde1d2097c5606870') in 0.0034629 seconds
Number of updated asset objects reloaded before import = 0Number of asset objects unloaded after import = 1

========================================================================
Received Prepare
Begin MonoManager ReloadAssembly
[Licensing::Client] Successfully resolved entitlement details
- Loaded All Assemblies, in  1.171 seconds
Refreshing native plugins compatible for Editor in 1.38 ms, found 3 plugins.
Native extension for WindowsStandalone target not found
[Package Manager] Failed to launch server process. Reason: Unity was launched with the -noUpm command-line argument
[Package Manager] Unable to send message (not connected to server process).
[Package Manager] Cannot connect to Unity Package Manager local server
Mono: successfully reloaded assembly
- Finished resetting the current domain, in  0.977 seconds
Domain Reload Profiling: 2149ms
	BeginReloadAssembly (370ms)
		ExecutionOrderSort (0ms)
		DisableScriptedObjects (15ms)
		BackupInstance (0ms)
		ReleaseScriptingObjects (1ms)
		CreateAndSetChildDomain (119ms)
	RebuildCommonClasses (50ms)
	RebuildNativeTypeToScriptingClass (13ms)
	initialDomainReloadingComplete (37ms)
	LoadAllAssembliesAndSetupDomain (701ms)
		LoadAssemblies (602ms)
		RebuildTransferFunctionScriptingTraits (0ms)
		AnalyzeDomain (241ms)
			TypeCache.Refresh (12ms)
				TypeCache.ScanAssembly (0ms)
			BuildScriptInfoCaches (211ms)
			ResolveRequiredComponents (12ms)
	FinalizeReload (978ms)
		ReleaseScriptCaches (0ms)
		RebuildScriptCaches (0ms)
		SetupLoadedEditorAssemblies (742ms)
			LogAssemblyErrors (0ms)
			InitializePlatformSupportModulesInManaged (2ms)
			SetLoadedEditorAssemblies (7ms)
			BeforeProcessingInitializeOnLoad (166ms)
			ProcessInitializeOnLoadAttributes (485ms)
			ProcessInitializeOnLoadMethodAttributes (75ms)
			AfterProcessingInitializeOnLoad (6ms)
			EditorAssembliesLoaded (1ms)
		ExecutionOrderSort2 (0ms)
		AwakeInstancesAfterBackupRestoration (20ms)
Refreshing native plugins compatible for Editor in 1.20 ms, found 3 plugins.
Preloading 0 native plugins for Editor in 0.00 ms.
Unloading 25 Unused Serialized files (Serialized files now loaded: 0)
Unloading 6251 unused Assets / (8.0 MB). Loaded Objects now: 7046.
Memory consumption went from 164.1 MB to 156.1 MB.
Total: 13.322500 ms (FindLiveObjects: 0.950300 ms CreateObjectMapping: 0.404200 ms MarkObjects: 7.228900 ms  DeleteObjects: 4.737200 ms)

Prepare: number of updated asset objects reloaded= 0
========================================================================
Received Prepare
Begin MonoManager ReloadAssembly
[Licensing::Client] Successfully resolved entitlement details
- Loaded All Assemblies, in  1.023 seconds
Refreshing native plugins compatible for Editor in 1.02 ms, found 3 plugins.
Native extension for WindowsStandalone target not found
[Package Manager] Failed to launch server process. Reason: Unity was launched with the -noUpm command-line argument
[Package Manager] Unable to send message (not connected to server process).
[Package Manager] Cannot connect to Unity Package Manager local server
Mono: successfully reloaded assembly
- Finished resetting the current domain, in  0.777 seconds
Domain Reload Profiling: 1801ms
	BeginReloadAssembly (334ms)
		ExecutionOrderSort (0ms)
		DisableScriptedObjects (17ms)
		BackupInstance (0ms)
		ReleaseScriptingObjects (1ms)
		CreateAndSetChildDomain (67ms)
	RebuildCommonClasses (45ms)
	RebuildNativeTypeToScriptingClass (14ms)
	initialDomainReloadingComplete (34ms)
	LoadAllAssembliesAndSetupDomain (597ms)
		LoadAssemblies (463ms)
		RebuildTransferFunctionScriptingTraits (0ms)
		AnalyzeDomain (258ms)
			TypeCache.Refresh (10ms)
				TypeCache.ScanAssembly (0ms)
			BuildScriptInfoCaches (231ms)
			ResolveRequiredComponents (11ms)
	FinalizeReload (778ms)
		ReleaseScriptCaches (0ms)
		RebuildScriptCaches (0ms)
		SetupLoadedEditorAssemblies (606ms)
			LogAssemblyErrors (0ms)
			InitializePlatformSupportModulesInManaged (2ms)
			SetLoadedEditorAssemblies (7ms)
			BeforeProcessingInitializeOnLoad (139ms)
			ProcessInitializeOnLoadAttributes (395ms)
			ProcessInitializeOnLoadMethodAttributes (57ms)
			AfterProcessingInitializeOnLoad (6ms)
			EditorAssembliesLoaded (0ms)
		ExecutionOrderSort2 (0ms)
		AwakeInstancesAfterBackupRestoration (16ms)
Refreshing native plugins compatible for Editor in 1.70 ms, found 3 plugins.
Preloading 0 native plugins for Editor in 0.00 ms.
Unloading 25 Unused Serialized files (Serialized files now loaded: 0)
Unloading 6251 unused Assets / (7.8 MB). Loaded Objects now: 7048.
Memory consumption went from 166.9 MB to 159.1 MB.
Total: 9.897300 ms (FindLiveObjects: 0.568700 ms CreateObjectMapping: 0.309300 ms MarkObjects: 5.014200 ms  DeleteObjects: 4.002200 ms)

Prepare: number of updated asset objects reloaded= 0
========================================================================
Received Prepare
Begin MonoManager ReloadAssembly
- Loaded All Assemblies, in  0.817 seconds
Refreshing native plugins compatible for Editor in 0.95 ms, found 3 plugins.
Native extension for WindowsStandalone target not found
[Package Manager] Failed to launch server process. Reason: Unity was launched with the -noUpm command-line argument
[Package Manager] Unable to send message (not connected to server process).
[Package Manager] Cannot connect to Unity Package Manager local server
Mono: successfully reloaded assembly
- Finished resetting the current domain, in  0.765 seconds
Domain Reload Profiling: 1581ms
	BeginReloadAssembly (225ms)
		ExecutionOrderSort (0ms)
		DisableScriptedObjects (7ms)
		BackupInstance (0ms)
		ReleaseScriptingObjects (0ms)
		CreateAndSetChildDomain (50ms)
	RebuildCommonClasses (37ms)
	RebuildNativeTypeToScriptingClass (12ms)
	initialDomainReloadingComplete (34ms)
	LoadAllAssembliesAndSetupDomain (508ms)
		LoadAssemblies (383ms)
		RebuildTransferFunctionScriptingTraits (0ms)
		AnalyzeDomain (221ms)
			TypeCache.Refresh (8ms)
				TypeCache.ScanAssembly (0ms)
			BuildScriptInfoCaches (195ms)
			ResolveRequiredComponents (14ms)
	FinalizeReload (766ms)
		ReleaseScriptCaches (0ms)
		RebuildScriptCaches (0ms)
		SetupLoadedEditorAssemblies (604ms)
			LogAssemblyErrors (0ms)
			InitializePlatformSupportModulesInManaged (2ms)
			SetLoadedEditorAssemblies (4ms)
			BeforeProcessingInitializeOnLoad (133ms)
			ProcessInitializeOnLoadAttributes (391ms)
			ProcessInitializeOnLoadMethodAttributes (69ms)
			AfterProcessingInitializeOnLoad (5ms)
			EditorAssembliesLoaded (0ms)
		ExecutionOrderSort2 (0ms)
		AwakeInstancesAfterBackupRestoration (16ms)
Refreshing native plugins compatible for Editor in 1.34 ms, found 3 plugins.
Preloading 0 native plugins for Editor in 0.00 ms.
Unloading 25 Unused Serialized files (Serialized files now loaded: 0)
Unloading 6251 unused Assets / (6.8 MB). Loaded Objects now: 7050.
Memory consumption went from 169.7 MB to 162.9 MB.
Total: 8.501400 ms (FindLiveObjects: 0.542700 ms CreateObjectMapping: 0.342000 ms MarkObjects: 4.331100 ms  DeleteObjects: 3.284200 ms)

Prepare: number of updated asset objects reloaded= 0
========================================================================
Received Prepare
Begin MonoManager ReloadAssembly
[Licensing::Client] Successfully resolved entitlement details
- Loaded All Assemblies, in  0.814 seconds
Refreshing native plugins compatible for Editor in 1.22 ms, found 3 plugins.
Native extension for WindowsStandalone target not found
[Package Manager] Failed to launch server process. Reason: Unity was launched with the -noUpm command-line argument
[Package Manager] Unable to send message (not connected to server process).
[Package Manager] Cannot connect to Unity Package Manager local server
Mono: successfully reloaded assembly
- Finished resetting the current domain, in  0.748 seconds
Domain Reload Profiling: 1563ms
	BeginReloadAssembly (227ms)
		ExecutionOrderSort (0ms)
		DisableScriptedObjects (6ms)
		BackupInstance (0ms)
		ReleaseScriptingObjects (0ms)
		CreateAndSetChildDomain (44ms)
	RebuildCommonClasses (39ms)
	RebuildNativeTypeToScriptingClass (13ms)
	initialDomainReloadingComplete (35ms)
	LoadAllAssembliesAndSetupDomain (499ms)
		LoadAssemblies (393ms)
		RebuildTransferFunctionScriptingTraits (0ms)
		AnalyzeDomain (213ms)
			TypeCache.Refresh (10ms)
				TypeCache.ScanAssembly (0ms)
			BuildScriptInfoCaches (187ms)
			ResolveRequiredComponents (12ms)
	FinalizeReload (750ms)
		ReleaseScriptCaches (0ms)
		RebuildScriptCaches (0ms)
		SetupLoadedEditorAssemblies (550ms)
			LogAssemblyErrors (0ms)
			InitializePlatformSupportModulesInManaged (2ms)
			SetLoadedEditorAssemblies (4ms)
			BeforeProcessingInitializeOnLoad (131ms)
			ProcessInitializeOnLoadAttributes (354ms)
			ProcessInitializeOnLoadMethodAttributes (53ms)
			AfterProcessingInitializeOnLoad (6ms)
			EditorAssembliesLoaded (0ms)
		ExecutionOrderSort2 (0ms)
		AwakeInstancesAfterBackupRestoration (16ms)
Refreshing native plugins compatible for Editor in 1.39 ms, found 3 plugins.
Preloading 0 native plugins for Editor in 0.00 ms.
Unloading 25 Unused Serialized files (Serialized files now loaded: 0)
Unloading 6251 unused Assets / (6.4 MB). Loaded Objects now: 7052.
Memory consumption went from 172.6 MB to 166.2 MB.
Total: 9.147800 ms (FindLiveObjects: 0.758700 ms CreateObjectMapping: 0.342200 ms MarkObjects: 4.689400 ms  DeleteObjects: 3.355600 ms)

Prepare: number of updated asset objects reloaded= 0
========================================================================
Received Import Request.
  Time since last request: 429.960266 seconds.
  path: Assets/Lab4/Lab04-resources/guardController.controller
  artifactKey: Guid(9f3991713fa082f47b9f4d11650cd0d0) Importer(815301076,1909f56bfc062723c751e8b465ee728b)
Start importing Assets/Lab4/Lab04-resources/guardController.controller using Guid(9f3991713fa082f47b9f4d11650cd0d0) Importer(815301076,1909f56bfc062723c751e8b465ee728b) (PreviewImporter) -> (artifact id: 'fe5341bc0ad1f67575c997eb689465f9') in 0.2213156 seconds
Number of updated asset objects reloaded before import = 0Number of asset objects unloaded after import = 23

========================================================================
Received Prepare
Begin MonoManager ReloadAssembly
[Licensing::Client] Successfully resolved entitlement details
- Loaded All Assemblies, in  2.251 seconds
Refreshing native plugins compatible for Editor in 4.29 ms, found 3 plugins.
Native extension for WindowsStandalone target not found
[Package Manager] Failed to launch server process. Reason: Unity was launched with the -noUpm command-line argument
[Package Manager] Unable to send message (not connected to server process).
[Package Manager] Cannot connect to Unity Package Manager local server
Mono: successfully reloaded assembly
- Finished resetting the current domain, in  1.270 seconds
Domain Reload Profiling: 3510ms
	BeginReloadAssembly (609ms)
		ExecutionOrderSort (0ms)
		DisableScriptedObjects (25ms)
		BackupInstance (0ms)
		ReleaseScriptingObjects (0ms)
		CreateAndSetChildDomain (133ms)
	RebuildCommonClasses (106ms)
	RebuildNativeTypeToScriptingClass (34ms)
	initialDomainReloadingComplete (93ms)
	LoadAllAssembliesAndSetupDomain (1397ms)
		LoadAssemblies (1190ms)
		RebuildTransferFunctionScriptingTraits (0ms)
		AnalyzeDomain (503ms)
			TypeCache.Refresh (19ms)
				TypeCache.ScanAssembly (0ms)
			BuildScriptInfoCaches (444ms)
			ResolveRequiredComponents (31ms)
	FinalizeReload (1270ms)
		ReleaseScriptCaches (0ms)
		RebuildScriptCaches (0ms)
		SetupLoadedEditorAssemblies (917ms)
			LogAssemblyErrors (0ms)
			InitializePlatformSupportModulesInManaged (6ms)
			SetLoadedEditorAssemblies (7ms)
			BeforeProcessingInitializeOnLoad (449ms)
			ProcessInitializeOnLoadAttributes (389ms)
			ProcessInitializeOnLoadMethodAttributes (60ms)
			AfterProcessingInitializeOnLoad (5ms)
			EditorAssembliesLoaded (0ms)
		ExecutionOrderSort2 (0ms)
		AwakeInstancesAfterBackupRestoration (15ms)
Refreshing native plugins compatible for Editor in 0.99 ms, found 3 plugins.
Preloading 0 native plugins for Editor in 0.00 ms.
Unloading 25 Unused Serialized files (Serialized files now loaded: 0)
Unloading 6251 unused Assets / (6.4 MB). Loaded Objects now: 7054.
Memory consumption went from 164.3 MB to 158.0 MB.
Total: 8.774400 ms (FindLiveObjects: 0.467800 ms CreateObjectMapping: 0.519700 ms MarkObjects: 4.157400 ms  DeleteObjects: 3.628100 ms)

Prepare: number of updated asset objects reloaded= 0
========================================================================
Received Import Request.
  Time since last request: 47.361338 seconds.
  path: Assets/graded activity/temp/NavMesh-NavMap.asset
  artifactKey: Guid(290cd6c27c2e2ba45bcfc8c778a99fbc) Importer(815301076,1909f56bfc062723c751e8b465ee728b)
Start importing Assets/graded activity/temp/NavMesh-NavMap.asset using Guid(290cd6c27c2e2ba45bcfc8c778a99fbc) Importer(815301076,1909f56bfc062723c751e8b465ee728b) (PreviewImporter) -> (artifact id: 'c9cee444a90f3604cbc643ac58f45e15') in 0.0402803 seconds
Number of updated asset objects reloaded before import = 0Number of asset objects unloaded after import = 1

========================================================================
Received Prepare
Begin MonoManager ReloadAssembly
[Licensing::Client] Successfully resolved entitlement details
- Loaded All Assemblies, in  0.801 seconds
Refreshing native plugins compatible for Editor in 1.13 ms, found 3 plugins.
Native extension for WindowsStandalone target not found
[Package Manager] Failed to launch server process. Reason: Unity was launched with the -noUpm command-line argument
[Package Manager] Unable to send message (not connected to server process).
[Package Manager] Cannot connect to Unity Package Manager local server
Mono: successfully reloaded assembly
- Finished resetting the current domain, in  0.750 seconds
Domain Reload Profiling: 1550ms
	BeginReloadAssembly (237ms)
		ExecutionOrderSort (0ms)
		DisableScriptedObjects (10ms)
		BackupInstance (0ms)
		ReleaseScriptingObjects (0ms)
		CreateAndSetChildDomain (51ms)
	RebuildCommonClasses (36ms)
	RebuildNativeTypeToScriptingClass (13ms)
	initialDomainReloadingComplete (32ms)
	LoadAllAssembliesAndSetupDomain (481ms)
		LoadAssemblies (376ms)
		RebuildTransferFunctionScriptingTraits (0ms)
		AnalyzeDomain (203ms)
			TypeCache.Refresh (9ms)
				TypeCache.ScanAssembly (0ms)
			BuildScriptInfoCaches (178ms)
			ResolveRequiredComponents (11ms)
	FinalizeReload (751ms)
		ReleaseScriptCaches (0ms)
		RebuildScriptCaches (0ms)
		SetupLoadedEditorAssemblies (592ms)
			LogAssemblyErrors (0ms)
			InitializePlatformSupportModulesInManaged (2ms)
			SetLoadedEditorAssemblies (3ms)
			BeforeProcessingInitializeOnLoad (137ms)
			ProcessInitializeOnLoadAttributes (374ms)
			ProcessInitializeOnLoadMethodAttributes (68ms)
			AfterProcessingInitializeOnLoad (7ms)
			EditorAssembliesLoaded (0ms)
		ExecutionOrderSort2 (0ms)
		AwakeInstancesAfterBackupRestoration (16ms)
Refreshing native plugins compatible for Editor in 1.26 ms, found 3 plugins.
Preloading 0 native plugins for Editor in 0.00 ms.
Unloading 25 Unused Serialized files (Serialized files now loaded: 0)
Unloading 6251 unused Assets / (7.0 MB). Loaded Objects now: 7056.
Memory consumption went from 164.4 MB to 157.3 MB.
Total: 9.819400 ms (FindLiveObjects: 0.566900 ms CreateObjectMapping: 0.394300 ms MarkObjects: 5.259700 ms  DeleteObjects: 3.596800 ms)

Prepare: number of updated asset objects reloaded= 0
========================================================================
Received Prepare
Begin MonoManager ReloadAssembly
[Licensing::Client] Successfully resolved entitlement details
- Loaded All Assemblies, in  0.872 seconds
Refreshing native plugins compatible for Editor in 1.01 ms, found 3 plugins.
Native extension for WindowsStandalone target not found
[Package Manager] Failed to launch server process. Reason: Unity was launched with the -noUpm command-line argument
[Package Manager] Unable to send message (not connected to server process).
[Package Manager] Cannot connect to Unity Package Manager local server
Mono: successfully reloaded assembly
- Finished resetting the current domain, in  0.749 seconds
Domain Reload Profiling: 1619ms
	BeginReloadAssembly (284ms)
		ExecutionOrderSort (0ms)
		DisableScriptedObjects (7ms)
		BackupInstance (0ms)
		ReleaseScriptingObjects (0ms)
		CreateAndSetChildDomain (65ms)
	RebuildCommonClasses (39ms)
	RebuildNativeTypeToScriptingClass (13ms)
	initialDomainReloadingComplete (36ms)
	LoadAllAssembliesAndSetupDomain (497ms)
		LoadAssemblies (403ms)
		RebuildTransferFunctionScriptingTraits (0ms)
		AnalyzeDomain (208ms)
			TypeCache.Refresh (7ms)
				TypeCache.ScanAssembly (0ms)
			BuildScriptInfoCaches (185ms)
			ResolveRequiredComponents (11ms)
	FinalizeReload (750ms)
		ReleaseScriptCaches (0ms)
		RebuildScriptCaches (0ms)
		SetupLoadedEditorAssemblies (585ms)
			LogAssemblyErrors (0ms)
			InitializePlatformSupportModulesInManaged (2ms)
			SetLoadedEditorAssemblies (4ms)
			BeforeProcessingInitializeOnLoad (128ms)
			ProcessInitializeOnLoadAttributes (382ms)
			ProcessInitializeOnLoadMethodAttributes (63ms)
			AfterProcessingInitializeOnLoad (6ms)
			EditorAssembliesLoaded (0ms)
		ExecutionOrderSort2 (0ms)
		AwakeInstancesAfterBackupRestoration (19ms)
Refreshing native plugins compatible for Editor in 1.51 ms, found 3 plugins.
Preloading 0 native plugins for Editor in 0.00 ms.
Unloading 25 Unused Serialized files (Serialized files now loaded: 0)
Unloading 6251 unused Assets / (6.7 MB). Loaded Objects now: 7058.
Memory consumption went from 167.2 MB to 160.5 MB.
Total: 11.778900 ms (FindLiveObjects: 0.590300 ms CreateObjectMapping: 0.326200 ms MarkObjects: 4.641800 ms  DeleteObjects: 6.218800 ms)

Prepare: number of updated asset objects reloaded= 0
========================================================================
Received Import Request.
  Time since last request: 178.793764 seconds.
  path: Assets/LowPolyRPGWeapons_Lite/Prefabs/Sword_01.prefab
  artifactKey: Guid(b84d7ca3927758646a65731cc107aa76) Importer(815301076,1909f56bfc062723c751e8b465ee728b)
Start importing Assets/LowPolyRPGWeapons_Lite/Prefabs/Sword_01.prefab using Guid(b84d7ca3927758646a65731cc107aa76) Importer(815301076,1909f56bfc062723c751e8b465ee728b) (PreviewImporter) -> (artifact id: '2a820922d0ebf6e2493f86dc83db1279') in 0.6892067 seconds
Number of updated asset objects reloaded before import = 0Number of asset objects unloaded after import = 10

========================================================================
Received Prepare
Begin MonoManager ReloadAssembly
[Licensing::Client] Successfully resolved entitlement details
- Loaded All Assemblies, in  3.484 seconds
Refreshing native plugins compatible for Editor in 5.22 ms, found 3 plugins.
Native extension for WindowsStandalone target not found
[Package Manager] Failed to launch server process. Reason: Unity was launched with the -noUpm command-line argument
[Package Manager] Unable to send message (not connected to server process).
[Package Manager] Cannot connect to Unity Package Manager local server
Mono: successfully reloaded assembly
- Finished resetting the current domain, in  2.527 seconds
Domain Reload Profiling: 5986ms
	BeginReloadAssembly (689ms)
		ExecutionOrderSort (0ms)
		DisableScriptedObjects (78ms)
		BackupInstance (0ms)
		ReleaseScriptingObjects (0ms)
		CreateAndSetChildDomain (141ms)
	RebuildCommonClasses (91ms)
	RebuildNativeTypeToScriptingClass (42ms)
	initialDomainReloadingComplete (139ms)
	LoadAllAssembliesAndSetupDomain (2497ms)
		LoadAssemblies (1683ms)
		RebuildTransferFunctionScriptingTraits (0ms)
		AnalyzeDomain (1098ms)
			TypeCache.Refresh (71ms)
				TypeCache.ScanAssembly (3ms)
			BuildScriptInfoCaches (970ms)
			ResolveRequiredComponents (47ms)
	FinalizeReload (2528ms)
		ReleaseScriptCaches (0ms)
		RebuildScriptCaches (0ms)
		SetupLoadedEditorAssemblies (1949ms)
			LogAssemblyErrors (0ms)
			InitializePlatformSupportModulesInManaged (5ms)
			SetLoadedEditorAssemblies (20ms)
			BeforeProcessingInitializeOnLoad (588ms)
			ProcessInitializeOnLoadAttributes (1153ms)
			ProcessInitializeOnLoadMethodAttributes (158ms)
			AfterProcessingInitializeOnLoad (24ms)
			EditorAssembliesLoaded (1ms)
		ExecutionOrderSort2 (0ms)
		AwakeInstancesAfterBackupRestoration (98ms)
Refreshing native plugins compatible for Editor in 4.70 ms, found 3 plugins.
Preloading 0 native plugins for Editor in 0.00 ms.
Unloading 25 Unused Serialized files (Serialized files now loaded: 0)
Unloading 6252 unused Assets / (6.2 MB). Loaded Objects now: 7081.
Memory consumption went from 164.6 MB to 158.4 MB.
Total: 26.676500 ms (FindLiveObjects: 1.398400 ms CreateObjectMapping: 1.045900 ms MarkObjects: 14.260700 ms  DeleteObjects: 9.969000 ms)

Prepare: number of updated asset objects reloaded= 0
========================================================================
Received Import Request.
  Time since last request: 91.587833 seconds.
  path: Assets/3D Characters Zombie City Streets Lowpoly Pack - Lite/Models
  artifactKey: Guid(f6d544776dfceab4f8ca1dea812466a0) Importer(815301076,1909f56bfc062723c751e8b465ee728b)
Start importing Assets/3D Characters Zombie City Streets Lowpoly Pack - Lite/Models using Guid(f6d544776dfceab4f8ca1dea812466a0) Importer(815301076,1909f56bfc062723c751e8b465ee728b) (PreviewImporter) -> (artifact id: 'cac246b1238f6249e73313221e4f2093') in 0.0084253 seconds
Number of updated asset objects reloaded before import = 0Number of asset objects unloaded after import = 0

========================================================================
Received Import Request.
  Time since last request: 0.075606 seconds.
  path: Assets/3D Characters Zombie City Streets Lowpoly Pack - Lite/Models/Characters_Zombie_SuitMan_1.fbx
  artifactKey: Guid(885eac34fd0d577439e6670a7ca3777e) Importer(815301076,1909f56bfc062723c751e8b465ee728b)
Start importing Assets/3D Characters Zombie City Streets Lowpoly Pack - Lite/Models/Characters_Zombie_SuitMan_1.fbx using Guid(885eac34fd0d577439e6670a7ca3777e) Importer(815301076,1909f56bfc062723c751e8b465ee728b) (PreviewImporter) -> (artifact id: 'd17f7da85938eab194349fd56742cd16') in 8.0120175 seconds
Number of updated asset objects reloaded before import = 0Number of asset objects unloaded after import = 131

========================================================================
Received Import Request.
  Time since last request: 0.000093 seconds.
  path: Assets/3D Characters Zombie City Streets Lowpoly Pack - Lite/Prefabs/(P) Characters_Zombie_SuitMan_1.prefab
  artifactKey: Guid(970a0e0414fa8be4695cbe8c3d95afd7) Importer(815301076,1909f56bfc062723c751e8b465ee728b)
Start importing Assets/3D Characters Zombie City Streets Lowpoly Pack - Lite/Prefabs/(P) Characters_Zombie_SuitMan_1.prefab using Guid(970a0e0414fa8be4695cbe8c3d95afd7) Importer(815301076,1909f56bfc062723c751e8b465ee728b) (PreviewImporter) -> (artifact id: 'ca23f8f9a7be2a0774962a7ac3646953') in 0.0576413 seconds
Number of updated asset objects reloaded before import = 0Number of asset objects unloaded after import = 131

========================================================================
Received Prepare
Begin MonoManager ReloadAssembly
[Licensing::Client] Successfully resolved entitlement details
- Loaded All Assemblies, in  1.260 seconds
Refreshing native plugins compatible for Editor in 0.98 ms, found 3 plugins.
Native extension for WindowsStandalone target not found
[Package Manager] Failed to launch server process. Reason: Unity was launched with the -noUpm command-line argument
[Package Manager] Unable to send message (not connected to server process).
[Package Manager] Cannot connect to Unity Package Manager local server
Mono: successfully reloaded assembly
- Finished resetting the current domain, in  0.892 seconds
Domain Reload Profiling: 2149ms
	BeginReloadAssembly (293ms)
		ExecutionOrderSort (0ms)
		DisableScriptedObjects (37ms)
		BackupInstance (0ms)
		ReleaseScriptingObjects (0ms)
		CreateAndSetChildDomain (59ms)
	RebuildCommonClasses (41ms)
	RebuildNativeTypeToScriptingClass (16ms)
	initialDomainReloadingComplete (42ms)
	LoadAllAssembliesAndSetupDomain (864ms)
		LoadAssemblies (778ms)
		RebuildTransferFunctionScriptingTraits (0ms)
		AnalyzeDomain (196ms)
			TypeCache.Refresh (7ms)
				TypeCache.ScanAssembly (0ms)
			BuildScriptInfoCaches (173ms)
			ResolveRequiredComponents (11ms)
	FinalizeReload (893ms)
		ReleaseScriptCaches (0ms)
		RebuildScriptCaches (0ms)
		SetupLoadedEditorAssemblies (711ms)
			LogAssemblyErrors (0ms)
			InitializePlatformSupportModulesInManaged (2ms)
			SetLoadedEditorAssemblies (4ms)
			BeforeProcessingInitializeOnLoad (143ms)
			ProcessInitializeOnLoadAttributes (484ms)
			ProcessInitializeOnLoadMethodAttributes (70ms)
			AfterProcessingInitializeOnLoad (8ms)
			EditorAssembliesLoaded (0ms)
		ExecutionOrderSort2 (0ms)
		AwakeInstancesAfterBackupRestoration (22ms)
Refreshing native plugins compatible for Editor in 1.51 ms, found 3 plugins.
Preloading 0 native plugins for Editor in 0.00 ms.
Unloading 25 Unused Serialized files (Serialized files now loaded: 0)
Unloading 6253 unused Assets / (6.5 MB). Loaded Objects now: 7107.
Memory consumption went from 171.6 MB to 165.1 MB.
Total: 10.051700 ms (FindLiveObjects: 0.617100 ms CreateObjectMapping: 0.369000 ms MarkObjects: 5.824400 ms  DeleteObjects: 3.238600 ms)

Prepare: number of updated asset objects reloaded= 0
========================================================================
Received Import Request.
  Time since last request: 105.202790 seconds.
  path: Assets/Lab4/Lab04-resources/Part 1/scripts/controller.cs
  artifactKey: Guid(21a0f17e00dc1284c9364745dc8b2627) Importer(815301076,1909f56bfc062723c751e8b465ee728b)
Start importing Assets/Lab4/Lab04-resources/Part 1/scripts/controller.cs using Guid(21a0f17e00dc1284c9364745dc8b2627) Importer(815301076,1909f56bfc062723c751e8b465ee728b) (PreviewImporter) -> (artifact id: '63078bd2548e7daaa70d8c4e3e516a2a') in 0.0105796 seconds
Number of updated asset objects reloaded before import = 0Number of asset objects unloaded after import = 0

========================================================================
Received Prepare
Begin MonoManager ReloadAssembly
[Licensing::Client] Successfully resolved entitlement details
- Loaded All Assemblies, in  0.835 seconds
Refreshing native plugins compatible for Editor in 1.20 ms, found 3 plugins.
Native extension for WindowsStandalone target not found
[Package Manager] Failed to launch server process. Reason: Unity was launched with the -noUpm command-line argument
[Package Manager] Unable to send message (not connected to server process).
[Package Manager] Cannot connect to Unity Package Manager local server
Mono: successfully reloaded assembly
- Finished resetting the current domain, in  0.866 seconds
Domain Reload Profiling: 1699ms
	BeginReloadAssembly (263ms)
		ExecutionOrderSort (0ms)
		DisableScriptedObjects (6ms)
		BackupInstance (0ms)
		ReleaseScriptingObjects (0ms)
		CreateAndSetChildDomain (68ms)
	RebuildCommonClasses (37ms)
	RebuildNativeTypeToScriptingClass (15ms)
	initialDomainReloadingComplete (35ms)
	LoadAllAssembliesAndSetupDomain (482ms)
		LoadAssemblies (390ms)
		RebuildTransferFunctionScriptingTraits (0ms)
		AnalyzeDomain (197ms)
			TypeCache.Refresh (9ms)
				TypeCache.ScanAssembly (0ms)
			BuildScriptInfoCaches (171ms)
			ResolveRequiredComponents (12ms)
	FinalizeReload (867ms)
		ReleaseScriptCaches (0ms)
		RebuildScriptCaches (0ms)
		SetupLoadedEditorAssemblies (638ms)
			LogAssemblyErrors (0ms)
			InitializePlatformSupportModulesInManaged (2ms)
			SetLoadedEditorAssemblies (4ms)
			BeforeProcessingInitializeOnLoad (142ms)
			ProcessInitializeOnLoadAttributes (384ms)
			ProcessInitializeOnLoadMethodAttributes (90ms)
			AfterProcessingInitializeOnLoad (16ms)
			EditorAssembliesLoaded (0ms)
		ExecutionOrderSort2 (0ms)
		AwakeInstancesAfterBackupRestoration (54ms)
Refreshing native plugins compatible for Editor in 1.32 ms, found 3 plugins.
Preloading 0 native plugins for Editor in 0.00 ms.
Unloading 25 Unused Serialized files (Serialized files now loaded: 0)
Unloading 6252 unused Assets / (6.7 MB). Loaded Objects now: 7109.
Memory consumption went from 171.5 MB to 164.8 MB.
Total: 8.979000 ms (FindLiveObjects: 0.566700 ms CreateObjectMapping: 0.342000 ms MarkObjects: 4.602300 ms  DeleteObjects: 3.466400 ms)

Prepare: number of updated asset objects reloaded= 0
========================================================================
Received Prepare
Begin MonoManager ReloadAssembly
- Loaded All Assemblies, in  0.852 seconds
Refreshing native plugins compatible for Editor in 1.04 ms, found 3 plugins.
Native extension for WindowsStandalone target not found
[Package Manager] Failed to launch server process. Reason: Unity was launched with the -noUpm command-line argument
[Package Manager] Unable to send message (not connected to server process).
[Package Manager] Cannot connect to Unity Package Manager local server
Mono: successfully reloaded assembly
- Finished resetting the current domain, in  0.865 seconds
Domain Reload Profiling: 1717ms
	BeginReloadAssembly (229ms)
		ExecutionOrderSort (0ms)
		DisableScriptedObjects (6ms)
		BackupInstance (0ms)
		ReleaseScriptingObjects (0ms)
		CreateAndSetChildDomain (44ms)
	RebuildCommonClasses (41ms)
	RebuildNativeTypeToScriptingClass (13ms)
	initialDomainReloadingComplete (31ms)
	LoadAllAssembliesAndSetupDomain (537ms)
		LoadAssemblies (427ms)
		RebuildTransferFunctionScriptingTraits (0ms)
		AnalyzeDomain (224ms)
			TypeCache.Refresh (7ms)
				TypeCache.ScanAssembly (0ms)
			BuildScriptInfoCaches (200ms)
			ResolveRequiredComponents (13ms)
	FinalizeReload (865ms)
		ReleaseScriptCaches (0ms)
		RebuildScriptCaches (0ms)
		SetupLoadedEditorAssemblies (705ms)
			LogAssemblyErrors (0ms)
			InitializePlatformSupportModulesInManaged (2ms)
			SetLoadedEditorAssemblies (4ms)
			BeforeProcessingInitializeOnLoad (133ms)
			ProcessInitializeOnLoadAttributes (434ms)
			ProcessInitializeOnLoadMethodAttributes (123ms)
			AfterProcessingInitializeOnLoad (9ms)
			EditorAssembliesLoaded (1ms)
		ExecutionOrderSort2 (0ms)
		AwakeInstancesAfterBackupRestoration (19ms)
Refreshing native plugins compatible for Editor in 1.33 ms, found 3 plugins.
Preloading 0 native plugins for Editor in 0.00 ms.
Unloading 25 Unused Serialized files (Serialized files now loaded: 0)
Unloading 6252 unused Assets / (7.4 MB). Loaded Objects now: 7111.
Memory consumption went from 174.3 MB to 166.9 MB.
Total: 9.909000 ms (FindLiveObjects: 0.606400 ms CreateObjectMapping: 0.350200 ms MarkObjects: 5.160000 ms  DeleteObjects: 3.790700 ms)

Prepare: number of updated asset objects reloaded= 0
========================================================================
Received Import Request.
  Time since last request: 146.749207 seconds.
  path: Assets/FINAL'/finalPractical.unity
  artifactKey: Guid(cbb473aead5ff6a418193de2c1d39300) Importer(2089858483,192608db42251d675da83286b1cce702)
Start importing Assets/FINAL'/finalPractical.unity using Guid(cbb473aead5ff6a418193de2c1d39300) Importer(2089858483,192608db42251d675da83286b1cce702) (ScriptedImporter) -> (artifact id: '0caea0921342a6dcbbcdf4dd2c359d58') in 0.2519148 seconds
Number of updated asset objects reloaded before import = 0Number of asset objects unloaded after import = 1

========================================================================
Received Import Request.
  Time since last request: 0.000032 seconds.
  path: Assets/3D Characters Zombie City Streets Lowpoly Pack - Lite/Resources/Yes.png
  artifactKey: Guid(4891bce6fc7ded548b41b333e3021ff4) Importer(2089858483,192608db42251d675da83286b1cce702)
Start importing Assets/3D Characters Zombie City Streets Lowpoly Pack - Lite/Resources/Yes.png using Guid(4891bce6fc7ded548b41b333e3021ff4) Importer(2089858483,192608db42251d675da83286b1cce702) (ScriptedImporter) -> (artifact id: '6c0dfc8edf7726ab827d34028ca2cbfd') in 0.1228269 seconds
Number of updated asset objects reloaded before import = 0Number of asset objects unloaded after import = 3

========================================================================
Received Import Request.
  Time since last request: 0.000030 seconds.
  path: Assets/3D Characters Zombie City Streets Lowpoly Pack - Lite/Models
  artifactKey: Guid(f6d544776dfceab4f8ca1dea812466a0) Importer(2089858483,192608db42251d675da83286b1cce702)
Start importing Assets/3D Characters Zombie City Streets Lowpoly Pack - Lite/Models using Guid(f6d544776dfceab4f8ca1dea812466a0) Importer(2089858483,192608db42251d675da83286b1cce702) (ScriptedImporter) -> (artifact id: 'fb78f25c83133eb27ba03e38288d5c6b') in 0.0193444 seconds
Number of updated asset objects reloaded before import = 0Number of asset objects unloaded after import = 1

========================================================================
Received Import Request.
  Time since last request: 0.000017 seconds.
  path: Assets/3D Characters Zombie City Streets Lowpoly Pack - Lite/Scenes
  artifactKey: Guid(817949420a746534694320bb7089312b) Importer(2089858483,192608db42251d675da83286b1cce702)
Start importing Assets/3D Characters Zombie City Streets Lowpoly Pack - Lite/Scenes using Guid(817949420a746534694320bb7089312b) Importer(2089858483,192608db42251d675da83286b1cce702) (ScriptedImporter) -> (artifact id: 'febbe1295be2ff3b21c759dd5a956936') in 0.0214121 seconds
Number of updated asset objects reloaded before import = 0Number of asset objects unloaded after import = 1

========================================================================
Received Import Request.
  Time since last request: 0.000018 seconds.
  path: Assets/3D Characters Zombie City Streets Lowpoly Pack - Lite/Materials/BaseMaterial.mat
  artifactKey: Guid(1cef3382fdcf7af4d8520c90e7e23d69) Importer(2089858483,192608db42251d675da83286b1cce702)
Start importing Assets/3D Characters Zombie City Streets Lowpoly Pack - Lite/Materials/BaseMaterial.mat using Guid(1cef3382fdcf7af4d8520c90e7e23d69) Importer(2089858483,192608db42251d675da83286b1cce702) (ScriptedImporter) -> (artifact id: '3c29bf3e9a80b7ce7c5d1c3091c0e3cd') in 0.05788 seconds
Number of updated asset objects reloaded before import = 0Number of asset objects unloaded after import = 2

========================================================================
Received Import Request.
  Time since last request: 0.000023 seconds.
  path: Assets/3D Characters Zombie City Streets Lowpoly Pack - Lite/Editor/RateAssetPopup.cs
  artifactKey: Guid(9bd8d3ac3d7963c4dac4f8f646c7b803) Importer(2089858483,192608db42251d675da83286b1cce702)
Start importing Assets/3D Characters Zombie City Streets Lowpoly Pack - Lite/Editor/RateAssetPopup.cs using Guid(9bd8d3ac3d7963c4dac4f8f646c7b803) Importer(2089858483,192608db42251d675da83286b1cce702) (ScriptedImporter) -> (artifact id: '087e812848c2b531a33d198456299cc1') in 0.0301509 seconds
Number of updated asset objects reloaded before import = 0Number of asset objects unloaded after import = 0

========================================================================
Received Import Request.
  Time since last request: 0.000028 seconds.
  path: Assets/3D Characters Zombie City Streets Lowpoly Pack - Lite/Materials/Eyes.mat
  artifactKey: Guid(ffcd02750402e264babfe88a9b5f9422) Importer(2089858483,192608db42251d675da83286b1cce702)
Start importing Assets/3D Characters Zombie City Streets Lowpoly Pack - Lite/Materials/Eyes.mat using Guid(ffcd02750402e264babfe88a9b5f9422) Importer(2089858483,192608db42251d675da83286b1cce702) (ScriptedImporter) -> (artifact id: '19e0e9fb1e0fca229c80f944bb9f45ab') in 0.031891 seconds
Number of updated asset objects reloaded before import = 0Number of asset objects unloaded after import = 1

========================================================================
Received Import Request.
  Time since last request: 0.000019 seconds.
  path: Assets/3D Characters Zombie City Streets Lowpoly Pack - Lite/Resources
  artifactKey: Guid(a416cc6eddd9b2e479dbffc6209f32a1) Importer(2089858483,192608db42251d675da83286b1cce702)
Start importing Assets/3D Characters Zombie City Streets Lowpoly Pack - Lite/Resources using Guid(a416cc6eddd9b2e479dbffc6209f32a1) Importer(2089858483,192608db42251d675da83286b1cce702) (ScriptedImporter) -> (artifact id: '066f7a11247c777f63ed425281f9924a') in 0.0246569 seconds
Number of updated asset objects reloaded before import = 0Number of asset objects unloaded after import = 1

========================================================================
Received Import Request.
  Time since last request: 0.000018 seconds.
  path: Assets/3D Characters Zombie City Streets Lowpoly Pack - Lite/Materials
  artifactKey: Guid(b90d556bbdbebe342a19a57771794d04) Importer(2089858483,192608db42251d675da83286b1cce702)
Start importing Assets/3D Characters Zombie City Streets Lowpoly Pack - Lite/Materials using Guid(b90d556bbdbebe342a19a57771794d04) Importer(2089858483,192608db42251d675da83286b1cce702) (ScriptedImporter) -> (artifact id: 'c9d3a20b9cc31b75ccb7d187115a674c') in 0.0224875 seconds
Number of updated asset objects reloaded before import = 0Number of asset objects unloaded after import = 1

========================================================================
Received Import Request.
  Time since last request: 0.000021 seconds.
  path: Assets/3D Characters Zombie City Streets Lowpoly Pack - Lite/Textures/CatBorg_Pallete_MK_4_1.png
  artifactKey: Guid(2f40f423afe311f41881e2e98a68041e) Importer(2089858483,192608db42251d675da83286b1cce702)
Start importing Assets/3D Characters Zombie City Streets Lowpoly Pack - Lite/Textures/CatBorg_Pallete_MK_4_1.png using Guid(2f40f423afe311f41881e2e98a68041e) Importer(2089858483,192608db42251d675da83286b1cce702) (ScriptedImporter) -> (artifact id: 'bdb7c1e9e7b4f0717dedda8d3f1bdf65') in 0.0389346 seconds
Number of updated asset objects reloaded before import = 0Number of asset objects unloaded after import = 3

========================================================================
Received Import Request.
  Time since last request: 0.000031 seconds.
  path: Assets/3D Characters Zombie City Streets Lowpoly Pack - Lite/Resources/No.png
  artifactKey: Guid(e56cf4e3d57688544b13e15dfb94eaa0) Importer(2089858483,192608db42251d675da83286b1cce702)
Start importing Assets/3D Characters Zombie City Streets Lowpoly Pack - Lite/Resources/No.png using Guid(e56cf4e3d57688544b13e15dfb94eaa0) Importer(2089858483,192608db42251d675da83286b1cce702) (ScriptedImporter) -> (artifact id: 'f19deb1b83bdb0db89329f26dcd348f5') in 0.0601135 seconds
Number of updated asset objects reloaded before import = 0Number of asset objects unloaded after import = 3

========================================================================
Received Import Request.
  Time since last request: 2.723713 seconds.
  path: Assets/Lab4/Lab04-resources/guardController.controller
  artifactKey: Guid(9f3991713fa082f47b9f4d11650cd0d0) Importer(2089858483,192608db42251d675da83286b1cce702)
Start importing Assets/Lab4/Lab04-resources/guardController.controller using Guid(9f3991713fa082f47b9f4d11650cd0d0) Importer(2089858483,192608db42251d675da83286b1cce702) (ScriptedImporter) -> (artifact id: '3033a9ded954307f42276d5d6d5ec1ea') in 0.04446 seconds
Number of updated asset objects reloaded before import = 0Number of asset objects unloaded after import = 24

========================================================================
Received Prepare
Begin MonoManager ReloadAssembly
[Licensing::Client] Successfully resolved entitlement details
- Loaded All Assemblies, in  0.895 seconds
Refreshing native plugins compatible for Editor in 0.94 ms, found 3 plugins.
Native extension for WindowsStandalone target not found
[Package Manager] Failed to launch server process. Reason: Unity was launched with the -noUpm command-line argument
[Package Manager] Unable to send message (not connected to server process).
[Package Manager] Cannot connect to Unity Package Manager local server
Mono: successfully reloaded assembly
- Finished resetting the current domain, in  0.866 seconds
Domain Reload Profiling: 1760ms
	BeginReloadAssembly (290ms)
		ExecutionOrderSort (0ms)
		DisableScriptedObjects (7ms)
		BackupInstance (0ms)
		ReleaseScriptingObjects (0ms)
		CreateAndSetChildDomain (87ms)
	RebuildCommonClasses (37ms)
	RebuildNativeTypeToScriptingClass (13ms)
	initialDomainReloadingComplete (36ms)
	LoadAllAssembliesAndSetupDomain (518ms)
		LoadAssemblies (427ms)
		RebuildTransferFunctionScriptingTraits (0ms)
		AnalyzeDomain (204ms)
			TypeCache.Refresh (7ms)
				TypeCache.ScanAssembly (0ms)
			BuildScriptInfoCaches (180ms)
			ResolveRequiredComponents (12ms)
	FinalizeReload (867ms)
		ReleaseScriptCaches (0ms)
		RebuildScriptCaches (0ms)
		SetupLoadedEditorAssemblies (691ms)
			LogAssemblyErrors (0ms)
			InitializePlatformSupportModulesInManaged (2ms)
			SetLoadedEditorAssemblies (4ms)
			BeforeProcessingInitializeOnLoad (220ms)
			ProcessInitializeOnLoadAttributes (395ms)
			ProcessInitializeOnLoadMethodAttributes (63ms)
			AfterProcessingInitializeOnLoad (6ms)
			EditorAssembliesLoaded (0ms)
		ExecutionOrderSort2 (0ms)
		AwakeInstancesAfterBackupRestoration (22ms)
Refreshing native plugins compatible for Editor in 1.06 ms, found 3 plugins.
Preloading 0 native plugins for Editor in 0.00 ms.
Unloading 25 Unused Serialized files (Serialized files now loaded: 0)
Unloading 6253 unused Assets / (6.5 MB). Loaded Objects now: 7113.
Memory consumption went from 171.5 MB to 165.1 MB.
Total: 9.932200 ms (FindLiveObjects: 0.498500 ms CreateObjectMapping: 0.326500 ms MarkObjects: 5.953400 ms  DeleteObjects: 3.152000 ms)

Prepare: number of updated asset objects reloaded= 0
========================================================================
Received Import Request.
  Time since last request: 22.326888 seconds.
  path: Assets/Lab4/Lab04-resources/guardController.controller
  artifactKey: Guid(9f3991713fa082f47b9f4d11650cd0d0) Importer(815301076,1909f56bfc062723c751e8b465ee728b)
Start importing Assets/Lab4/Lab04-resources/guardController.controller using Guid(9f3991713fa082f47b9f4d11650cd0d0) Importer(815301076,1909f56bfc062723c751e8b465ee728b) (PreviewImporter) -> (artifact id: 'cf25d10b4deb5057c3f0d272b6096504') in 0.0447359 seconds
Number of updated asset objects reloaded before import = 0Number of asset objects unloaded after import = 24

========================================================================
Received Prepare
Begin MonoManager ReloadAssembly
- Loaded All Assemblies, in  0.876 seconds
Refreshing native plugins compatible for Editor in 1.00 ms, found 3 plugins.
Native extension for WindowsStandalone target not found
[Package Manager] Failed to launch server process. Reason: Unity was launched with the -noUpm command-line argument
[Package Manager] Unable to send message (not connected to server process).
[Package Manager] Cannot connect to Unity Package Manager local server
Mono: successfully reloaded assembly
- Finished resetting the current domain, in  0.814 seconds
Domain Reload Profiling: 1689ms
	BeginReloadAssembly (280ms)
		ExecutionOrderSort (0ms)
		DisableScriptedObjects (6ms)
		BackupInstance (0ms)
		ReleaseScriptingObjects (0ms)
		CreateAndSetChildDomain (66ms)
	RebuildCommonClasses (43ms)
	RebuildNativeTypeToScriptingClass (13ms)
	initialDomainReloadingComplete (36ms)
	LoadAllAssembliesAndSetupDomain (502ms)
		LoadAssemblies (419ms)
		RebuildTransferFunctionScriptingTraits (0ms)
		AnalyzeDomain (209ms)
			TypeCache.Refresh (9ms)
				TypeCache.ScanAssembly (0ms)
			BuildScriptInfoCaches (184ms)
			ResolveRequiredComponents (11ms)
	FinalizeReload (815ms)
		ReleaseScriptCaches (0ms)
		RebuildScriptCaches (0ms)
		SetupLoadedEditorAssemblies (648ms)
			LogAssemblyErrors (0ms)
			InitializePlatformSupportModulesInManaged (2ms)
			SetLoadedEditorAssemblies (4ms)
			BeforeProcessingInitializeOnLoad (188ms)
			ProcessInitializeOnLoadAttributes (392ms)
			ProcessInitializeOnLoadMethodAttributes (57ms)
			AfterProcessingInitializeOnLoad (6ms)
			EditorAssembliesLoaded (0ms)
		ExecutionOrderSort2 (0ms)
		AwakeInstancesAfterBackupRestoration (19ms)
Refreshing native plugins compatible for Editor in 1.31 ms, found 3 plugins.
Preloading 0 native plugins for Editor in 0.00 ms.
Unloading 25 Unused Serialized files (Serialized files now loaded: 0)
Unloading 6252 unused Assets / (10.5 MB). Loaded Objects now: 7115.
Memory consumption went from 171.5 MB to 161.0 MB.
Total: 11.914300 ms (FindLiveObjects: 0.566800 ms CreateObjectMapping: 0.364900 ms MarkObjects: 4.741600 ms  DeleteObjects: 6.239700 ms)

Prepare: number of updated asset objects reloaded= 0
========================================================================
Received Prepare
Begin MonoManager ReloadAssembly
[Licensing::Client] Successfully resolved entitlement details
- Loaded All Assemblies, in  0.837 seconds
Refreshing native plugins compatible for Editor in 1.40 ms, found 3 plugins.
Native extension for WindowsStandalone target not found
[Package Manager] Failed to launch server process. Reason: Unity was launched with the -noUpm command-line argument
[Package Manager] Unable to send message (not connected to server process).
[Package Manager] Cannot connect to Unity Package Manager local server
Mono: successfully reloaded assembly
- Finished resetting the current domain, in  0.776 seconds
Domain Reload Profiling: 1613ms
	BeginReloadAssembly (269ms)
		ExecutionOrderSort (0ms)
		DisableScriptedObjects (6ms)
		BackupInstance (0ms)
		ReleaseScriptingObjects (0ms)
		CreateAndSetChildDomain (40ms)
	RebuildCommonClasses (36ms)
	RebuildNativeTypeToScriptingClass (19ms)
	initialDomainReloadingComplete (34ms)
	LoadAllAssembliesAndSetupDomain (478ms)
		LoadAssemblies (417ms)
		RebuildTransferFunctionScriptingTraits (0ms)
		AnalyzeDomain (208ms)
			TypeCache.Refresh (17ms)
				TypeCache.ScanAssembly (1ms)
			BuildScriptInfoCaches (167ms)
			ResolveRequiredComponents (15ms)
	FinalizeReload (776ms)
		ReleaseScriptCaches (0ms)
		RebuildScriptCaches (0ms)
		SetupLoadedEditorAssemblies (591ms)
			LogAssemblyErrors (0ms)
			InitializePlatformSupportModulesInManaged (2ms)
			SetLoadedEditorAssemblies (4ms)
			BeforeProcessingInitializeOnLoad (133ms)
			ProcessInitializeOnLoadAttributes (379ms)
			ProcessInitializeOnLoadMethodAttributes (67ms)
			AfterProcessingInitializeOnLoad (6ms)
			EditorAssembliesLoaded (0ms)
		ExecutionOrderSort2 (0ms)
		AwakeInstancesAfterBackupRestoration (18ms)
Refreshing native plugins compatible for Editor in 1.03 ms, found 3 plugins.
Preloading 0 native plugins for Editor in 0.00 ms.
Unloading 25 Unused Serialized files (Serialized files now loaded: 0)
Unloading 6252 unused Assets / (6.2 MB). Loaded Objects now: 7117.
Memory consumption went from 174.5 MB to 168.3 MB.
Total: 6.965900 ms (FindLiveObjects: 0.489800 ms CreateObjectMapping: 0.321600 ms MarkObjects: 3.944900 ms  DeleteObjects: 2.208400 ms)

Prepare: number of updated asset objects reloaded= 0
========================================================================
Received Prepare
Begin MonoManager ReloadAssembly
[Licensing::Client] Successfully resolved entitlement details
- Loaded All Assemblies, in  0.826 seconds
Refreshing native plugins compatible for Editor in 1.04 ms, found 3 plugins.
Native extension for WindowsStandalone target not found
[Package Manager] Failed to launch server process. Reason: Unity was launched with the -noUpm command-line argument
[Package Manager] Unable to send message (not connected to server process).
[Package Manager] Cannot connect to Unity Package Manager local server
Mono: successfully reloaded assembly
- Finished resetting the current domain, in  0.842 seconds
Domain Reload Profiling: 1665ms
	BeginReloadAssembly (236ms)
		ExecutionOrderSort (0ms)
		DisableScriptedObjects (6ms)
		BackupInstance (0ms)
		ReleaseScriptingObjects (0ms)
		CreateAndSetChildDomain (45ms)
	RebuildCommonClasses (43ms)
	RebuildNativeTypeToScriptingClass (16ms)
	initialDomainReloadingComplete (47ms)
	LoadAllAssembliesAndSetupDomain (481ms)
		LoadAssemblies (398ms)
		RebuildTransferFunctionScriptingTraits (0ms)
		AnalyzeDomain (199ms)
			TypeCache.Refresh (10ms)
				TypeCache.ScanAssembly (1ms)
			BuildScriptInfoCaches (173ms)
			ResolveRequiredComponents (12ms)
	FinalizeReload (842ms)
		ReleaseScriptCaches (0ms)
		RebuildScriptCaches (0ms)
		SetupLoadedEditorAssemblies (671ms)
			LogAssemblyErrors (0ms)
			InitializePlatformSupportModulesInManaged (3ms)
			SetLoadedEditorAssemblies (4ms)
			BeforeProcessingInitializeOnLoad (157ms)
			ProcessInitializeOnLoadAttributes (399ms)
			ProcessInitializeOnLoadMethodAttributes (102ms)
			AfterProcessingInitializeOnLoad (6ms)
			EditorAssembliesLoaded (0ms)
		ExecutionOrderSort2 (0ms)
		AwakeInstancesAfterBackupRestoration (20ms)
Refreshing native plugins compatible for Editor in 1.00 ms, found 3 plugins.
Preloading 0 native plugins for Editor in 0.00 ms.
Unloading 25 Unused Serialized files (Serialized files now loaded: 0)
Unloading 6252 unused Assets / (7.3 MB). Loaded Objects now: 7119.
Memory consumption went from 177.3 MB to 170.0 MB.
Total: 8.690800 ms (FindLiveObjects: 0.735300 ms CreateObjectMapping: 0.325100 ms MarkObjects: 4.321400 ms  DeleteObjects: 3.307400 ms)

Prepare: number of updated asset objects reloaded= 0
========================================================================
Received Prepare
Begin MonoManager ReloadAssembly
- Loaded All Assemblies, in  1.050 seconds
Refreshing native plugins compatible for Editor in 1.25 ms, found 3 plugins.
Native extension for WindowsStandalone target not found
[Package Manager] Failed to launch server process. Reason: Unity was launched with the -noUpm command-line argument
[Package Manager] Unable to send message (not connected to server process).
[Package Manager] Cannot connect to Unity Package Manager local server
Mono: successfully reloaded assembly
- Finished resetting the current domain, in  0.724 seconds
Domain Reload Profiling: 1774ms
	BeginReloadAssembly (376ms)
		ExecutionOrderSort (0ms)
		DisableScriptedObjects (6ms)
		BackupInstance (0ms)
		ReleaseScriptingObjects (0ms)
		CreateAndSetChildDomain (74ms)
	RebuildCommonClasses (50ms)
	RebuildNativeTypeToScriptingClass (15ms)
	initialDomainReloadingComplete (31ms)
	LoadAllAssembliesAndSetupDomain (578ms)
		LoadAssemblies (580ms)
		RebuildTransferFunctionScriptingTraits (0ms)
		AnalyzeDomain (214ms)
			TypeCache.Refresh (7ms)
				TypeCache.ScanAssembly (0ms)
			BuildScriptInfoCaches (189ms)
			ResolveRequiredComponents (12ms)
	FinalizeReload (725ms)
		ReleaseScriptCaches (0ms)
		RebuildScriptCaches (0ms)
		SetupLoadedEditorAssemblies (561ms)
			LogAssemblyErrors (0ms)
			InitializePlatformSupportModulesInManaged (2ms)
			SetLoadedEditorAssemblies (3ms)
			BeforeProcessingInitializeOnLoad (133ms)
			ProcessInitializeOnLoadAttributes (356ms)
			ProcessInitializeOnLoadMethodAttributes (60ms)
			AfterProcessingInitializeOnLoad (6ms)
			EditorAssembliesLoaded (0ms)
		ExecutionOrderSort2 (0ms)
		AwakeInstancesAfterBackupRestoration (17ms)
Refreshing native plugins compatible for Editor in 1.02 ms, found 3 plugins.
Preloading 0 native plugins for Editor in 0.00 ms.
Unloading 25 Unused Serialized files (Serialized files now loaded: 0)
Unloading 6252 unused Assets / (7.5 MB). Loaded Objects now: 7121.
Memory consumption went from 180.2 MB to 172.8 MB.
Total: 8.485500 ms (FindLiveObjects: 0.531400 ms CreateObjectMapping: 0.331600 ms MarkObjects: 4.283700 ms  DeleteObjects: 3.337700 ms)

Prepare: number of updated asset objects reloaded= 0
========================================================================
Received Import Request.
  Time since last request: 237.616333 seconds.
  path: Assets/Lab4/lab4Scene.unity
  artifactKey: Guid(fc0fd1531a808b648a26ce49fc0004a4) Importer(815301076,1909f56bfc062723c751e8b465ee728b)
Start importing Assets/Lab4/lab4Scene.unity using Guid(fc0fd1531a808b648a26ce49fc0004a4) Importer(815301076,1909f56bfc062723c751e8b465ee728b) (PreviewImporter) -> (artifact id: '6db0d620ca39e5a7b37cea02c4fde4c6') in 0.0099503 seconds
Number of updated asset objects reloaded before import = 0Number of asset objects unloaded after import = 0

========================================================================
Received Import Request.
  Time since last request: 5.474354 seconds.
  path: Assets/FINAL'/finalPractical/NavMesh-map.asset
  artifactKey: Guid(6dd8985157534884a9081c05a4d0868b) Importer(815301076,1909f56bfc062723c751e8b465ee728b)
Start importing Assets/FINAL'/finalPractical/NavMesh-map.asset using Guid(6dd8985157534884a9081c05a4d0868b) Importer(815301076,1909f56bfc062723c751e8b465ee728b) (PreviewImporter) -> (artifact id: 'af05c416bd2fa76ced200fd5a1948500') in 0.0341454 seconds
Number of updated asset objects reloaded before import = 0Number of asset objects unloaded after import = 1

========================================================================
Received Import Request.
  Time since last request: 1.267238 seconds.
  path: Assets/FINAL'/finalPractical.unity
  artifactKey: Guid(cbb473aead5ff6a418193de2c1d39300) Importer(815301076,1909f56bfc062723c751e8b465ee728b)
Start importing Assets/FINAL'/finalPractical.unity using Guid(cbb473aead5ff6a418193de2c1d39300) Importer(815301076,1909f56bfc062723c751e8b465ee728b) (PreviewImporter) -> (artifact id: 'a96872a7df85514ae720d33c4fe18fc6') in 0.0008475 seconds
Number of updated asset objects reloaded before import = 0Number of asset objects unloaded after import = 0

========================================================================
Received Prepare
Begin MonoManager ReloadAssembly
[Licensing::Client] Successfully resolved entitlement details
- Loaded All Assemblies, in  0.922 seconds
Refreshing native plugins compatible for Editor in 1.84 ms, found 3 plugins.
Native extension for WindowsStandalone target not found
[Package Manager] Failed to launch server process. Reason: Unity was launched with the -noUpm command-line argument
[Package Manager] Unable to send message (not connected to server process).
[Package Manager] Cannot connect to Unity Package Manager local server
Mono: successfully reloaded assembly
- Finished resetting the current domain, in  0.781 seconds
Domain Reload Profiling: 1701ms
	BeginReloadAssembly (305ms)
		ExecutionOrderSort (0ms)
		DisableScriptedObjects (7ms)
		BackupInstance (0ms)
		ReleaseScriptingObjects (0ms)
		CreateAndSetChildDomain (47ms)
	RebuildCommonClasses (37ms)
	RebuildNativeTypeToScriptingClass (14ms)
	initialDomainReloadingComplete (33ms)
	LoadAllAssembliesAndSetupDomain (531ms)
		LoadAssemblies (492ms)
		RebuildTransferFunctionScriptingTraits (0ms)
		AnalyzeDomain (214ms)
			TypeCache.Refresh (13ms)
				TypeCache.ScanAssembly (0ms)
			BuildScriptInfoCaches (186ms)
			ResolveRequiredComponents (11ms)
	FinalizeReload (781ms)
		ReleaseScriptCaches (0ms)
		RebuildScriptCaches (0ms)
		SetupLoadedEditorAssemblies (572ms)
			LogAssemblyErrors (0ms)
			InitializePlatformSupportModulesInManaged (2ms)
			SetLoadedEditorAssemblies (4ms)
			BeforeProcessingInitializeOnLoad (134ms)
			ProcessInitializeOnLoadAttributes (369ms)
			ProcessInitializeOnLoadMethodAttributes (57ms)
			AfterProcessingInitializeOnLoad (6ms)
			EditorAssembliesLoaded (0ms)
		ExecutionOrderSort2 (0ms)
		AwakeInstancesAfterBackupRestoration (16ms)
Refreshing native plugins compatible for Editor in 1.74 ms, found 3 plugins.
Preloading 0 native plugins for Editor in 0.00 ms.
Unloading 25 Unused Serialized files (Serialized files now loaded: 0)
Unloading 6252 unused Assets / (7.2 MB). Loaded Objects now: 7123.
Memory consumption went from 171.7 MB to 164.5 MB.
Total: 10.146800 ms (FindLiveObjects: 0.540800 ms CreateObjectMapping: 0.548200 ms MarkObjects: 4.934300 ms  DeleteObjects: 4.121700 ms)

Prepare: number of updated asset objects reloaded= 0
========================================================================
Received Prepare
Begin MonoManager ReloadAssembly
- Loaded All Assemblies, in  0.781 seconds
Refreshing native plugins compatible for Editor in 1.64 ms, found 3 plugins.
Native extension for WindowsStandalone target not found
[Package Manager] Failed to launch server process. Reason: Unity was launched with the -noUpm command-line argument
[Package Manager] Unable to send message (not connected to server process).
[Package Manager] Cannot connect to Unity Package Manager local server
Mono: successfully reloaded assembly
- Finished resetting the current domain, in  0.739 seconds
Domain Reload Profiling: 1520ms
	BeginReloadAssembly (226ms)
		ExecutionOrderSort (0ms)
		DisableScriptedObjects (6ms)
		BackupInstance (0ms)
		ReleaseScriptingObjects (0ms)
		CreateAndSetChildDomain (43ms)
	RebuildCommonClasses (39ms)
	RebuildNativeTypeToScriptingClass (13ms)
	initialDomainReloadingComplete (34ms)
	LoadAllAssembliesAndSetupDomain (468ms)
		LoadAssemblies (382ms)
		RebuildTransferFunctionScriptingTraits (0ms)
		AnalyzeDomain (197ms)
			TypeCache.Refresh (7ms)
				TypeCache.ScanAssembly (0ms)
			BuildScriptInfoCaches (174ms)
			ResolveRequiredComponents (12ms)
	FinalizeReload (740ms)
		ReleaseScriptCaches (0ms)
		RebuildScriptCaches (0ms)
		SetupLoadedEditorAssemblies (562ms)
			LogAssemblyErrors (0ms)
			InitializePlatformSupportModulesInManaged (2ms)
			SetLoadedEditorAssemblies (4ms)
			BeforeProcessingInitializeOnLoad (126ms)
			ProcessInitializeOnLoadAttributes (370ms)
			ProcessInitializeOnLoadMethodAttributes (53ms)
			AfterProcessingInitializeOnLoad (8ms)
			EditorAssembliesLoaded (0ms)
		ExecutionOrderSort2 (0ms)
		AwakeInstancesAfterBackupRestoration (22ms)
Refreshing native plugins compatible for Editor in 1.15 ms, found 3 plugins.
Preloading 0 native plugins for Editor in 0.00 ms.
Unloading 25 Unused Serialized files (Serialized files now loaded: 0)
Unloading 6252 unused Assets / (7.5 MB). Loaded Objects now: 7125.
Memory consumption went from 174.5 MB to 167.1 MB.
Total: 9.622900 ms (FindLiveObjects: 0.597400 ms CreateObjectMapping: 0.417200 ms MarkObjects: 4.988000 ms  DeleteObjects: 3.618900 ms)

Prepare: number of updated asset objects reloaded= 0
========================================================================
Received Prepare
Begin MonoManager ReloadAssembly
[Licensing::Client] Successfully resolved entitlement details
- Loaded All Assemblies, in  0.899 seconds
Refreshing native plugins compatible for Editor in 1.22 ms, found 3 plugins.
Native extension for WindowsStandalone target not found
[Package Manager] Failed to launch server process. Reason: Unity was launched with the -noUpm command-line argument
[Package Manager] Unable to send message (not connected to server process).
[Package Manager] Cannot connect to Unity Package Manager local server
Mono: successfully reloaded assembly
- Finished resetting the current domain, in  0.773 seconds
Domain Reload Profiling: 1672ms
	BeginReloadAssembly (292ms)
		ExecutionOrderSort (0ms)
		DisableScriptedObjects (6ms)
		BackupInstance (0ms)
		ReleaseScriptingObjects (0ms)
		CreateAndSetChildDomain (52ms)
	RebuildCommonClasses (37ms)
	RebuildNativeTypeToScriptingClass (18ms)
	initialDomainReloadingComplete (35ms)
	LoadAllAssembliesAndSetupDomain (517ms)
		LoadAssemblies (459ms)
		RebuildTransferFunctionScriptingTraits (0ms)
		AnalyzeDomain (217ms)
			TypeCache.Refresh (10ms)
				TypeCache.ScanAssembly (1ms)
			BuildScriptInfoCaches (190ms)
			ResolveRequiredComponents (11ms)
	FinalizeReload (774ms)
		ReleaseScriptCaches (0ms)
		RebuildScriptCaches (0ms)
		SetupLoadedEditorAssemblies (614ms)
			LogAssemblyErrors (0ms)
			InitializePlatformSupportModulesInManaged (2ms)
			SetLoadedEditorAssemblies (3ms)
			BeforeProcessingInitializeOnLoad (150ms)
			ProcessInitializeOnLoadAttributes (361ms)
			ProcessInitializeOnLoadMethodAttributes (92ms)
			AfterProcessingInitializeOnLoad (6ms)
			EditorAssembliesLoaded (0ms)
		ExecutionOrderSort2 (0ms)
		AwakeInstancesAfterBackupRestoration (18ms)
Refreshing native plugins compatible for Editor in 1.29 ms, found 3 plugins.
Preloading 0 native plugins for Editor in 0.00 ms.
Unloading 25 Unused Serialized files (Serialized files now loaded: 0)
Unloading 6252 unused Assets / (6.7 MB). Loaded Objects now: 7127.
Memory consumption went from 177.5 MB to 170.8 MB.
Total: 12.203900 ms (FindLiveObjects: 0.816000 ms CreateObjectMapping: 0.847100 ms MarkObjects: 6.754200 ms  DeleteObjects: 3.784800 ms)

Prepare: number of updated asset objects reloaded= 0
========================================================================
Received Import Request.
  Time since last request: 145.122681 seconds.
  path: Assets/NavMeshController.cs
  artifactKey: Guid(df982f4ca3547554eb1d13bf7d5d9767) Importer(2089858483,192608db42251d675da83286b1cce702)
Start importing Assets/NavMeshController.cs using Guid(df982f4ca3547554eb1d13bf7d5d9767) Importer(2089858483,192608db42251d675da83286b1cce702) (ScriptedImporter) -> (artifact id: '9373dfaaa0be65f88ed5d806356f4e63') in 0.2399714 seconds
Number of updated asset objects reloaded before import = 0Number of asset objects unloaded after import = 0

========================================================================
Received Import Request.
  Time since last request: 0.000025 seconds.
  path: Assets/FINAL'/finalPractical.unity
  artifactKey: Guid(cbb473aead5ff6a418193de2c1d39300) Importer(2089858483,192608db42251d675da83286b1cce702)
Start importing Assets/FINAL'/finalPractical.unity using Guid(cbb473aead5ff6a418193de2c1d39300) Importer(2089858483,192608db42251d675da83286b1cce702) (ScriptedImporter) -> (artifact id: 'bacef7d6af6b6fe2ad54f7012f7e1b1a') in 0.0422233 seconds
Number of updated asset objects reloaded before import = 0Number of asset objects unloaded after import = 1

========================================================================
Received Prepare
Refreshing native plugins compatible for Editor in 1.35 ms, found 3 plugins.
Preloading 0 native plugins for Editor in 0.00 ms.
Unloading 25 Unused Serialized files (Serialized files now loaded: 0)
Unloading 6246 unused Assets / (6.5 MB). Loaded Objects now: 7128.
Memory consumption went from 172.0 MB to 165.5 MB.
Total: 9.008900 ms (FindLiveObjects: 0.700300 ms CreateObjectMapping: 0.453000 ms MarkObjects: 5.266800 ms  DeleteObjects: 2.587400 ms)

Prepare: number of updated asset objects reloaded= 0
========================================================================
Received Import Request.
  Time since last request: 2.845728 seconds.
  path: Assets/FINAL'/triggerCheck.cs
  artifactKey: Guid(46335f2670cbff94b8c664081a6e2cdb) Importer(815301076,1909f56bfc062723c751e8b465ee728b)
Start importing Assets/FINAL'/triggerCheck.cs using Guid(46335f2670cbff94b8c664081a6e2cdb) Importer(815301076,1909f56bfc062723c751e8b465ee728b) (PreviewImporter) -> (artifact id: '9c8bf00098075302c57dea507292fb07') in 0.0012773 seconds
Number of updated asset objects reloaded before import = 0Number of asset objects unloaded after import = 0

========================================================================
Received Import Request.
  Time since last request: 0.050071 seconds.
  path: Assets/FINAL'/triggerCheck.cs
  artifactKey: Guid(46335f2670cbff94b8c664081a6e2cdb) Importer(2089858483,192608db42251d675da83286b1cce702)
Start importing Assets/FINAL'/triggerCheck.cs using Guid(46335f2670cbff94b8c664081a6e2cdb) Importer(2089858483,192608db42251d675da83286b1cce702) (ScriptedImporter) -> (artifact id: 'e151c01f2e8060bf866a6acdbed6c9fe') in 0.0379944 seconds
Number of updated asset objects reloaded before import = 0Number of asset objects unloaded after import = 0

========================================================================
Received Prepare
Begin MonoManager ReloadAssembly
- Loaded All Assemblies, in  0.999 seconds
Refreshing native plugins compatible for Editor in 0.99 ms, found 3 plugins.
Native extension for WindowsStandalone target not found
[Package Manager] Failed to launch server process. Reason: Unity was launched with the -noUpm command-line argument
[Package Manager] Unable to send message (not connected to server process).
[Package Manager] Cannot connect to Unity Package Manager local server
Mono: successfully reloaded assembly
- Finished resetting the current domain, in  0.770 seconds
Domain Reload Profiling: 1767ms
	BeginReloadAssembly (251ms)
		ExecutionOrderSort (0ms)
		DisableScriptedObjects (9ms)
		BackupInstance (0ms)
		ReleaseScriptingObjects (0ms)
		CreateAndSetChildDomain (64ms)
	RebuildCommonClasses (78ms)
	RebuildNativeTypeToScriptingClass (33ms)
	initialDomainReloadingComplete (104ms)
	LoadAllAssembliesAndSetupDomain (530ms)
		LoadAssemblies (430ms)
		RebuildTransferFunctionScriptingTraits (0ms)
		AnalyzeDomain (203ms)
			TypeCache.Refresh (14ms)
				TypeCache.ScanAssembly (1ms)
			BuildScriptInfoCaches (171ms)
			ResolveRequiredComponents (12ms)
	FinalizeReload (771ms)
		ReleaseScriptCaches (0ms)
		RebuildScriptCaches (0ms)
		SetupLoadedEditorAssemblies (602ms)
			LogAssemblyErrors (0ms)
			InitializePlatformSupportModulesInManaged (2ms)
			SetLoadedEditorAssemblies (4ms)
			BeforeProcessingInitializeOnLoad (134ms)
			ProcessInitializeOnLoadAttributes (397ms)
			ProcessInitializeOnLoadMethodAttributes (59ms)
			AfterProcessingInitializeOnLoad (6ms)
			EditorAssembliesLoaded (0ms)
		ExecutionOrderSort2 (0ms)
		AwakeInstancesAfterBackupRestoration (18ms)
Refreshing native plugins compatible for Editor in 1.71 ms, found 3 plugins.
Preloading 0 native plugins for Editor in 0.00 ms.
Unloading 25 Unused Serialized files (Serialized files now loaded: 0)
Unloading 6253 unused Assets / (6.7 MB). Loaded Objects now: 7130.
Memory consumption went from 171.8 MB to 165.2 MB.
Total: 10.563900 ms (FindLiveObjects: 0.730800 ms CreateObjectMapping: 0.504900 ms MarkObjects: 6.179600 ms  DeleteObjects: 3.146400 ms)

Prepare: number of updated asset objects reloaded= 0
========================================================================
Received Import Request.
  Time since last request: 10.494734 seconds.
  path: Assets/FINAL'/triggerCheck.cs
  artifactKey: Guid(46335f2670cbff94b8c664081a6e2cdb) Importer(815301076,1909f56bfc062723c751e8b465ee728b)
Start importing Assets/FINAL'/triggerCheck.cs using Guid(46335f2670cbff94b8c664081a6e2cdb) Importer(815301076,1909f56bfc062723c751e8b465ee728b) (PreviewImporter) -> (artifact id: '132c8201710a91393a0db1a76cfba0a4') in 0.0035435 seconds
Number of updated asset objects reloaded before import = 0Number of asset objects unloaded after import = 0

========================================================================
Received Import Request.
  Time since last request: 14.465727 seconds.
  path: Assets/Lab2 - Copy/RPGHero/PromotionImage.jpg
  artifactKey: Guid(5cb6c6af00f7e294baeda13ac52fb671) Importer(815301076,1909f56bfc062723c751e8b465ee728b)
Start importing Assets/Lab2 - Copy/RPGHero/PromotionImage.jpg using Guid(5cb6c6af00f7e294baeda13ac52fb671) Importer(815301076,1909f56bfc062723c751e8b465ee728b) (PreviewImporter) -> (artifact id: 'f45e5cbe873b33254a73a6bcfd360a88') in 0.3110507 seconds
Number of updated asset objects reloaded before import = 0Number of asset objects unloaded after import = 2

========================================================================
Received Import Request.
  Time since last request: 8.881908 seconds.
  path: Assets/Lab2 - Copy/Scripts/pathController.cs
  artifactKey: Guid(95db9e0879c01cd43a1f01acfb80bba6) Importer(815301076,1909f56bfc062723c751e8b465ee728b)
Start importing Assets/Lab2 - Copy/Scripts/pathController.cs using Guid(95db9e0879c01cd43a1f01acfb80bba6) Importer(815301076,1909f56bfc062723c751e8b465ee728b) (PreviewImporter) -> (artifact id: '1f20d2d068effeb773ce94c55bfbb352') in 0.0011438 seconds
Number of updated asset objects reloaded before import = 0Number of asset objects unloaded after import = 0

========================================================================
Received Import Request.
  Time since last request: 6.964259 seconds.
  path: Assets/Lab2 - Copy/Scripts/pathManager.cs
  artifactKey: Guid(04a984b605a8fff4e9923b267da669ba) Importer(815301076,1909f56bfc062723c751e8b465ee728b)
Start importing Assets/Lab2 - Copy/Scripts/pathManager.cs using Guid(04a984b605a8fff4e9923b267da669ba) Importer(815301076,1909f56bfc062723c751e8b465ee728b) (PreviewImporter) -> (artifact id: '9e1db9e7e73ec86001c2a82eb5033ebd') in 0.0013224 seconds
Number of updated asset objects reloaded before import = 0Number of asset objects unloaded after import = 0

========================================================================
Received Import Request.
  Time since last request: 27.241722 seconds.
  path: Packages/com.unity.render-pipelines.universal/Editor/ShaderGraph/Includes/ShadowCasterPass.hlsl
  artifactKey: Guid(3beb91c1958c67d47bb580c465e22f29) Importer(815301076,1909f56bfc062723c751e8b465ee728b)
Start importing Packages/com.unity.render-pipelines.universal/Editor/ShaderGraph/Includes/ShadowCasterPass.hlsl using Guid(3beb91c1958c67d47bb580c465e22f29) Importer(815301076,1909f56bfc062723c751e8b465ee728b) (PreviewImporter) -> (artifact id: 'f386b92a492f20ea4f296fe2afd3d11e') in 0.0064605 seconds
Number of updated asset objects reloaded before import = 0Number of asset objects unloaded after import = 1

========================================================================
Received Import Request.
  Time since last request: 0.000022 seconds.
  path: Packages/com.unity.render-pipelines.universal/Shaders/ShadowCasterPass.hlsl
  artifactKey: Guid(9a48a2987a0e11645adf07fe4a8d5ec9) Importer(815301076,1909f56bfc062723c751e8b465ee728b)
Start importing Packages/com.unity.render-pipelines.universal/Shaders/ShadowCasterPass.hlsl using Guid(9a48a2987a0e11645adf07fe4a8d5ec9) Importer(815301076,1909f56bfc062723c751e8b465ee728b) (PreviewImporter) -> (artifact id: 'ce5871a4038ab74a494b1e81d626c7e2') in 0.0014635 seconds
Number of updated asset objects reloaded before import = 0Number of asset objects unloaded after import = 1

========================================================================
Received Import Request.
  Time since last request: 2.856952 seconds.
  path: Packages/com.unity.render-pipelines.core/Editor/Lighting/Icons/LightUnitIcons/d_Overcast.png
  artifactKey: Guid(80a48b3afafdc644fb4e3319f6f19fc8) Importer(815301076,1909f56bfc062723c751e8b465ee728b)
Start importing Packages/com.unity.render-pipelines.core/Editor/Lighting/Icons/LightUnitIcons/d_Overcast.png using Guid(80a48b3afafdc644fb4e3319f6f19fc8) Importer(815301076,1909f56bfc062723c751e8b465ee728b) (PreviewImporter) -> (artifact id: '96cea4584902dcde51e8ab45805addb5') in 0.0326439 seconds
Number of updated asset objects reloaded before import = 0Number of asset objects unloaded after import = 2

========================================================================
Received Import Request.
  Time since last request: 0.000017 seconds.
  path: Packages/com.unity.render-pipelines.core/Runtime/PostProcessing/Shaders/ffx/ffx_cas.hlsl
  artifactKey: Guid(2a9d148fab2695346824a766e925a31f) Importer(815301076,1909f56bfc062723c751e8b465ee728b)
Start importing Packages/com.unity.render-pipelines.core/Runtime/PostProcessing/Shaders/ffx/ffx_cas.hlsl using Guid(2a9d148fab2695346824a766e925a31f) Importer(815301076,1909f56bfc062723c751e8b465ee728b) (PreviewImporter) -> (artifact id: 'f3f0dfad3d51b306c373b5c615919fd4') in 0.0065732 seconds
Number of updated asset objects reloaded before import = 0Number of asset objects unloaded after import = 1

========================================================================
Received Import Request.
  Time since last request: 0.000025 seconds.
  path: Packages/com.unity.render-pipelines.core/Editor/Lighting/Icons/LightUnitIcons/Overcast@2x.png
  artifactKey: Guid(5db8233d631a83f429153aaeb8f8333a) Importer(815301076,1909f56bfc062723c751e8b465ee728b)
Start importing Packages/com.unity.render-pipelines.core/Editor/Lighting/Icons/LightUnitIcons/Overcast@2x.png using Guid(5db8233d631a83f429153aaeb8f8333a) Importer(815301076,1909f56bfc062723c751e8b465ee728b) (PreviewImporter) -> (artifact id: 'dc9622438e1024ff1cd72bfb4439eac8') in 0.0348487 seconds
Number of updated asset objects reloaded before import = 0Number of asset objects unloaded after import = 2

Editor requested this worker to shutdown with reason: Scaling down because of idle timeout
AssetImportWorker is now disconnected from the server
Process exiting
Exiting without the bug reporter. Application will terminate with return code 0