[Licensing::Module] Trying to connect to existing licensing client channel...
Built from '6000.2/respin/6000.2.6f2-cc51a95c03' branch; Version is '6000.2.6f2 (4a4dcaec6541) revision 4869578'; Using compiler version '194234433'; Build Type 'Release'
[Licensing::IpcConnector] Successfully connected to: "LicenseClient-ayana" at "2025-10-06T14:22:17.4059324Z"
OS: 'Windows 11  (10.0.26100) 64bit Core' Language: 'en' Physical Memory: 16087 MB
BatchMode: 1, IsHumanControllingUs: 0, StartBugReporterOnCrash: 0, Is64bit: 1
Date: 2025-10-06T14:22:17Z

COMMAND LINE ARGUMENTS:
C:\Program Files\Unity\Hub\Editor\6000.2.6f2\Editor\Unity.exe
-adb2
-batchMode
-noUpm
-name
AssetImportWorker1
-projectPath
C:/Users/ayana/OneDrive/Documents/GitHub/AnimationLabs2025/AnimationLabs_
-logFile
Logs/AssetImportWorker1.log
-srvPort
53577
-licensingIpc
LicenseClient-ayana
-job-worker-count
7
-background-job-worker-count
8
-gc-helper-count
1
-name
AssetImport
Successfully changed project path to: C:/Users/ayana/OneDrive/Documents/GitHub/AnimationLabs2025/AnimationLabs_
C:/Users/ayana/OneDrive/Documents/GitHub/AnimationLabs2025/AnimationLabs_
[UnityMemory] Configuration Parameters - Can be set up in boot.config
    "memorysetup-allocator-temp-initial-block-size-main=262144"
    "memorysetup-allocator-temp-initial-block-size-worker=262144"
    "memorysetup-bucket-allocator-granularity=16"
    "memorysetup-bucket-allocator-bucket-count=8"
    "memorysetup-bucket-allocator-block-size=33554432"
    "memorysetup-bucket-allocator-block-count=8"
    "memorysetup-main-allocator-block-size=16777216"
    "memorysetup-thread-allocator-block-size=16777216"
    "memorysetup-gfx-main-allocator-block-size=16777216"
    "memorysetup-gfx-thread-allocator-block-size=16777216"
    "memorysetup-cache-allocator-block-size=4194304"
    "memorysetup-typetree-allocator-block-size=2097152"
    "memorysetup-profiler-bucket-allocator-granularity=16"
    "memorysetup-profiler-bucket-allocator-bucket-count=8"
    "memorysetup-profiler-bucket-allocator-block-size=33554432"
    "memorysetup-profiler-bucket-allocator-block-count=8"
    "memorysetup-profiler-allocator-block-size=16777216"
    "memorysetup-profiler-editor-allocator-block-size=1048576"
    "memorysetup-temp-allocator-size-main=16777216"
    "memorysetup-job-temp-allocator-block-size=2097152"
    "memorysetup-job-temp-allocator-block-size-background=1048576"
    "memorysetup-job-temp-allocator-reduction-small-platforms=262144"
    "memorysetup-temp-allocator-size-background-worker=32768"
    "memorysetup-temp-allocator-size-job-worker=262144"
    "memorysetup-temp-allocator-size-preload-manager=33554432"
    "memorysetup-temp-allocator-size-nav-mesh-worker=65536"
    "memorysetup-temp-allocator-size-audio-worker=65536"
    "memorysetup-temp-allocator-size-cloud-worker=32768"
    "memorysetup-temp-allocator-size-gi-baking-worker=262144"
    "memorysetup-temp-allocator-size-gi-baking-worker=262144"
    "memorysetup-temp-allocator-size-gi-baking-worker=262144"
    "memorysetup-temp-allocator-size-gi-baking-worker=262144"
    "memorysetup-temp-allocator-size-gi-baking-worker=262144"
    "memorysetup-temp-allocator-size-gfx=262144"
Player connection [29396]  Target information:

Player connection [29396]  * "[IP] 10.190.34.120 [Port] 0 [Flags] 2 [Guid] 4138087973 [EditorId] 4138087973 [Version] 1048832 [Id] WindowsEditor(7,MSI) [Debug] 1 [PackageName] WindowsEditor [ProjectName] Editor" 

Player connection [29396] Host joined multi-casting on [225.0.0.222:54997]...
Player connection [29396] Host joined alternative multi-casting on [225.0.0.222:34997]...
JobSystem: Creating JobQueue using job-worker-count value 7
Input System module state changed to: Initialized.
[Physics::Module] Initialized fallback backend.
[Physics::Module] Id: 0xdecafbad
[Licensing::Client] Code 10 while verifying Licensing Client signature (process Id: 14432, path: "C:/Users/ayana/SchoolSoftware/Unity Hub/UnityLicensingClient_V1/Unity.Licensing.Client.exe")
[Licensing::Module] LicensingClient has failed validation; ignoring
[Licensing::Client] Handshaking with LicensingClient:
  Version:                 1.17.3+a4e98f1
  Session Id:              589539c64b8748dcaa519a234cd9e0fd
  Correlation Id:          dbb86da8790373501026c475021a0703
  External correlation Id: 4260281946530718923
  Machine Id:              cleDMvXY9O+45m6I22BHXt+mVGw=
[Licensing::Module] Successfully connected to LicensingClient on channel: "LicenseClient-ayana" (connect: 0.00s, validation: 0.00s, handshake: 0.18s)
[Licensing::IpcConnector] Successfully connected to: "LicenseClient-ayana-notifications" at "2025-10-06T14:22:17.5868991Z"
[Licensing::Module] Licensing Background thread has ended after 0.18s
Library Redirect Path: Library/
[Physics::Module] Selected backend.
[Physics::Module] Name: PhysX
[Physics::Module] Id: 0xf2b8ea05
[Physics::Module] SDK Version: 4.1.2
[Physics::Module] Integration Version: 1.0.0
[Physics::Module] Threading Mode: Multi-Threaded
Refreshing native plugins compatible for Editor in 9.50 ms, found 3 plugins.
Preloading 0 native plugins for Editor in 0.00 ms.
Initialize engine version: 6000.2.6f2 (4a4dcaec6541)
[Subsystems] Discovering subsystems at path C:/Program Files/Unity/Hub/Editor/6000.2.6f2/Editor/Data/Resources/UnitySubsystems
[Subsystems] Discovering subsystems at path C:/Users/ayana/OneDrive/Documents/GitHub/AnimationLabs2025/AnimationLabs_/Assets
GfxDevice: creating device client; kGfxThreadingModeNonThreaded
d3d12: failed to query info queue interface (0x80004002).
Direct3D:
    Version:         Direct3D 12 [level 12.1]
    Renderer:        NVIDIA GeForce RTX 4060 Laptop GPU (ID=0x28a0)
    Vendor:          NVIDIA
    VRAM:            7957 MB
    App VRAM Budget: 7189 MB
    Driver:          32.0.15.7700
Initialize mono
Mono path[0] = 'C:/Program Files/Unity/Hub/Editor/6000.2.6f2/Editor/Data/Managed'
Mono path[1] = 'C:/Program Files/Unity/Hub/Editor/6000.2.6f2/Editor/Data/MonoBleedingEdge/lib/mono/unityjit-win32'
Mono config path = 'C:/Program Files/Unity/Hub/Editor/6000.2.6f2/Editor/Data/MonoBleedingEdge/etc'
Using monoOptions --debugger-agent=transport=dt_socket,embedding=1,server=y,suspend=n,address=127.0.0.1:56436
Begin MonoManager ReloadAssembly
Registering precompiled unity dll's ...
Register platform support module: C:/Program Files/Unity/Hub/Editor/6000.2.6f2/Editor/Data/PlaybackEngines/WindowsStandaloneSupport/UnityEditor.WindowsStandalone.Extensions.dll
Registered in 0.004668 seconds.
- Loaded All Assemblies, in  0.946 seconds
Native extension for WindowsStandalone target not found
Mono: successfully reloaded assembly
- Finished resetting the current domain, in  0.536 seconds
Domain Reload Profiling: 1478ms
	BeginReloadAssembly (369ms)
		ExecutionOrderSort (0ms)
		DisableScriptedObjects (0ms)
		BackupInstance (0ms)
		ReleaseScriptingObjects (0ms)
		CreateAndSetChildDomain (1ms)
	RebuildCommonClasses (235ms)
	RebuildNativeTypeToScriptingClass (27ms)
	initialDomainReloadingComplete (108ms)
	LoadAllAssembliesAndSetupDomain (203ms)
		LoadAssemblies (364ms)
		RebuildTransferFunctionScriptingTraits (0ms)
		AnalyzeDomain (200ms)
			TypeCache.Refresh (198ms)
				TypeCache.ScanAssembly (181ms)
			BuildScriptInfoCaches (0ms)
			ResolveRequiredComponents (1ms)
	FinalizeReload (537ms)
		ReleaseScriptCaches (0ms)
		RebuildScriptCaches (0ms)
		SetupLoadedEditorAssemblies (478ms)
			LogAssemblyErrors (0ms)
			InitializePlatformSupportModulesInManaged (73ms)
			SetLoadedEditorAssemblies (6ms)
			BeforeProcessingInitializeOnLoad (148ms)
			ProcessInitializeOnLoadAttributes (186ms)
			ProcessInitializeOnLoadMethodAttributes (65ms)
			AfterProcessingInitializeOnLoad (0ms)
			EditorAssembliesLoaded (0ms)
		ExecutionOrderSort2 (0ms)
		AwakeInstancesAfterBackupRestoration (0ms)
========================================================================
Worker process is ready to serve import requests
Import Worker Mode flag is 0x00
Begin MonoManager ReloadAssembly
[Licensing::Client] Successfully resolved entitlement details
[Licensing::Module] License group:
  Id: 3574232338638-UnityPersXXXX
  Product: Unity Personal
  Type: Assigned
  Expiration: Unlimited
- Loaded All Assemblies, in  1.190 seconds
Refreshing native plugins compatible for Editor in 1.41 ms, found 3 plugins.
Native extension for WindowsStandalone target not found
Package Manager log level set to [2]
[Package Manager] Failed to launch server process. Reason: Unity was launched with the -noUpm command-line argument
[Package Manager] Unable to send message (not connected to server process).
[Package Manager] Cannot connect to Unity Package Manager local server
Mono: successfully reloaded assembly
- Finished resetting the current domain, in  1.009 seconds
Domain Reload Profiling: 2193ms
	BeginReloadAssembly (354ms)
		ExecutionOrderSort (0ms)
		DisableScriptedObjects (11ms)
		BackupInstance (0ms)
		ReleaseScriptingObjects (0ms)
		CreateAndSetChildDomain (45ms)
	RebuildCommonClasses (45ms)
	RebuildNativeTypeToScriptingClass (21ms)
	initialDomainReloadingComplete (65ms)
	LoadAllAssembliesAndSetupDomain (698ms)
		LoadAssemblies (495ms)
		RebuildTransferFunctionScriptingTraits (0ms)
		AnalyzeDomain (351ms)
			TypeCache.Refresh (259ms)
				TypeCache.ScanAssembly (239ms)
			BuildScriptInfoCaches (67ms)
			ResolveRequiredComponents (15ms)
	FinalizeReload (1010ms)
		ReleaseScriptCaches (0ms)
		RebuildScriptCaches (0ms)
		SetupLoadedEditorAssemblies (832ms)
			LogAssemblyErrors (0ms)
			InitializePlatformSupportModulesInManaged (3ms)
			SetLoadedEditorAssemblies (5ms)
			BeforeProcessingInitializeOnLoad (186ms)
			ProcessInitializeOnLoadAttributes (526ms)
			ProcessInitializeOnLoadMethodAttributes (103ms)
			AfterProcessingInitializeOnLoad (9ms)
			EditorAssembliesLoaded (0ms)
		ExecutionOrderSort2 (0ms)
		AwakeInstancesAfterBackupRestoration (11ms)
WARNING: Shader Unsupported: 'Hidden/Universal Render Pipeline/Terrain/Lit (Base Pass)' - All subshaders removed
WARNING: Shader Did you use #pragma only_renderers and omit this platform?
WARNING: Shader If subshaders removal was intentional, you may have forgotten turning Fallback off?
WARNING: Shader Unsupported: 'Hidden/Universal Render Pipeline/Terrain/Lit (Base Pass)' - All subshaders removed
WARNING: Shader Did you use #pragma only_renderers and omit this platform?
WARNING: Shader If subshaders removal was intentional, you may have forgotten turning Fallback off?
WARNING: Shader Unsupported: 'Universal Render Pipeline/Terrain/Lit' - All subshaders removed
WARNING: Shader Did you use #pragma only_renderers and omit this platform?
WARNING: Shader If subshaders removal was intentional, you may have forgotten turning Fallback off?
WARNING: Shader Unsupported: 'Universal Render Pipeline/Terrain/Lit' - All subshaders removed
WARNING: Shader Did you use #pragma only_renderers and omit this platform?
WARNING: Shader If subshaders removal was intentional, you may have forgotten turning Fallback off?
Launched and connected shader compiler UnityShaderCompiler.exe after 0.03 seconds
Refreshing native plugins compatible for Editor in 5.52 ms, found 3 plugins.
Preloading 0 native plugins for Editor in 0.00 ms.
Unloading 33 Unused Serialized files (Serialized files now loaded: 0)
Unloading 6126 unused Assets / (6.2 MB). Loaded Objects now: 6669.
Memory consumption went from 131.2 MB to 125.1 MB.
Total: 23.334400 ms (FindLiveObjects: 0.882500 ms CreateObjectMapping: 0.686200 ms MarkObjects: 11.578600 ms  DeleteObjects: 10.182900 ms)

========================================================================
Received Prepare
Begin MonoManager ReloadAssembly
- Loaded All Assemblies, in  1.410 seconds
Refreshing native plugins compatible for Editor in 1.86 ms, found 3 plugins.
Native extension for WindowsStandalone target not found
[Package Manager] Failed to launch server process. Reason: Unity was launched with the -noUpm command-line argument
[Package Manager] Unable to send message (not connected to server process).
[Package Manager] Cannot connect to Unity Package Manager local server
Mono: successfully reloaded assembly
- Finished resetting the current domain, in  1.155 seconds
Domain Reload Profiling: 2562ms
	BeginReloadAssembly (388ms)
		ExecutionOrderSort (0ms)
		DisableScriptedObjects (7ms)
		BackupInstance (0ms)
		ReleaseScriptingObjects (0ms)
		CreateAndSetChildDomain (91ms)
	RebuildCommonClasses (50ms)
	RebuildNativeTypeToScriptingClass (24ms)
	initialDomainReloadingComplete (40ms)
	LoadAllAssembliesAndSetupDomain (905ms)
		LoadAssemblies (836ms)
		RebuildTransferFunctionScriptingTraits (0ms)
		AnalyzeDomain (273ms)
			TypeCache.Refresh (8ms)
				TypeCache.ScanAssembly (0ms)
			BuildScriptInfoCaches (239ms)
			ResolveRequiredComponents (19ms)
	FinalizeReload (1156ms)
		ReleaseScriptCaches (0ms)
		RebuildScriptCaches (0ms)
		SetupLoadedEditorAssemblies (859ms)
			LogAssemblyErrors (0ms)
			InitializePlatformSupportModulesInManaged (3ms)
			SetLoadedEditorAssemblies (7ms)
			BeforeProcessingInitializeOnLoad (203ms)
			ProcessInitializeOnLoadAttributes (560ms)
			ProcessInitializeOnLoadMethodAttributes (78ms)
			AfterProcessingInitializeOnLoad (7ms)
			EditorAssembliesLoaded (0ms)
		ExecutionOrderSort2 (0ms)
		AwakeInstancesAfterBackupRestoration (9ms)
WARNING: Shader Unsupported: 'Hidden/Universal Render Pipeline/Terrain/Lit (Base Pass)' - All subshaders removed
WARNING: Shader Did you use #pragma only_renderers and omit this platform?
WARNING: Shader If subshaders removal was intentional, you may have forgotten turning Fallback off?
WARNING: Shader Unsupported: 'Hidden/Universal Render Pipeline/Terrain/Lit (Base Pass)' - All subshaders removed
WARNING: Shader Did you use #pragma only_renderers and omit this platform?
WARNING: Shader If subshaders removal was intentional, you may have forgotten turning Fallback off?
WARNING: Shader Unsupported: 'Universal Render Pipeline/Terrain/Lit' - All subshaders removed
WARNING: Shader Did you use #pragma only_renderers and omit this platform?
WARNING: Shader If subshaders removal was intentional, you may have forgotten turning Fallback off?
WARNING: Shader Unsupported: 'Universal Render Pipeline/Terrain/Lit' - All subshaders removed
WARNING: Shader Did you use #pragma only_renderers and omit this platform?
WARNING: Shader If subshaders removal was intentional, you may have forgotten turning Fallback off?
Refreshing native plugins compatible for Editor in 1.18 ms, found 3 plugins.
Preloading 0 native plugins for Editor in 0.00 ms.
Unloading 33 Unused Serialized files (Serialized files now loaded: 0)
Unloading 6124 unused Assets / (6.0 MB). Loaded Objects now: 6672.
Memory consumption went from 133.3 MB to 127.3 MB.
Total: 9.318700 ms (FindLiveObjects: 0.600300 ms CreateObjectMapping: 0.523100 ms MarkObjects: 5.238700 ms  DeleteObjects: 2.955100 ms)

Prepare: number of updated asset objects reloaded= 0
========================================================================
Received Import Request.
  Time since last request: 36271.474507 seconds.
  path: Assets/InputSystem_Actions.inputactions
  artifactKey: Guid(052faaac586de48259a63d0c4782560b) Importer(815301076,1909f56bfc062723c751e8b465ee728b)
Start importing Assets/InputSystem_Actions.inputactions using Guid(052faaac586de48259a63d0c4782560b) Importer(815301076,1909f56bfc062723c751e8b465ee728b) (PreviewImporter) -> (artifact id: '11203590c78985956de4441220bf2db3') in 0.0461881 seconds
Number of updated asset objects reloaded before import = 0Number of asset objects unloaded after import = 19

========================================================================
Received Import Request.
  Time since last request: 0.000020 seconds.
  path: Assets/UniversalRenderPipelineGlobalSettings.asset
  artifactKey: Guid(394f42ffbeecb8047b9473e14f2c2e49) Importer(815301076,1909f56bfc062723c751e8b465ee728b)
Start importing Assets/UniversalRenderPipelineGlobalSettings.asset using Guid(394f42ffbeecb8047b9473e14f2c2e49) Importer(815301076,1909f56bfc062723c751e8b465ee728b) (PreviewImporter) -> (artifact id: 'fe4f2a1410fe94c16231a3d8b3cf23f2') in 0.0811363 seconds
Number of updated asset objects reloaded before import = 0Number of asset objects unloaded after import = 117

========================================================================
Received Import Request.
  Time since last request: 44.322201 seconds.
  path: Assets/DefaultVolumeProfile.asset
  artifactKey: Guid(a4ff4d86f55c9474181bb8603b2ac597) Importer(2089858483,192608db42251d675da83286b1cce702)
Start importing Assets/DefaultVolumeProfile.asset using Guid(a4ff4d86f55c9474181bb8603b2ac597) Importer(2089858483,192608db42251d675da83286b1cce702) (ScriptedImporter) -> (artifact id: 'b8c01c4a1ebfa665832c293f3f229f5b') in 0.4221706 seconds
Number of updated asset objects reloaded before import = 0Number of asset objects unloaded after import = 1

========================================================================
Received Prepare
Begin MonoManager ReloadAssembly
[Licensing::Client] Successfully resolved entitlement details
- Loaded All Assemblies, in  1.650 seconds
Refreshing native plugins compatible for Editor in 3.16 ms, found 3 plugins.
Native extension for WindowsStandalone target not found
[Package Manager] Failed to launch server process. Reason: Unity was launched with the -noUpm command-line argument
[Package Manager] Unable to send message (not connected to server process).
[Package Manager] Cannot connect to Unity Package Manager local server
Mono: successfully reloaded assembly
- Finished resetting the current domain, in  1.465 seconds
Domain Reload Profiling: 3114ms
	BeginReloadAssembly (535ms)
		ExecutionOrderSort (0ms)
		DisableScriptedObjects (29ms)
		BackupInstance (0ms)
		ReleaseScriptingObjects (0ms)
		CreateAndSetChildDomain (164ms)
	RebuildCommonClasses (93ms)
	RebuildNativeTypeToScriptingClass (34ms)
	initialDomainReloadingComplete (41ms)
	LoadAllAssembliesAndSetupDomain (944ms)
		LoadAssemblies (819ms)
		RebuildTransferFunctionScriptingTraits (0ms)
		AnalyzeDomain (285ms)
			TypeCache.Refresh (11ms)
				TypeCache.ScanAssembly (0ms)
			BuildScriptInfoCaches (251ms)
			ResolveRequiredComponents (14ms)
	FinalizeReload (1467ms)
		ReleaseScriptCaches (0ms)
		RebuildScriptCaches (0ms)
		SetupLoadedEditorAssemblies (1210ms)
			LogAssemblyErrors (0ms)
			InitializePlatformSupportModulesInManaged (2ms)
			SetLoadedEditorAssemblies (4ms)
			BeforeProcessingInitializeOnLoad (179ms)
			ProcessInitializeOnLoadAttributes (464ms)
			ProcessInitializeOnLoadMethodAttributes (548ms)
			AfterProcessingInitializeOnLoad (12ms)
			EditorAssembliesLoaded (1ms)
		ExecutionOrderSort2 (0ms)
		AwakeInstancesAfterBackupRestoration (14ms)
Refreshing native plugins compatible for Editor in 1.56 ms, found 3 plugins.
Preloading 0 native plugins for Editor in 0.00 ms.
Unloading 13 Unused Serialized files (Serialized files now loaded: 0)
Unloading 6115 unused Assets / (3.8 MB). Loaded Objects now: 6815.
Memory consumption went from 141.6 MB to 137.8 MB.
Total: 11.774800 ms (FindLiveObjects: 0.741200 ms CreateObjectMapping: 0.628800 ms MarkObjects: 7.589600 ms  DeleteObjects: 2.813200 ms)

Prepare: number of updated asset objects reloaded= 0
========================================================================
Received Import Request.
  Time since last request: 111.462361 seconds.
  path: Assets/DefaultVolumeProfile.asset
  artifactKey: Guid(a4ff4d86f55c9474181bb8603b2ac597) Importer(815301076,1909f56bfc062723c751e8b465ee728b)
Start importing Assets/DefaultVolumeProfile.asset using Guid(a4ff4d86f55c9474181bb8603b2ac597) Importer(815301076,1909f56bfc062723c751e8b465ee728b) (PreviewImporter) -> (artifact id: 'c033a163f51b17119984bcce09ef94e5') in 0.0339539 seconds
Number of updated asset objects reloaded before import = 0Number of asset objects unloaded after import = 0

========================================================================
Received Prepare
Begin MonoManager ReloadAssembly
- Loaded All Assemblies, in  1.215 seconds
Refreshing native plugins compatible for Editor in 2.21 ms, found 3 plugins.
Native extension for WindowsStandalone target not found
[Package Manager] Failed to launch server process. Reason: Unity was launched with the -noUpm command-line argument
[Package Manager] Unable to send message (not connected to server process).
[Package Manager] Cannot connect to Unity Package Manager local server
Mono: successfully reloaded assembly
- Finished resetting the current domain, in  1.061 seconds
Domain Reload Profiling: 2273ms
	BeginReloadAssembly (328ms)
		ExecutionOrderSort (0ms)
		DisableScriptedObjects (7ms)
		BackupInstance (0ms)
		ReleaseScriptingObjects (0ms)
		CreateAndSetChildDomain (93ms)
	RebuildCommonClasses (57ms)
	RebuildNativeTypeToScriptingClass (16ms)
	initialDomainReloadingComplete (47ms)
	LoadAllAssembliesAndSetupDomain (762ms)
		LoadAssemblies (559ms)
		RebuildTransferFunctionScriptingTraits (0ms)
		AnalyzeDomain (332ms)
			TypeCache.Refresh (10ms)
				TypeCache.ScanAssembly (0ms)
			BuildScriptInfoCaches (294ms)
			ResolveRequiredComponents (17ms)
	FinalizeReload (1063ms)
		ReleaseScriptCaches (0ms)
		RebuildScriptCaches (0ms)
		SetupLoadedEditorAssemblies (784ms)
			LogAssemblyErrors (0ms)
			InitializePlatformSupportModulesInManaged (2ms)
			SetLoadedEditorAssemblies (7ms)
			BeforeProcessingInitializeOnLoad (168ms)
			ProcessInitializeOnLoadAttributes (520ms)
			ProcessInitializeOnLoadMethodAttributes (78ms)
			AfterProcessingInitializeOnLoad (7ms)
			EditorAssembliesLoaded (0ms)
		ExecutionOrderSort2 (0ms)
		AwakeInstancesAfterBackupRestoration (23ms)
Refreshing native plugins compatible for Editor in 8.25 ms, found 3 plugins.
Preloading 0 native plugins for Editor in 0.00 ms.
Unloading 13 Unused Serialized files (Serialized files now loaded: 0)
Unloading 6115 unused Assets / (4.0 MB). Loaded Objects now: 6817.
Memory consumption went from 141.5 MB to 137.5 MB.
Total: 29.593400 ms (FindLiveObjects: 1.775700 ms CreateObjectMapping: 1.648900 ms MarkObjects: 18.921500 ms  DeleteObjects: 7.240700 ms)

Prepare: number of updated asset objects reloaded= 0
========================================================================
Received Prepare
Begin MonoManager ReloadAssembly
[Licensing::Client] Successfully resolved entitlement details
- Loaded All Assemblies, in  1.260 seconds
Refreshing native plugins compatible for Editor in 1.27 ms, found 3 plugins.
Native extension for WindowsStandalone target not found
[Package Manager] Failed to launch server process. Reason: Unity was launched with the -noUpm command-line argument
[Package Manager] Unable to send message (not connected to server process).
[Package Manager] Cannot connect to Unity Package Manager local server
Mono: successfully reloaded assembly
- Finished resetting the current domain, in  1.992 seconds
Domain Reload Profiling: 3245ms
	BeginReloadAssembly (356ms)
		ExecutionOrderSort (0ms)
		DisableScriptedObjects (7ms)
		BackupInstance (0ms)
		ReleaseScriptingObjects (0ms)
		CreateAndSetChildDomain (72ms)
	RebuildCommonClasses (58ms)
	RebuildNativeTypeToScriptingClass (18ms)
	initialDomainReloadingComplete (61ms)
	LoadAllAssembliesAndSetupDomain (757ms)
		LoadAssemblies (648ms)
		RebuildTransferFunctionScriptingTraits (0ms)
		AnalyzeDomain (243ms)
			TypeCache.Refresh (8ms)
				TypeCache.ScanAssembly (0ms)
			BuildScriptInfoCaches (212ms)
			ResolveRequiredComponents (14ms)
	FinalizeReload (1995ms)
		ReleaseScriptCaches (0ms)
		RebuildScriptCaches (0ms)
		SetupLoadedEditorAssemblies (1655ms)
			LogAssemblyErrors (0ms)
			InitializePlatformSupportModulesInManaged (4ms)
			SetLoadedEditorAssemblies (9ms)
			BeforeProcessingInitializeOnLoad (208ms)
			ProcessInitializeOnLoadAttributes (1166ms)
			ProcessInitializeOnLoadMethodAttributes (260ms)
			AfterProcessingInitializeOnLoad (8ms)
			EditorAssembliesLoaded (1ms)
		ExecutionOrderSort2 (0ms)
		AwakeInstancesAfterBackupRestoration (50ms)
Refreshing native plugins compatible for Editor in 4.53 ms, found 3 plugins.
Preloading 0 native plugins for Editor in 0.00 ms.
Unloading 13 Unused Serialized files (Serialized files now loaded: 0)
Unloading 6115 unused Assets / (4.1 MB). Loaded Objects now: 6819.
Memory consumption went from 143.2 MB to 139.2 MB.
Total: 31.658000 ms (FindLiveObjects: 1.599700 ms CreateObjectMapping: 1.227000 ms MarkObjects: 20.803900 ms  DeleteObjects: 8.021600 ms)

Prepare: number of updated asset objects reloaded= 0
========================================================================
Received Import Request.
  Time since last request: 136.982300 seconds.
  path: Assets/Lab3/lab3
  artifactKey: Guid(49c97b716390bd04d81c5ddfbb78da51) Importer(2089858483,192608db42251d675da83286b1cce702)
Start importing Assets/Lab3/lab3 using Guid(49c97b716390bd04d81c5ddfbb78da51) Importer(2089858483,192608db42251d675da83286b1cce702) (ScriptedImporter) -> (artifact id: '150196b8f423387ce012583a1585cf74') in 0.2574785 seconds
Number of updated asset objects reloaded before import = 0Number of asset objects unloaded after import = 1

========================================================================
Received Import Request.
  Time since last request: 0.000028 seconds.
  path: Assets/Lab3/scripts/rayManager.cs
  artifactKey: Guid(c975d04a0b270a44bbe1412152a066a8) Importer(2089858483,192608db42251d675da83286b1cce702)
Start importing Assets/Lab3/scripts/rayManager.cs using Guid(c975d04a0b270a44bbe1412152a066a8) Importer(2089858483,192608db42251d675da83286b1cce702) (ScriptedImporter) -> (artifact id: 'e58b2df27e799167c9be14ad00cf0d78') in 0.0786229 seconds
Number of updated asset objects reloaded before import = 0Number of asset objects unloaded after import = 0

========================================================================
Received Import Request.
  Time since last request: 0.000033 seconds.
  path: Assets/Scenes/CatBorg Studio/3D Dungeon Lowpoly Pack/Prefabs/99_Decorations_WallBanner_5.prefab
  artifactKey: Guid(ec2f295bd6d5a874eae824112a4f523a) Importer(2089858483,192608db42251d675da83286b1cce702)
Start importing Assets/Scenes/CatBorg Studio/3D Dungeon Lowpoly Pack/Prefabs/99_Decorations_WallBanner_5.prefab using Guid(ec2f295bd6d5a874eae824112a4f523a) Importer(2089858483,192608db42251d675da83286b1cce702) (ScriptedImporter) -> (artifact id: '6dc27df013a3ff0fe9f7d296c739e710') in 0.0745228 seconds
Number of updated asset objects reloaded before import = 0Number of asset objects unloaded after import = 8

========================================================================
Received Import Request.
  Time since last request: 0.000021 seconds.
  path: Assets/Scenes/CatBorg Studio/3D Dungeon Lowpoly Pack/Prefabs/02_Kitchen_01_WoodenTable#2.prefab
  artifactKey: Guid(337841c711a168941bad28c82c132574) Importer(2089858483,192608db42251d675da83286b1cce702)
Start importing Assets/Scenes/CatBorg Studio/3D Dungeon Lowpoly Pack/Prefabs/02_Kitchen_01_WoodenTable#2.prefab using Guid(337841c711a168941bad28c82c132574) Importer(2089858483,192608db42251d675da83286b1cce702) (ScriptedImporter) -> (artifact id: '1a3af66296a2b518d32b609fe811f6bc') in 0.0752462 seconds
Number of updated asset objects reloaded before import = 0Number of asset objects unloaded after import = 8

========================================================================
Received Import Request.
  Time since last request: 0.000046 seconds.
  path: Assets/Lab2 - Copy/BTM_Assets/BTM_Items_Gems/Prefabs/RedPotion.prefab
  artifactKey: Guid(1242a88922ac6d34da67517f4c97626b) Importer(2089858483,192608db42251d675da83286b1cce702)
Start importing Assets/Lab2 - Copy/BTM_Assets/BTM_Items_Gems/Prefabs/RedPotion.prefab using Guid(1242a88922ac6d34da67517f4c97626b) Importer(2089858483,192608db42251d675da83286b1cce702) (ScriptedImporter) -> (artifact id: '0c7e2700f930916a8c459daaaa1e9729') in 0.0588427 seconds
Number of updated asset objects reloaded before import = 0Number of asset objects unloaded after import = 15

========================================================================
Received Import Request.
  Time since last request: 0.000030 seconds.
  path: Assets/Scenes/CatBorg Studio/3D Dungeon Lowpoly Pack/Models/01_DiningHall_01_WoodenTable#1.fbx
  artifactKey: Guid(390ddb3adfecc3e4f8d044ba8a40fbc7) Importer(2089858483,192608db42251d675da83286b1cce702)
Start importing Assets/Scenes/CatBorg Studio/3D Dungeon Lowpoly Pack/Models/01_DiningHall_01_WoodenTable#1.fbx using Guid(390ddb3adfecc3e4f8d044ba8a40fbc7) Importer(2089858483,192608db42251d675da83286b1cce702) (ScriptedImporter) -> (artifact id: 'a6124c16289a835b3a97cad3147fad2a') in 0.1364299 seconds
Number of updated asset objects reloaded before import = 0Number of asset objects unloaded after import = 8

========================================================================
Received Import Request.
  Time since last request: 0.000115 seconds.
  path: Assets/FreeDragons/Animations/DragonSoulEater/Basic Attack.fbx
  artifactKey: Guid(5d9efb65c776b714fb5123711f07de0c) Importer(2089858483,192608db42251d675da83286b1cce702)
Start importing Assets/FreeDragons/Animations/DragonSoulEater/Basic Attack.fbx using Guid(5d9efb65c776b714fb5123711f07de0c) Importer(2089858483,192608db42251d675da83286b1cce702) (ScriptedImporter) -> (artifact id: '69d9d0353c08c1f7c62f8ac0f9228772') in 0.2210004 seconds
Number of updated asset objects reloaded before import = 0Number of asset objects unloaded after import = 133

========================================================================
Received Import Request.
  Time since last request: 0.000035 seconds.
  path: Assets/Scenes/CatBorg Studio/3D Dungeon Lowpoly Pack/Prefabs/03_Blacksmith_01_Hammer#2.prefab
  artifactKey: Guid(d71513e356a6264478e901eb30867760) Importer(2089858483,192608db42251d675da83286b1cce702)
Start importing Assets/Scenes/CatBorg Studio/3D Dungeon Lowpoly Pack/Prefabs/03_Blacksmith_01_Hammer#2.prefab using Guid(d71513e356a6264478e901eb30867760) Importer(2089858483,192608db42251d675da83286b1cce702) (ScriptedImporter) -> (artifact id: 'e725bbc19e211a766884b47f633fcf8e') in 0.0469332 seconds
Number of updated asset objects reloaded before import = 0Number of asset objects unloaded after import = 8

========================================================================
Received Import Request.
  Time since last request: 0.000083 seconds.
  path: Assets/Lab3/lab3/NavMesh-Map.asset
  artifactKey: Guid(e0aee386487e66245a671214fbffd584) Importer(2089858483,192608db42251d675da83286b1cce702)
Start importing Assets/Lab3/lab3/NavMesh-Map.asset using Guid(e0aee386487e66245a671214fbffd584) Importer(2089858483,192608db42251d675da83286b1cce702) (ScriptedImporter) -> (artifact id: 'e1788dcbb5d8af3c58d2c7e3d48def47') in 0.1103025 seconds
Number of updated asset objects reloaded before import = 0Number of asset objects unloaded after import = 1

========================================================================
Received Import Request.
  Time since last request: 0.000064 seconds.
  path: Assets/Scenes/CatBorg Studio/3D Dungeon Lowpoly Pack/Prefabs/99_Enviroment_Stears.prefab
  artifactKey: Guid(f2799c2d549259841b9b95372363edc2) Importer(2089858483,192608db42251d675da83286b1cce702)
Start importing Assets/Scenes/CatBorg Studio/3D Dungeon Lowpoly Pack/Prefabs/99_Enviroment_Stears.prefab using Guid(f2799c2d549259841b9b95372363edc2) Importer(2089858483,192608db42251d675da83286b1cce702) (ScriptedImporter) -> (artifact id: 'daf904d855e9e51f6f3c47a677bbaec9') in 0.1058747 seconds
Number of updated asset objects reloaded before import = 0Number of asset objects unloaded after import = 8

========================================================================
Received Import Request.
  Time since last request: 0.000065 seconds.
  path: Assets/Lab2 - Copy/BTM_Assets/BTM_Items_Gems/Prefabs/BluePill.prefab
  artifactKey: Guid(48853cd3cc24c284d8a5333395c20ba3) Importer(2089858483,192608db42251d675da83286b1cce702)
Start importing Assets/Lab2 - Copy/BTM_Assets/BTM_Items_Gems/Prefabs/BluePill.prefab using Guid(48853cd3cc24c284d8a5333395c20ba3) Importer(2089858483,192608db42251d675da83286b1cce702) (ScriptedImporter) -> (artifact id: 'fda97a8f848093f701416ddbc5569fd8') in 0.1240421 seconds
Number of updated asset objects reloaded before import = 0Number of asset objects unloaded after import = 16

========================================================================
Received Import Request.
  Time since last request: 0.000025 seconds.
  path: Assets/Lab2 - Copy/BTM_Assets/BTM_Items_Gems/Prefabs/Battery.prefab
  artifactKey: Guid(b1dcde6e675915e46beef84becea3234) Importer(2089858483,192608db42251d675da83286b1cce702)
Start importing Assets/Lab2 - Copy/BTM_Assets/BTM_Items_Gems/Prefabs/Battery.prefab using Guid(b1dcde6e675915e46beef84becea3234) Importer(2089858483,192608db42251d675da83286b1cce702) (ScriptedImporter) -> (artifact id: '204e19ff475bae7bbe9cebc69cb2892a') in 0.0417335 seconds
Number of updated asset objects reloaded before import = 0Number of asset objects unloaded after import = 15

========================================================================
Received Import Request.
  Time since last request: 0.000081 seconds.
  path: Assets/Lab2 - Copy/BTM_Assets/BTM_Items_Gems/Prefabs/Key.prefab
  artifactKey: Guid(e360d8d16d87ca544b56a603ea831f2f) Importer(2089858483,192608db42251d675da83286b1cce702)
Start importing Assets/Lab2 - Copy/BTM_Assets/BTM_Items_Gems/Prefabs/Key.prefab using Guid(e360d8d16d87ca544b56a603ea831f2f) Importer(2089858483,192608db42251d675da83286b1cce702) (ScriptedImporter) -> (artifact id: '09251a9778d412ff76e3acf935deb84e') in 0.0464017 seconds
Number of updated asset objects reloaded before import = 0Number of asset objects unloaded after import = 15

========================================================================
Received Import Request.
  Time since last request: 0.000032 seconds.
  path: Assets/Lab2 - Copy/BTM_Assets/BTM_Items_Gems/Models/Penta.fbx
  artifactKey: Guid(6c8f3faefe517b04a8a459b2e554a758) Importer(2089858483,192608db42251d675da83286b1cce702)
Start importing Assets/Lab2 - Copy/BTM_Assets/BTM_Items_Gems/Models/Penta.fbx using Guid(6c8f3faefe517b04a8a459b2e554a758) Importer(2089858483,192608db42251d675da83286b1cce702) (ScriptedImporter) -> (artifact id: '0174fd6aa1c09c2811bea30c6ebb49f3') in 0.1322383 seconds
Number of updated asset objects reloaded before import = 0Number of asset objects unloaded after import = 9

========================================================================
Received Import Request.
  Time since last request: 0.000097 seconds.
  path: Assets/Scenes/CatBorg Studio/3D Dungeon Lowpoly Pack/Prefabs/97_Othert_Barrel_MK2.prefab
  artifactKey: Guid(3df9b2ddf5f6382488f21cad82623b16) Importer(2089858483,192608db42251d675da83286b1cce702)
Start importing Assets/Scenes/CatBorg Studio/3D Dungeon Lowpoly Pack/Prefabs/97_Othert_Barrel_MK2.prefab using Guid(3df9b2ddf5f6382488f21cad82623b16) Importer(2089858483,192608db42251d675da83286b1cce702) (ScriptedImporter) -> (artifact id: '6d0e4c798c1e2ebc0589d60ffc839f86') in 0.069466 seconds
Number of updated asset objects reloaded before import = 0Number of asset objects unloaded after import = 99

========================================================================
Received Import Request.
  Time since last request: 0.000156 seconds.
  path: Assets/Lab2 - Copy/RPGHero/Scene/PolyArt_CharacterSettings.lighting
  artifactKey: Guid(1fb5019425dcd0548b2c3a5e72f6f539) Importer(2089858483,192608db42251d675da83286b1cce702)
Start importing Assets/Lab2 - Copy/RPGHero/Scene/PolyArt_CharacterSettings.lighting using Guid(1fb5019425dcd0548b2c3a5e72f6f539) Importer(2089858483,192608db42251d675da83286b1cce702) (ScriptedImporter) -> (artifact id: '9930bf1f65d821a643b79965e609a5f9') in 0.0766836 seconds
Number of updated asset objects reloaded before import = 0Number of asset objects unloaded after import = 1

========================================================================
Received Import Request.
  Time since last request: 0.000025 seconds.
  path: Assets/Lab2 - Copy/Scripts/pathManager.cs
  artifactKey: Guid(04a984b605a8fff4e9923b267da669ba) Importer(2089858483,192608db42251d675da83286b1cce702)
Start importing Assets/Lab2 - Copy/Scripts/pathManager.cs using Guid(04a984b605a8fff4e9923b267da669ba) Importer(2089858483,192608db42251d675da83286b1cce702) (ScriptedImporter) -> (artifact id: '541cf8824a4a1c2ff70b171372de815e') in 0.0286758 seconds
Number of updated asset objects reloaded before import = 0Number of asset objects unloaded after import = 0

========================================================================
Received Import Request.
  Time since last request: 0.000041 seconds.
  path: Assets/Lab2 - Copy/BTM_Assets/BTM_Items_Gems/Prefabs/StarGem2.prefab
  artifactKey: Guid(5151591354fd80f448e91914496d97d1) Importer(2089858483,192608db42251d675da83286b1cce702)
Start importing Assets/Lab2 - Copy/BTM_Assets/BTM_Items_Gems/Prefabs/StarGem2.prefab using Guid(5151591354fd80f448e91914496d97d1) Importer(2089858483,192608db42251d675da83286b1cce702) (ScriptedImporter) -> (artifact id: 'be167e3cce46904374f2eb3bab065a58') in 0.0502257 seconds
Number of updated asset objects reloaded before import = 0Number of asset objects unloaded after import = 15

========================================================================
Received Import Request.
  Time since last request: 0.000032 seconds.
  path: Assets/Lab2 - Copy/BTM_Assets/BTM_Items_Gems/Models/Ruby2.fbx
  artifactKey: Guid(01cea9c04d1450f4297a33380cf7f2ed) Importer(2089858483,192608db42251d675da83286b1cce702)
Start importing Assets/Lab2 - Copy/BTM_Assets/BTM_Items_Gems/Models/Ruby2.fbx using Guid(01cea9c04d1450f4297a33380cf7f2ed) Importer(2089858483,192608db42251d675da83286b1cce702) (ScriptedImporter) -> (artifact id: 'aeae8a1a99cd3bae2573d85b4ed3ab5f') in 0.0583075 seconds
Number of updated asset objects reloaded before import = 0Number of asset objects unloaded after import = 9

========================================================================
Received Import Request.
  Time since last request: 0.000031 seconds.
  path: Assets/FreeDragons/Texture/DragonBoarPBR/Gold/Metallic.png
  artifactKey: Guid(c4ee1cc7d1f0d49478ae271f8b7b24ce) Importer(2089858483,192608db42251d675da83286b1cce702)
Start importing Assets/FreeDragons/Texture/DragonBoarPBR/Gold/Metallic.png using Guid(c4ee1cc7d1f0d49478ae271f8b7b24ce) Importer(2089858483,192608db42251d675da83286b1cce702) (ScriptedImporter) -> (artifact id: '3d372d876b8979ce46a2118e43f54074') in 0.109724 seconds
Number of updated asset objects reloaded before import = 0Number of asset objects unloaded after import = 1

========================================================================
Received Import Request.
  Time since last request: 0.000033 seconds.
  path: Assets/FreeDragons/Materials/DragonSoulEaterPBR/PurplePBR.mat
  artifactKey: Guid(0526c5be35ba93547acf614ed1950a2f) Importer(2089858483,192608db42251d675da83286b1cce702)
Start importing Assets/FreeDragons/Materials/DragonSoulEaterPBR/PurplePBR.mat using Guid(0526c5be35ba93547acf614ed1950a2f) Importer(2089858483,192608db42251d675da83286b1cce702) (ScriptedImporter) -> (artifact id: '60da4f9bf5aa8b30513fbc441286857c') in 0.0636325 seconds
Number of updated asset objects reloaded before import = 0Number of asset objects unloaded after import = 6

========================================================================
Received Import Request.
  Time since last request: 0.000031 seconds.
  path: Assets/Scenes/CatBorg Studio/3D Dungeon Lowpoly Pack/Prefabs/04_Bedroom_01_Beed_2.prefab
  artifactKey: Guid(4c99ccd66904b4f41b452d4403e13bd0) Importer(2089858483,192608db42251d675da83286b1cce702)
Start importing Assets/Scenes/CatBorg Studio/3D Dungeon Lowpoly Pack/Prefabs/04_Bedroom_01_Beed_2.prefab using Guid(4c99ccd66904b4f41b452d4403e13bd0) Importer(2089858483,192608db42251d675da83286b1cce702) (ScriptedImporter) -> (artifact id: '661cd1885d5ba057e43148b194ce3674') in 0.0478385 seconds
Number of updated asset objects reloaded before import = 0Number of asset objects unloaded after import = 8

========================================================================
Received Import Request.
  Time since last request: 0.000042 seconds.
  path: Assets/Scenes/CatBorg Studio/3D Dungeon Lowpoly Pack/Prefabs/97_Othert_Key_Green.prefab
  artifactKey: Guid(733aae2c5a2bf744080b9e23ba391d21) Importer(2089858483,192608db42251d675da83286b1cce702)
Start importing Assets/Scenes/CatBorg Studio/3D Dungeon Lowpoly Pack/Prefabs/97_Othert_Key_Green.prefab using Guid(733aae2c5a2bf744080b9e23ba391d21) Importer(2089858483,192608db42251d675da83286b1cce702) (ScriptedImporter) -> (artifact id: '9c7a6e5d0d010b57746f5b45f2b50a9a') in 0.0453119 seconds
Number of updated asset objects reloaded before import = 0Number of asset objects unloaded after import = 8

========================================================================
Received Import Request.
  Time since last request: 0.000033 seconds.
  path: Assets/Scenes/CatBorg Studio/3D Dungeon Lowpoly Pack/Models/97_Othert_Key_Red.fbx
  artifactKey: Guid(768f7077446fbd14d9912f6b0d913fa6) Importer(2089858483,192608db42251d675da83286b1cce702)
Start importing Assets/Scenes/CatBorg Studio/3D Dungeon Lowpoly Pack/Models/97_Othert_Key_Red.fbx using Guid(768f7077446fbd14d9912f6b0d913fa6) Importer(2089858483,192608db42251d675da83286b1cce702) (ScriptedImporter) -> (artifact id: '9115b87a6e820a595d9650d2bafd8b0e') in 0.040791 seconds
Number of updated asset objects reloaded before import = 0Number of asset objects unloaded after import = 8

========================================================================
Received Import Request.
  Time since last request: 0.000021 seconds.
  path: Assets/Scenes/CatBorg Studio/3D Dungeon Lowpoly Pack/Prefabs/97_Othert_Key_Yellow_2.prefab
  artifactKey: Guid(38a240940317c744cbcd24ae027df742) Importer(2089858483,192608db42251d675da83286b1cce702)
Start importing Assets/Scenes/CatBorg Studio/3D Dungeon Lowpoly Pack/Prefabs/97_Othert_Key_Yellow_2.prefab using Guid(38a240940317c744cbcd24ae027df742) Importer(2089858483,192608db42251d675da83286b1cce702) (ScriptedImporter) -> (artifact id: 'd86ed45e43cbd5eb446475bd190c4b2a') in 0.0352447 seconds
Number of updated asset objects reloaded before import = 0Number of asset objects unloaded after import = 8

========================================================================
Received Import Request.
  Time since last request: 0.000037 seconds.
  path: Assets/Scenes/CatBorg Studio/3D Dungeon Lowpoly Pack/Models/97_Othert_Key_Yellow_2.fbx
  artifactKey: Guid(9164e96d5f7440a4eb5a8dd1a8e0855f) Importer(2089858483,192608db42251d675da83286b1cce702)
Start importing Assets/Scenes/CatBorg Studio/3D Dungeon Lowpoly Pack/Models/97_Othert_Key_Yellow_2.fbx using Guid(9164e96d5f7440a4eb5a8dd1a8e0855f) Importer(2089858483,192608db42251d675da83286b1cce702) (ScriptedImporter) -> (artifact id: '5f16ca553fa76938ee7c10c0c204b50c') in 0.0840307 seconds
Number of updated asset objects reloaded before import = 0Number of asset objects unloaded after import = 8

========================================================================
Received Import Request.
  Time since last request: 0.000032 seconds.
  path: Assets/Lab2 - Copy/BTM_Assets/BTM_Items_Gems/Models/SphereGem2.fbx
  artifactKey: Guid(cf22ac9b16eab2b4c8cbccf3b8eddfc4) Importer(2089858483,192608db42251d675da83286b1cce702)
Start importing Assets/Lab2 - Copy/BTM_Assets/BTM_Items_Gems/Models/SphereGem2.fbx using Guid(cf22ac9b16eab2b4c8cbccf3b8eddfc4) Importer(2089858483,192608db42251d675da83286b1cce702) (ScriptedImporter) -> (artifact id: '52a9efbb5a5c80d561f16084eb62e374') in 0.0647234 seconds
Number of updated asset objects reloaded before import = 0Number of asset objects unloaded after import = 9

========================================================================
Received Import Request.
  Time since last request: 0.000027 seconds.
  path: Assets/FreeDragons/Animations/DragonSoulEater/Scream.fbx
  artifactKey: Guid(8b0b248c4105fd841aad612f61769ae9) Importer(2089858483,192608db42251d675da83286b1cce702)
Start importing Assets/FreeDragons/Animations/DragonSoulEater/Scream.fbx using Guid(8b0b248c4105fd841aad612f61769ae9) Importer(2089858483,192608db42251d675da83286b1cce702) (ScriptedImporter) -> (artifact id: '5a08447f8c86378cfd82f7036877297d') in 0.0474977 seconds
Number of updated asset objects reloaded before import = 0Number of asset objects unloaded after import = 133

========================================================================
Received Import Request.
  Time since last request: 0.000045 seconds.
  path: Assets/Scenes/CatBorg Studio/3D Dungeon Lowpoly Pack/Models/01_Library_01_BookSmall_Purple.fbx
  artifactKey: Guid(baeb6d946a999eb43a6439bb6ea7f69f) Importer(2089858483,192608db42251d675da83286b1cce702)
Start importing Assets/Scenes/CatBorg Studio/3D Dungeon Lowpoly Pack/Models/01_Library_01_BookSmall_Purple.fbx using Guid(baeb6d946a999eb43a6439bb6ea7f69f) Importer(2089858483,192608db42251d675da83286b1cce702) (ScriptedImporter) -> (artifact id: 'fdb36e2bd2b07ae34e0b51fde32d67dd') in 0.0641834 seconds
Number of updated asset objects reloaded before import = 0Number of asset objects unloaded after import = 8

========================================================================
Received Import Request.
  Time since last request: 0.000044 seconds.
  path: Assets/Scenes/CatBorg Studio/3D Dungeon Lowpoly Pack/Prefabs/99_Enviroment_Floor_05.prefab
  artifactKey: Guid(de6e8ec0b4ccf7a42ba81b3b399f3256) Importer(2089858483,192608db42251d675da83286b1cce702)
Start importing Assets/Scenes/CatBorg Studio/3D Dungeon Lowpoly Pack/Prefabs/99_Enviroment_Floor_05.prefab using Guid(de6e8ec0b4ccf7a42ba81b3b399f3256) Importer(2089858483,192608db42251d675da83286b1cce702) (ScriptedImporter) -> (artifact id: '3c714e6ed5ab2f51b8f4c91a7a7d68e1') in 0.0886239 seconds
Number of updated asset objects reloaded before import = 0Number of asset objects unloaded after import = 8

========================================================================
Received Import Request.
  Time since last request: 0.000054 seconds.
  path: Assets/Lab2 - Copy/BTM_Assets/BTM_Items_Gems/Prefabs/SphereGem3.prefab
  artifactKey: Guid(2231e242ec531e44caa03826addc9302) Importer(2089858483,192608db42251d675da83286b1cce702)
Start importing Assets/Lab2 - Copy/BTM_Assets/BTM_Items_Gems/Prefabs/SphereGem3.prefab using Guid(2231e242ec531e44caa03826addc9302) Importer(2089858483,192608db42251d675da83286b1cce702) (ScriptedImporter) -> (artifact id: '1ae1b97bdece216f0e7b7743c93d27bc') in 0.0363285 seconds
Number of updated asset objects reloaded before import = 0Number of asset objects unloaded after import = 15

========================================================================
Received Import Request.
  Time since last request: 0.000033 seconds.
  path: Assets/Lab2 - Copy/BTM_Assets/BTM_Items_Gems/Prefabs/Bomb.prefab
  artifactKey: Guid(e02b31792a067c74a81e275fcda3930b) Importer(2089858483,192608db42251d675da83286b1cce702)
Start importing Assets/Lab2 - Copy/BTM_Assets/BTM_Items_Gems/Prefabs/Bomb.prefab using Guid(e02b31792a067c74a81e275fcda3930b) Importer(2089858483,192608db42251d675da83286b1cce702) (ScriptedImporter) -> (artifact id: '77ad4050cddeff0a64aafb5d2050dc0f') in 0.069896 seconds
Number of updated asset objects reloaded before import = 0Number of asset objects unloaded after import = 15

========================================================================
Received Import Request.
  Time since last request: 0.000061 seconds.
  path: Assets/Scenes/CatBorg Studio/3D Dungeon Lowpoly Pack/Materials/Glass.mat
  artifactKey: Guid(00d936608e1969947b5f410959bad6ab) Importer(2089858483,192608db42251d675da83286b1cce702)
Start importing Assets/Scenes/CatBorg Studio/3D Dungeon Lowpoly Pack/Materials/Glass.mat using Guid(00d936608e1969947b5f410959bad6ab) Importer(2089858483,192608db42251d675da83286b1cce702) (ScriptedImporter) -> (artifact id: '3a090eccc77dc7973279f2a07eee6fe6') in 0.1428645 seconds
Number of updated asset objects reloaded before import = 0Number of asset objects unloaded after import = 1

========================================================================
Received Import Request.
  Time since last request: 0.000033 seconds.
  path: Assets/FreeDragons/Animations/DragonSoulEater/Tail Attack.fbx
  artifactKey: Guid(1e32448c0eb5bdb45b3a576fb8011df0) Importer(2089858483,192608db42251d675da83286b1cce702)
Start importing Assets/FreeDragons/Animations/DragonSoulEater/Tail Attack.fbx using Guid(1e32448c0eb5bdb45b3a576fb8011df0) Importer(2089858483,192608db42251d675da83286b1cce702) (ScriptedImporter) -> (artifact id: '9f2e844bd3208ae2a40e6c32fe1cad6a') in 0.0915591 seconds
Number of updated asset objects reloaded before import = 0Number of asset objects unloaded after import = 133

========================================================================
Received Import Request.
  Time since last request: 0.000035 seconds.
  path: Assets/Scenes/CatBorg Studio/3D Dungeon Lowpoly Pack/Models/01_Library_01_BigBook#1.fbx
  artifactKey: Guid(76076db2398f4f741bb013f71794447e) Importer(2089858483,192608db42251d675da83286b1cce702)
Start importing Assets/Scenes/CatBorg Studio/3D Dungeon Lowpoly Pack/Models/01_Library_01_BigBook#1.fbx using Guid(76076db2398f4f741bb013f71794447e) Importer(2089858483,192608db42251d675da83286b1cce702) (ScriptedImporter) -> (artifact id: '0f543a06524e65191f07e57c18ddac29') in 0.0823695 seconds
Number of updated asset objects reloaded before import = 0Number of asset objects unloaded after import = 8

========================================================================
Received Import Request.
  Time since last request: 0.000030 seconds.
  path: Assets/FreeDragons/Texture/DragonBoarPBR/Green/Normal.png
  artifactKey: Guid(0306708ed7e7ea54e8cf7dabdd2fd1e2) Importer(2089858483,192608db42251d675da83286b1cce702)
Start importing Assets/FreeDragons/Texture/DragonBoarPBR/Green/Normal.png using Guid(0306708ed7e7ea54e8cf7dabdd2fd1e2) Importer(2089858483,192608db42251d675da83286b1cce702) (ScriptedImporter) -> (artifact id: 'f5ff702f97d81fa5e1c60ea6f70e21af') in 0.1136084 seconds
Number of updated asset objects reloaded before import = 0Number of asset objects unloaded after import = 1

========================================================================
Received Import Request.
  Time since last request: 0.000044 seconds.
  path: Assets/Scenes/CatBorg Studio/3D Dungeon Lowpoly Pack/Models/97_Othert_Star.fbx
  artifactKey: Guid(33bd891aa40ecaf4390d56171a34e1fa) Importer(2089858483,192608db42251d675da83286b1cce702)
Start importing Assets/Scenes/CatBorg Studio/3D Dungeon Lowpoly Pack/Models/97_Othert_Star.fbx using Guid(33bd891aa40ecaf4390d56171a34e1fa) Importer(2089858483,192608db42251d675da83286b1cce702) (ScriptedImporter) -> (artifact id: '2a4d3dd4e7639488437708f1ea563485') in 0.0774978 seconds
Number of updated asset objects reloaded before import = 0Number of asset objects unloaded after import = 8

========================================================================
Received Import Request.
  Time since last request: 0.000019 seconds.
  path: Assets/Scenes/CatBorg Studio/3D Dungeon Lowpoly Pack/Prefabs/97_Othert_Barrel_Whole.prefab
  artifactKey: Guid(3ddfb275a6af7b54aa0decd735ed4b47) Importer(2089858483,192608db42251d675da83286b1cce702)
Start importing Assets/Scenes/CatBorg Studio/3D Dungeon Lowpoly Pack/Prefabs/97_Othert_Barrel_Whole.prefab using Guid(3ddfb275a6af7b54aa0decd735ed4b47) Importer(2089858483,192608db42251d675da83286b1cce702) (ScriptedImporter) -> (artifact id: '9e5a309690876995f87b4589b9c84fa7') in 0.0856814 seconds
Number of updated asset objects reloaded before import = 0Number of asset objects unloaded after import = 8

========================================================================
Received Import Request.
  Time since last request: 0.000094 seconds.
  path: Assets/Lab2 - Copy/RPGHero/Prefabs
  artifactKey: Guid(a2a0b3e9614ce9644bcf0df7f50794ce) Importer(2089858483,192608db42251d675da83286b1cce702)
Start importing Assets/Lab2 - Copy/RPGHero/Prefabs using Guid(a2a0b3e9614ce9644bcf0df7f50794ce) Importer(2089858483,192608db42251d675da83286b1cce702) (ScriptedImporter) -> (artifact id: 'c54e23a61d861a4d6dcce0aed25e232b') in 0.0974556 seconds
Number of updated asset objects reloaded before import = 0Number of asset objects unloaded after import = 1

========================================================================
Received Import Request.
  Time since last request: 0.000051 seconds.
  path: Assets/Lab2 - Copy/RPGHero/Meshes
  artifactKey: Guid(c241ccf12f2a2c043a2d58193b8abcf0) Importer(2089858483,192608db42251d675da83286b1cce702)
Start importing Assets/Lab2 - Copy/RPGHero/Meshes using Guid(c241ccf12f2a2c043a2d58193b8abcf0) Importer(2089858483,192608db42251d675da83286b1cce702) (ScriptedImporter) -> (artifact id: 'ea9d9663394ee5ab75aac24890bbebff') in 0.0388285 seconds
Number of updated asset objects reloaded before import = 0Number of asset objects unloaded after import = 1

========================================================================
Received Import Request.
  Time since last request: 0.000055 seconds.
  path: Assets/Lab2 - Copy/BTM_Assets/BTM_Items_Gems/Prefabs/SphereGem.prefab
  artifactKey: Guid(d8b39e1612b32b94d84dfe14087815b2) Importer(2089858483,192608db42251d675da83286b1cce702)
Start importing Assets/Lab2 - Copy/BTM_Assets/BTM_Items_Gems/Prefabs/SphereGem.prefab using Guid(d8b39e1612b32b94d84dfe14087815b2) Importer(2089858483,192608db42251d675da83286b1cce702) (ScriptedImporter) -> (artifact id: '3eeebe2c5038b69cff6a3597cf92f2dc') in 0.1024015 seconds
Number of updated asset objects reloaded before import = 0Number of asset objects unloaded after import = 15

========================================================================
Received Import Request.
  Time since last request: 0.000023 seconds.
  path: Assets/Scenes/CatBorg Studio/3D Dungeon Lowpoly Pack/Models/01_DiningHall_01_WoodenChear#2.fbx
  artifactKey: Guid(c80fb3990183d344fa2324303c88be54) Importer(2089858483,192608db42251d675da83286b1cce702)
Start importing Assets/Scenes/CatBorg Studio/3D Dungeon Lowpoly Pack/Models/01_DiningHall_01_WoodenChear#2.fbx using Guid(c80fb3990183d344fa2324303c88be54) Importer(2089858483,192608db42251d675da83286b1cce702) (ScriptedImporter) -> (artifact id: '9851097005c304c2006ef15bc71694ff') in 0.0757137 seconds
Number of updated asset objects reloaded before import = 0Number of asset objects unloaded after import = 9

========================================================================
Received Import Request.
  Time since last request: 0.000038 seconds.
  path: Assets/Lab2 - Copy/BTM_Assets/BTM_Items_Gems/Models/GreenPill.fbx
  artifactKey: Guid(4cf0ddf15379a1e4683e83a660034947) Importer(2089858483,192608db42251d675da83286b1cce702)
Start importing Assets/Lab2 - Copy/BTM_Assets/BTM_Items_Gems/Models/GreenPill.fbx using Guid(4cf0ddf15379a1e4683e83a660034947) Importer(2089858483,192608db42251d675da83286b1cce702) (ScriptedImporter) -> (artifact id: 'c96e2ce4954bfc05f8b6fee8c26bc3cb') in 0.0700403 seconds
Number of updated asset objects reloaded before import = 0Number of asset objects unloaded after import = 9

========================================================================
Received Import Request.
  Time since last request: 0.000022 seconds.
  path: Assets/FreeDragons/Mesh/Stage.fbx
  artifactKey: Guid(2897399b8106c274f9e41904f19945b0) Importer(2089858483,192608db42251d675da83286b1cce702)
Start importing Assets/FreeDragons/Mesh/Stage.fbx using Guid(2897399b8106c274f9e41904f19945b0) Importer(2089858483,192608db42251d675da83286b1cce702) (ScriptedImporter) -> (artifact id: 'f0a2142f69f4f4b2082793516c77b5eb') in 0.0441233 seconds
Number of updated asset objects reloaded before import = 0Number of asset objects unloaded after import = 7

========================================================================
Received Import Request.
  Time since last request: 0.000023 seconds.
  path: Assets/FreeDragons/Texture/DragonSoulEaterPBR/purple/Specular.png
  artifactKey: Guid(a125460b407d6bc4e84ab93739e0773f) Importer(2089858483,192608db42251d675da83286b1cce702)
Start importing Assets/FreeDragons/Texture/DragonSoulEaterPBR/purple/Specular.png using Guid(a125460b407d6bc4e84ab93739e0773f) Importer(2089858483,192608db42251d675da83286b1cce702) (ScriptedImporter) -> (artifact id: '6914d69fe60d4d2a53b65b1a25fdd9cc') in 0.0695416 seconds
Number of updated asset objects reloaded before import = 0Number of asset objects unloaded after import = 1

========================================================================
Received Import Request.
  Time since last request: 0.000037 seconds.
  path: Assets/Scenes/CatBorg Studio/3D Dungeon Lowpoly Pack/Models/01_DiningHall_01_Bottle#3.fbx
  artifactKey: Guid(8c67db829d4459646af2df5502b713de) Importer(2089858483,192608db42251d675da83286b1cce702)
Start importing Assets/Scenes/CatBorg Studio/3D Dungeon Lowpoly Pack/Models/01_DiningHall_01_Bottle#3.fbx using Guid(8c67db829d4459646af2df5502b713de) Importer(2089858483,192608db42251d675da83286b1cce702) (ScriptedImporter) -> (artifact id: '70c8337b356a3f143f977a05164b8d06') in 0.0711173 seconds
Number of updated asset objects reloaded before import = 0Number of asset objects unloaded after import = 10

========================================================================
Received Import Request.
  Time since last request: 0.000020 seconds.
  path: Assets/Scenes/CatBorg Studio/3D Dungeon Lowpoly Pack/Models/97_Othert_Barrel_MK2.fbx
  artifactKey: Guid(0843b88777ab1574c8ef4fc388f0f13b) Importer(2089858483,192608db42251d675da83286b1cce702)
Start importing Assets/Scenes/CatBorg Studio/3D Dungeon Lowpoly Pack/Models/97_Othert_Barrel_MK2.fbx using Guid(0843b88777ab1574c8ef4fc388f0f13b) Importer(2089858483,192608db42251d675da83286b1cce702) (ScriptedImporter) -> (artifact id: '4862bcaddfb858179eeca9738b44a0f4') in 0.0884314 seconds
Number of updated asset objects reloaded before import = 0Number of asset objects unloaded after import = 99

========================================================================
Received Import Request.
  Time since last request: 0.000051 seconds.
  path: Assets/Lab2 - Copy/RPGHero/Animations/Idle_SwordShield.anim
  artifactKey: Guid(cce17be549d0ed844b495457cb439221) Importer(2089858483,192608db42251d675da83286b1cce702)
Start importing Assets/Lab2 - Copy/RPGHero/Animations/Idle_SwordShield.anim using Guid(cce17be549d0ed844b495457cb439221) Importer(2089858483,192608db42251d675da83286b1cce702) (ScriptedImporter) -> (artifact id: '5143eac21b48db27f0215731444bf7cd') in 0.0980949 seconds
Number of updated asset objects reloaded before import = 0Number of asset objects unloaded after import = 1

========================================================================
Received Import Request.
  Time since last request: 0.000037 seconds.
  path: Assets/Scenes/CatBorg Studio/3D Dungeon Lowpoly Pack/Models/04_Bedroom_01_Matrace_ForBeed_2.fbx
  artifactKey: Guid(bea1f70a1e340f244ab37d512ab24952) Importer(2089858483,192608db42251d675da83286b1cce702)
Start importing Assets/Scenes/CatBorg Studio/3D Dungeon Lowpoly Pack/Models/04_Bedroom_01_Matrace_ForBeed_2.fbx using Guid(bea1f70a1e340f244ab37d512ab24952) Importer(2089858483,192608db42251d675da83286b1cce702) (ScriptedImporter) -> (artifact id: '3fa1899ad98fe0a7c513cc93011aa513') in 0.0627326 seconds
Number of updated asset objects reloaded before import = 0Number of asset objects unloaded after import = 8

========================================================================
Received Import Request.
  Time since last request: 0.000026 seconds.
  path: Assets/Lab2 - Copy/BTM_Assets/BTM_Items_Gems/Models/GreenPotion.fbx
  artifactKey: Guid(905f72ca98139284d856e235054cf139) Importer(2089858483,192608db42251d675da83286b1cce702)
Start importing Assets/Lab2 - Copy/BTM_Assets/BTM_Items_Gems/Models/GreenPotion.fbx using Guid(905f72ca98139284d856e235054cf139) Importer(2089858483,192608db42251d675da83286b1cce702) (ScriptedImporter) -> (artifact id: '92fe30b26cb3c050e4574208a8ff30c5') in 0.0768708 seconds
Number of updated asset objects reloaded before import = 0Number of asset objects unloaded after import = 9

========================================================================
Received Import Request.
  Time since last request: 0.000035 seconds.
  path: Assets/FreeDragons/Materials/DragonBoarPBR
  artifactKey: Guid(02bb4cb44ef49f141bc203face2b1d9a) Importer(2089858483,192608db42251d675da83286b1cce702)
Start importing Assets/FreeDragons/Materials/DragonBoarPBR using Guid(02bb4cb44ef49f141bc203face2b1d9a) Importer(2089858483,192608db42251d675da83286b1cce702) (ScriptedImporter) -> (artifact id: '10380c1cf55f7d6815af486c1a489075') in 0.0642303 seconds
Number of updated asset objects reloaded before import = 0Number of asset objects unloaded after import = 1

========================================================================
Received Import Request.
  Time since last request: 0.000073 seconds.
  path: Assets/Lab2 - Copy/BTM_Assets/BTM_Items_Gems/Prefabs/Magnet.prefab
  artifactKey: Guid(50e260f821baa56419af96b848301e5d) Importer(2089858483,192608db42251d675da83286b1cce702)
Start importing Assets/Lab2 - Copy/BTM_Assets/BTM_Items_Gems/Prefabs/Magnet.prefab using Guid(50e260f821baa56419af96b848301e5d) Importer(2089858483,192608db42251d675da83286b1cce702) (ScriptedImporter) -> (artifact id: '23d9605dd76196a6d9d7417e5f6f5202') in 0.1886954 seconds
Number of updated asset objects reloaded before import = 0Number of asset objects unloaded after import = 15

========================================================================
Received Import Request.
  Time since last request: 0.000060 seconds.
  path: Assets/Lab2 - Copy/RPGHero/Prefabs/RPGHeroPBR.prefab
  artifactKey: Guid(1543549dcdf638d488bd40cb68dd9b8e) Importer(2089858483,192608db42251d675da83286b1cce702)
Start importing Assets/Lab2 - Copy/RPGHero/Prefabs/RPGHeroPBR.prefab using Guid(1543549dcdf638d488bd40cb68dd9b8e) Importer(2089858483,192608db42251d675da83286b1cce702) (ScriptedImporter) -> (artifact id: '35e15f2ed5c12c3fb1fe40aa5b154e7d') in 0.1433897 seconds
Number of updated asset objects reloaded before import = 0Number of asset objects unloaded after import = 162

========================================================================
Received Import Request.
  Time since last request: 0.000087 seconds.
  path: Assets/Lab2 - Copy/BTM_Assets/BTM_Items_Gems/Scenes/Gems Sample Scene.unity
  artifactKey: Guid(d4cfd39932f58a34d860f558a0834e1d) Importer(2089858483,192608db42251d675da83286b1cce702)
Start importing Assets/Lab2 - Copy/BTM_Assets/BTM_Items_Gems/Scenes/Gems Sample Scene.unity using Guid(d4cfd39932f58a34d860f558a0834e1d) Importer(2089858483,192608db42251d675da83286b1cce702) (ScriptedImporter) -> (artifact id: '02eb2a1d83b9ba35c4357ad5b80ecdfb') in 0.1060297 seconds
Number of updated asset objects reloaded before import = 0Number of asset objects unloaded after import = 1

========================================================================
Received Import Request.
  Time since last request: 0.000030 seconds.
  path: Assets/Scenes/CatBorg Studio/3D Dungeon Lowpoly Pack/Models/01_DiningHall_01_WoodenChear#1.fbx
  artifactKey: Guid(06063f551160d5f4192daa15a3c6f042) Importer(2089858483,192608db42251d675da83286b1cce702)
Start importing Assets/Scenes/CatBorg Studio/3D Dungeon Lowpoly Pack/Models/01_DiningHall_01_WoodenChear#1.fbx using Guid(06063f551160d5f4192daa15a3c6f042) Importer(2089858483,192608db42251d675da83286b1cce702) (ScriptedImporter) -> (artifact id: 'd8b84bb2a119a85705f98920044aeed8') in 0.0969013 seconds
Number of updated asset objects reloaded before import = 0Number of asset objects unloaded after import = 9

========================================================================
Received Import Request.
  Time since last request: 0.000090 seconds.
  path: Assets/Scenes/CatBorg Studio/3D Dungeon Lowpoly Pack/Prefabs/01_Library_01_Desk#1.prefab
  artifactKey: Guid(d9691ccd0f8b8614aba757fa4b4cdf8b) Importer(2089858483,192608db42251d675da83286b1cce702)
Start importing Assets/Scenes/CatBorg Studio/3D Dungeon Lowpoly Pack/Prefabs/01_Library_01_Desk#1.prefab using Guid(d9691ccd0f8b8614aba757fa4b4cdf8b) Importer(2089858483,192608db42251d675da83286b1cce702) (ScriptedImporter) -> (artifact id: '8730330d8c2a218283803777bbbab01e') in 0.0700174 seconds
Number of updated asset objects reloaded before import = 0Number of asset objects unloaded after import = 8

========================================================================
Received Import Request.
  Time since last request: 0.000024 seconds.
  path: Assets/Scenes/CatBorg Studio/3D Dungeon Lowpoly Pack/Models/03_Blacksmith_01_IronBar.fbx
  artifactKey: Guid(b4d25b5b4e001ea41bcf073d34ba01cb) Importer(2089858483,192608db42251d675da83286b1cce702)
Start importing Assets/Scenes/CatBorg Studio/3D Dungeon Lowpoly Pack/Models/03_Blacksmith_01_IronBar.fbx using Guid(b4d25b5b4e001ea41bcf073d34ba01cb) Importer(2089858483,192608db42251d675da83286b1cce702) (ScriptedImporter) -> (artifact id: '77206371aef903f83dc351faa62fdd12') in 0.1075733 seconds
Number of updated asset objects reloaded before import = 0Number of asset objects unloaded after import = 8

========================================================================
Received Import Request.
  Time since last request: 0.000082 seconds.
  path: Assets/FreeDragons/Scene/DragonSoulEaterPBRSettings.lighting
  artifactKey: Guid(ec2d395479bc2c344b97bfe0d74e6b9c) Importer(2089858483,192608db42251d675da83286b1cce702)
Start importing Assets/FreeDragons/Scene/DragonSoulEaterPBRSettings.lighting using Guid(ec2d395479bc2c344b97bfe0d74e6b9c) Importer(2089858483,192608db42251d675da83286b1cce702) (ScriptedImporter) -> (artifact id: '4495574c133cfef13e1115dc7f1bdd74') in 0.059686 seconds
Number of updated asset objects reloaded before import = 0Number of asset objects unloaded after import = 1

========================================================================
Received Import Request.
  Time since last request: 0.000092 seconds.
  path: Assets/Scenes/CatBorg Studio/3D Dungeon Lowpoly Pack/Models/02_Kitchen_01_CookingPot#1_Stander.fbx
  artifactKey: Guid(af90d133d353ae4458d884c515f77053) Importer(2089858483,192608db42251d675da83286b1cce702)
Start importing Assets/Scenes/CatBorg Studio/3D Dungeon Lowpoly Pack/Models/02_Kitchen_01_CookingPot#1_Stander.fbx using Guid(af90d133d353ae4458d884c515f77053) Importer(2089858483,192608db42251d675da83286b1cce702) (ScriptedImporter) -> (artifact id: '4ee6eedb2f4b588ff1ab64fbbb8b8201') in 0.0697675 seconds
Number of updated asset objects reloaded before import = 0Number of asset objects unloaded after import = 8

========================================================================
Received Import Request.
  Time since last request: 0.000053 seconds.
  path: Assets/Scenes/CatBorg Studio/3D Dungeon Lowpoly Pack/Prefabs/01_Library_01_Desk#2.prefab
  artifactKey: Guid(ac35cb5061595e34a86fde87ec12288b) Importer(2089858483,192608db42251d675da83286b1cce702)
Start importing Assets/Scenes/CatBorg Studio/3D Dungeon Lowpoly Pack/Prefabs/01_Library_01_Desk#2.prefab using Guid(ac35cb5061595e34a86fde87ec12288b) Importer(2089858483,192608db42251d675da83286b1cce702) (ScriptedImporter) -> (artifact id: '536e080b2769f93ad5c519b100c6fcfc') in 0.0822622 seconds
Number of updated asset objects reloaded before import = 0Number of asset objects unloaded after import = 8

========================================================================
Received Import Request.
  Time since last request: 0.000096 seconds.
  path: Assets/Lab2 - Copy/BTM_Assets/BTM_Items_Gems/Prefabs/Penta.prefab
  artifactKey: Guid(57377efc0a877474ab0478d4ce8180c2) Importer(2089858483,192608db42251d675da83286b1cce702)
Start importing Assets/Lab2 - Copy/BTM_Assets/BTM_Items_Gems/Prefabs/Penta.prefab using Guid(57377efc0a877474ab0478d4ce8180c2) Importer(2089858483,192608db42251d675da83286b1cce702) (ScriptedImporter) -> (artifact id: '37019ad750b21b712ca20dde6c663cf5') in 0.0826798 seconds
Number of updated asset objects reloaded before import = 0Number of asset objects unloaded after import = 15

========================================================================
Received Import Request.
  Time since last request: 0.000035 seconds.
  path: Assets/FreeDragons/Texture/DragonSoulEaterPBR/green/Specular.png
  artifactKey: Guid(152c76906b9a11d4e8761353c77d457f) Importer(2089858483,192608db42251d675da83286b1cce702)
Start importing Assets/FreeDragons/Texture/DragonSoulEaterPBR/green/Specular.png using Guid(152c76906b9a11d4e8761353c77d457f) Importer(2089858483,192608db42251d675da83286b1cce702) (ScriptedImporter) -> (artifact id: '6cf5b261431aaa3c54192d73a2f772a9') in 0.1190778 seconds
Number of updated asset objects reloaded before import = 0Number of asset objects unloaded after import = 1

========================================================================
Received Import Request.
  Time since last request: 0.000069 seconds.
  path: Assets/Lab2 - Copy/RPGHero/Meshes/NewFreeRPGHero.fbx
  artifactKey: Guid(9ce6002518e821e43b4f97c76700fbac) Importer(2089858483,192608db42251d675da83286b1cce702)
Start importing Assets/Lab2 - Copy/RPGHero/Meshes/NewFreeRPGHero.fbx using Guid(9ce6002518e821e43b4f97c76700fbac) Importer(2089858483,192608db42251d675da83286b1cce702) (ScriptedImporter) -> (artifact id: '87587e8d7de29e2c9ffbf3da0a386c00') in 0.1671563 seconds
Number of updated asset objects reloaded before import = 0Number of asset objects unloaded after import = 136

========================================================================
Received Import Request.
  Time since last request: 0.000067 seconds.
  path: Assets/Scenes/CatBorg Studio/3D Dungeon Lowpoly Pack/Prefabs/01_DiningHall_01_Bottle#1.prefab
  artifactKey: Guid(7587bd0edf0376344ac9bc85565f8c37) Importer(2089858483,192608db42251d675da83286b1cce702)
Start importing Assets/Scenes/CatBorg Studio/3D Dungeon Lowpoly Pack/Prefabs/01_DiningHall_01_Bottle#1.prefab using Guid(7587bd0edf0376344ac9bc85565f8c37) Importer(2089858483,192608db42251d675da83286b1cce702) (ScriptedImporter) -> (artifact id: '914863e38698a0973063167a82dc5c8e') in 0.0920591 seconds
Number of updated asset objects reloaded before import = 0Number of asset objects unloaded after import = 8

========================================================================
Received Import Request.
  Time since last request: 0.000045 seconds.
  path: Assets/Lab2 - Copy/RPGHero/Textures/PBR_Albedo.png
  artifactKey: Guid(802701e4ffdf6b44890959e9fc44b4ff) Importer(2089858483,192608db42251d675da83286b1cce702)
Start importing Assets/Lab2 - Copy/RPGHero/Textures/PBR_Albedo.png using Guid(802701e4ffdf6b44890959e9fc44b4ff) Importer(2089858483,192608db42251d675da83286b1cce702) (ScriptedImporter) -> (artifact id: '8693aaa660bae5d084fc88ecd0f5c073') in 0.1335406 seconds
Number of updated asset objects reloaded before import = 0Number of asset objects unloaded after import = 1

========================================================================
Received Import Request.
  Time since last request: 0.000178 seconds.
  path: Assets/Scenes/CatBorg Studio/3D Dungeon Lowpoly Pack/Prefabs/97_Othert_Key_Red_2.prefab
  artifactKey: Guid(6c5174dbb0e1b814d9597e681ececb6a) Importer(2089858483,192608db42251d675da83286b1cce702)
Start importing Assets/Scenes/CatBorg Studio/3D Dungeon Lowpoly Pack/Prefabs/97_Othert_Key_Red_2.prefab using Guid(6c5174dbb0e1b814d9597e681ececb6a) Importer(2089858483,192608db42251d675da83286b1cce702) (ScriptedImporter) -> (artifact id: 'b0ed85404df87825ee984816925d52b7') in 0.1086228 seconds
Number of updated asset objects reloaded before import = 0Number of asset objects unloaded after import = 8

========================================================================
Received Import Request.
  Time since last request: 0.000048 seconds.
  path: Assets/Scenes/CatBorg Studio/3D Dungeon Lowpoly Pack/Models/02_Kitchen_01_CookingPot#2.fbx
  artifactKey: Guid(20ac841c5eb778d488b5a88d44d1bbee) Importer(2089858483,192608db42251d675da83286b1cce702)
Start importing Assets/Scenes/CatBorg Studio/3D Dungeon Lowpoly Pack/Models/02_Kitchen_01_CookingPot#2.fbx using Guid(20ac841c5eb778d488b5a88d44d1bbee) Importer(2089858483,192608db42251d675da83286b1cce702) (ScriptedImporter) -> (artifact id: 'd13bfa37ca1d52505c69da09a7dfc4c1') in 0.1512926 seconds
Number of updated asset objects reloaded before import = 0Number of asset objects unloaded after import = 8

========================================================================
Received Import Request.
  Time since last request: 0.000041 seconds.
  path: Assets/Scenes/CatBorg Studio/3D Dungeon Lowpoly Pack/Prefabs/99_Enviroment_Floor_01.prefab
  artifactKey: Guid(0646289dde1e8a544800d3790d629971) Importer(2089858483,192608db42251d675da83286b1cce702)
Start importing Assets/Scenes/CatBorg Studio/3D Dungeon Lowpoly Pack/Prefabs/99_Enviroment_Floor_01.prefab using Guid(0646289dde1e8a544800d3790d629971) Importer(2089858483,192608db42251d675da83286b1cce702) (ScriptedImporter) -> (artifact id: '4559b6cb802ff82d592f6ef4ba0d9208') in 0.1022888 seconds
Number of updated asset objects reloaded before import = 0Number of asset objects unloaded after import = 8

========================================================================
Received Import Request.
  Time since last request: 0.000113 seconds.
  path: Assets/Scenes/CatBorg Studio/3D Dungeon Lowpoly Pack/Models/99_Enviroment_Wall_01.fbx
  artifactKey: Guid(33017ed3f61fb2f4aaf8f84ce029b5eb) Importer(2089858483,192608db42251d675da83286b1cce702)
Start importing Assets/Scenes/CatBorg Studio/3D Dungeon Lowpoly Pack/Models/99_Enviroment_Wall_01.fbx using Guid(33017ed3f61fb2f4aaf8f84ce029b5eb) Importer(2089858483,192608db42251d675da83286b1cce702) (ScriptedImporter) -> (artifact id: 'a4a192f5b0b470849a273ff8590269db') in 0.0677947 seconds
Number of updated asset objects reloaded before import = 0Number of asset objects unloaded after import = 14

========================================================================
Received Import Request.
  Time since last request: 0.000019 seconds.
  path: Assets/Scenes/CatBorg Studio/3D Dungeon Lowpoly Pack/Models/99_Decorations_WallBanner_5.fbx
  artifactKey: Guid(2c47b3c297f48df40b76fe28819338e1) Importer(2089858483,192608db42251d675da83286b1cce702)
Start importing Assets/Scenes/CatBorg Studio/3D Dungeon Lowpoly Pack/Models/99_Decorations_WallBanner_5.fbx using Guid(2c47b3c297f48df40b76fe28819338e1) Importer(2089858483,192608db42251d675da83286b1cce702) (ScriptedImporter) -> (artifact id: '503cd17ad16c9a0eefe95b85ee3b3cc8') in 0.1388343 seconds
Number of updated asset objects reloaded before import = 0Number of asset objects unloaded after import = 8

========================================================================
Received Import Request.
  Time since last request: 0.000022 seconds.
  path: Assets/Scenes/CatBorg Studio/3D Dungeon Lowpoly Pack/Textures
  artifactKey: Guid(3548879bfa7b4144f9214b807c19bca9) Importer(2089858483,192608db42251d675da83286b1cce702)
Start importing Assets/Scenes/CatBorg Studio/3D Dungeon Lowpoly Pack/Textures using Guid(3548879bfa7b4144f9214b807c19bca9) Importer(2089858483,192608db42251d675da83286b1cce702) (ScriptedImporter) -> (artifact id: '6a83f3f506424de598846dff9791c1e7') in 0.0340963 seconds
Number of updated asset objects reloaded before import = 0Number of asset objects unloaded after import = 1

========================================================================
Received Import Request.
  Time since last request: 0.000084 seconds.
  path: Assets/Scenes/CatBorg Studio/3D Dungeon Lowpoly Pack/Models/01_Library_01_BigBook#2.fbx
  artifactKey: Guid(cde7019a5c7ef294e966f1aba2e87a4b) Importer(2089858483,192608db42251d675da83286b1cce702)
Start importing Assets/Scenes/CatBorg Studio/3D Dungeon Lowpoly Pack/Models/01_Library_01_BigBook#2.fbx using Guid(cde7019a5c7ef294e966f1aba2e87a4b) Importer(2089858483,192608db42251d675da83286b1cce702) (ScriptedImporter) -> (artifact id: '3c8f3304c3febb72e8bb9460df35bf03') in 0.122474 seconds
Number of updated asset objects reloaded before import = 0Number of asset objects unloaded after import = 8

========================================================================
Received Import Request.
  Time since last request: 0.000048 seconds.
  path: Assets/Scenes/CatBorg Studio/3D Dungeon Lowpoly Pack/Materials
  artifactKey: Guid(78ac16cfa29e3db45a518152dd9ae685) Importer(2089858483,192608db42251d675da83286b1cce702)
Start importing Assets/Scenes/CatBorg Studio/3D Dungeon Lowpoly Pack/Materials using Guid(78ac16cfa29e3db45a518152dd9ae685) Importer(2089858483,192608db42251d675da83286b1cce702) (ScriptedImporter) -> (artifact id: '5a6c2bee4af6c05605b1a4915b81f90c') in 0.053155 seconds
Number of updated asset objects reloaded before import = 0Number of asset objects unloaded after import = 1

========================================================================
Received Import Request.
  Time since last request: 0.000077 seconds.
  path: Assets/FreeDragons/Prefab/DragonBoarPBR/GreenBoarPBR.prefab
  artifactKey: Guid(7add1d5b90ab7234d92b5feb2d77c953) Importer(2089858483,192608db42251d675da83286b1cce702)
Start importing Assets/FreeDragons/Prefab/DragonBoarPBR/GreenBoarPBR.prefab using Guid(7add1d5b90ab7234d92b5feb2d77c953) Importer(2089858483,192608db42251d675da83286b1cce702) (ScriptedImporter) -> (artifact id: 'd79ce11fb8df813032be4c0e9677103a') in 0.0688857 seconds
Number of updated asset objects reloaded before import = 0Number of asset objects unloaded after import = 120

========================================================================
Received Import Request.
  Time since last request: 0.000059 seconds.
  path: Assets/FreeDragons/Scene/DragonSoulEaterHPSettings.lighting
  artifactKey: Guid(c46e52f4ff437cd439720884d941f0c7) Importer(2089858483,192608db42251d675da83286b1cce702)
Start importing Assets/FreeDragons/Scene/DragonSoulEaterHPSettings.lighting using Guid(c46e52f4ff437cd439720884d941f0c7) Importer(2089858483,192608db42251d675da83286b1cce702) (ScriptedImporter) -> (artifact id: '91660134ea4bd293c270f4f7207682cc') in 0.0911016 seconds
Number of updated asset objects reloaded before import = 0Number of asset objects unloaded after import = 1

========================================================================
Received Import Request.
  Time since last request: 0.000021 seconds.
  path: Assets/Lab2 - Copy/sprites/Star Variant.prefab
  artifactKey: Guid(8636afdf1ae3a104c825501ff0753e1c) Importer(2089858483,192608db42251d675da83286b1cce702)
Start importing Assets/Lab2 - Copy/sprites/Star Variant.prefab using Guid(8636afdf1ae3a104c825501ff0753e1c) Importer(2089858483,192608db42251d675da83286b1cce702) (ScriptedImporter) -> (artifact id: '3e0d6f61df9a91648c032384fb51c6dc') in 0.1279472 seconds
Number of updated asset objects reloaded before import = 0Number of asset objects unloaded after import = 23

========================================================================
Received Import Request.
  Time since last request: 0.000158 seconds.
  path: Assets/FreeDragons/Mesh/DragonSoulEaterMesh.fbx
  artifactKey: Guid(f14db21b5e70e3d4ab6f0e158099a341) Importer(2089858483,192608db42251d675da83286b1cce702)
Start importing Assets/FreeDragons/Mesh/DragonSoulEaterMesh.fbx using Guid(f14db21b5e70e3d4ab6f0e158099a341) Importer(2089858483,192608db42251d675da83286b1cce702) (ScriptedImporter) -> (artifact id: '9a3335f85e39f0d8ff5a4cee9b93c1ee') in 0.1624074 seconds
Number of updated asset objects reloaded before import = 0Number of asset objects unloaded after import = 133

========================================================================
Received Import Request.
  Time since last request: 0.000045 seconds.
  path: Assets/Lab2 - Copy/BTM_Assets/BTM_Items_Gems/Prefabs/BlueVial.prefab
  artifactKey: Guid(9ef27024e68e3994ba87ef97f467881f) Importer(2089858483,192608db42251d675da83286b1cce702)
Start importing Assets/Lab2 - Copy/BTM_Assets/BTM_Items_Gems/Prefabs/BlueVial.prefab using Guid(9ef27024e68e3994ba87ef97f467881f) Importer(2089858483,192608db42251d675da83286b1cce702) (ScriptedImporter) -> (artifact id: 'bd993453e03077edd75741038456a067') in 0.0741908 seconds
Number of updated asset objects reloaded before import = 0Number of asset objects unloaded after import = 15

========================================================================
Received Import Request.
  Time since last request: 0.000088 seconds.
  path: Assets/Lab2 - Copy/BTM_Assets/BTM_Items_Gems/Prefabs/4SideDiamond.prefab
  artifactKey: Guid(8b222146fa41a324789772470d2d6e3d) Importer(2089858483,192608db42251d675da83286b1cce702)
Start importing Assets/Lab2 - Copy/BTM_Assets/BTM_Items_Gems/Prefabs/4SideDiamond.prefab using Guid(8b222146fa41a324789772470d2d6e3d) Importer(2089858483,192608db42251d675da83286b1cce702) (ScriptedImporter) -> (artifact id: '7084b589d3c1611fb3a165132191496d') in 0.0806201 seconds
Number of updated asset objects reloaded before import = 0Number of asset objects unloaded after import = 15

========================================================================
Received Import Request.
  Time since last request: 0.000070 seconds.
  path: Assets/Lab2 - Copy/RPGHero/Animations/NormalAttack02_SwordShield.anim
  artifactKey: Guid(6c4f95ca2d345314aa26717c748c13ee) Importer(2089858483,192608db42251d675da83286b1cce702)
Start importing Assets/Lab2 - Copy/RPGHero/Animations/NormalAttack02_SwordShield.anim using Guid(6c4f95ca2d345314aa26717c748c13ee) Importer(2089858483,192608db42251d675da83286b1cce702) (ScriptedImporter) -> (artifact id: '20dca63b5b494be80686bfc8cf74b4a2') in 0.0844549 seconds
Number of updated asset objects reloaded before import = 0Number of asset objects unloaded after import = 1

========================================================================
Received Import Request.
  Time since last request: 0.000077 seconds.
  path: Assets/Scenes/CatBorg Studio/3D Dungeon Lowpoly Pack/Prefabs/04_Bedroom_01_Matrace_ForBeed_2.prefab
  artifactKey: Guid(fa8c17aa3090c2a4e993067b09233bb2) Importer(2089858483,192608db42251d675da83286b1cce702)
Start importing Assets/Scenes/CatBorg Studio/3D Dungeon Lowpoly Pack/Prefabs/04_Bedroom_01_Matrace_ForBeed_2.prefab using Guid(fa8c17aa3090c2a4e993067b09233bb2) Importer(2089858483,192608db42251d675da83286b1cce702) (ScriptedImporter) -> (artifact id: '705490ed592f8555b8fb7378e00485b1') in 0.0657377 seconds
Number of updated asset objects reloaded before import = 0Number of asset objects unloaded after import = 8

========================================================================
Received Import Request.
  Time since last request: 0.000045 seconds.
  path: Assets/FreeDragons/Animations/DragonBoar/walk.fbx
  artifactKey: Guid(4c7a0e0d6f7821c439d739697a6bbee0) Importer(2089858483,192608db42251d675da83286b1cce702)
Start importing Assets/FreeDragons/Animations/DragonBoar/walk.fbx using Guid(4c7a0e0d6f7821c439d739697a6bbee0) Importer(2089858483,192608db42251d675da83286b1cce702) (ScriptedImporter) -> (artifact id: 'd29ac2f00271e8c28ac28e88c42c021c') in 0.1237672 seconds
Number of updated asset objects reloaded before import = 0Number of asset objects unloaded after import = 93

========================================================================
Received Import Request.
  Time since last request: 0.000036 seconds.
  path: Assets/FreeDragons/Texture/DragonSoulEaterPBR/Blue/Specular.png
  artifactKey: Guid(b4dc54372ed4bf3498a8438d8abcbd27) Importer(2089858483,192608db42251d675da83286b1cce702)
Start importing Assets/FreeDragons/Texture/DragonSoulEaterPBR/Blue/Specular.png using Guid(b4dc54372ed4bf3498a8438d8abcbd27) Importer(2089858483,192608db42251d675da83286b1cce702) (ScriptedImporter) -> (artifact id: '0dcc30ff3be236849d5881975d6bdfc3') in 0.0969441 seconds
Number of updated asset objects reloaded before import = 0Number of asset objects unloaded after import = 1

========================================================================
Received Import Request.
  Time since last request: 0.000093 seconds.
  path: Assets/FreeDragons/Materials/DragonBoarPBR/BluePBR.mat
  artifactKey: Guid(47ea938179c096840b80ea73fa8d50e7) Importer(2089858483,192608db42251d675da83286b1cce702)
Start importing Assets/FreeDragons/Materials/DragonBoarPBR/BluePBR.mat using Guid(47ea938179c096840b80ea73fa8d50e7) Importer(2089858483,192608db42251d675da83286b1cce702) (ScriptedImporter) -> (artifact id: '2fb9a37ee1a02ad9d030548af118f98d') in 0.3749341 seconds
Number of updated asset objects reloaded before import = 0Number of asset objects unloaded after import = 6

========================================================================
Received Import Request.
  Time since last request: 0.000034 seconds.
  path: Assets/FreeDragons/Animations/DragonSoulEater/Fireball Shoot.fbx
  artifactKey: Guid(6e4f9ef5485ccb04299f52ceae24d120) Importer(2089858483,192608db42251d675da83286b1cce702)
Start importing Assets/FreeDragons/Animations/DragonSoulEater/Fireball Shoot.fbx using Guid(6e4f9ef5485ccb04299f52ceae24d120) Importer(2089858483,192608db42251d675da83286b1cce702) (ScriptedImporter) -> (artifact id: 'ab1b1972a3715c5915bb10a3af03d9c0') in 0.0990234 seconds
Number of updated asset objects reloaded before import = 0Number of asset objects unloaded after import = 133

========================================================================
Received Import Request.
  Time since last request: 0.000076 seconds.
  path: Assets/Scenes/CatBorg Studio/3D Dungeon Lowpoly Pack/Models/01_DiningHall_01_Bowl#1.fbx
  artifactKey: Guid(c0ce8dbd0c29671469ad6feb59e4b12d) Importer(2089858483,192608db42251d675da83286b1cce702)
Start importing Assets/Scenes/CatBorg Studio/3D Dungeon Lowpoly Pack/Models/01_DiningHall_01_Bowl#1.fbx using Guid(c0ce8dbd0c29671469ad6feb59e4b12d) Importer(2089858483,192608db42251d675da83286b1cce702) (ScriptedImporter) -> (artifact id: '49dd978282cb947cda38828118650f8e') in 0.1150787 seconds
Number of updated asset objects reloaded before import = 0Number of asset objects unloaded after import = 8

========================================================================
Received Import Request.
  Time since last request: 0.000053 seconds.
  path: Assets/Lab2 - Copy/BTM_Assets/BTM_Items_Gems/Models/Skull.fbx
  artifactKey: Guid(a1845977fba8a7a4aa1163544f9b72cc) Importer(2089858483,192608db42251d675da83286b1cce702)
Start importing Assets/Lab2 - Copy/BTM_Assets/BTM_Items_Gems/Models/Skull.fbx using Guid(a1845977fba8a7a4aa1163544f9b72cc) Importer(2089858483,192608db42251d675da83286b1cce702) (ScriptedImporter) -> (artifact id: '5713160b691e19c9a301b7522a415a89') in 0.0723004 seconds
Number of updated asset objects reloaded before import = 0Number of asset objects unloaded after import = 9

========================================================================
Received Import Request.
  Time since last request: 0.000056 seconds.
  path: Assets/Scenes/CatBorg Studio/3D Dungeon Lowpoly Pack/Prefabs/03_Blacksmith_01_Blower.prefab
  artifactKey: Guid(a39dd3b8bbc8afd46aba5478c68d400c) Importer(2089858483,192608db42251d675da83286b1cce702)
Start importing Assets/Scenes/CatBorg Studio/3D Dungeon Lowpoly Pack/Prefabs/03_Blacksmith_01_Blower.prefab using Guid(a39dd3b8bbc8afd46aba5478c68d400c) Importer(2089858483,192608db42251d675da83286b1cce702) (ScriptedImporter) -> (artifact id: 'eab4ff27b7cf9c88c6f3866f42b15b16') in 0.05611 seconds
Number of updated asset objects reloaded before import = 0Number of asset objects unloaded after import = 8

========================================================================
Received Import Request.
  Time since last request: 0.000058 seconds.
  path: Assets/FreeDragons/Texture/DragonSoulEaterPBR/green/AO.png
  artifactKey: Guid(dce22288e48903d4ca0aced0a4440328) Importer(2089858483,192608db42251d675da83286b1cce702)
Start importing Assets/FreeDragons/Texture/DragonSoulEaterPBR/green/AO.png using Guid(dce22288e48903d4ca0aced0a4440328) Importer(2089858483,192608db42251d675da83286b1cce702) (ScriptedImporter) -> (artifact id: 'a2b76479d8ea5fb80a736a55c4268813') in 0.1414506 seconds
Number of updated asset objects reloaded before import = 0Number of asset objects unloaded after import = 1

========================================================================
Received Import Request.
  Time since last request: 0.000028 seconds.
  path: Assets/Scenes/CatBorg Studio/3D Dungeon Lowpoly Pack/Prefabs/01_Library_01_Chear_High#2.prefab
  artifactKey: Guid(d23f889ee6731c448a8b0d59b4ee8088) Importer(2089858483,192608db42251d675da83286b1cce702)
Start importing Assets/Scenes/CatBorg Studio/3D Dungeon Lowpoly Pack/Prefabs/01_Library_01_Chear_High#2.prefab using Guid(d23f889ee6731c448a8b0d59b4ee8088) Importer(2089858483,192608db42251d675da83286b1cce702) (ScriptedImporter) -> (artifact id: 'a6d3a21a901af68826e54daa1b95f83e') in 0.062616 seconds
Number of updated asset objects reloaded before import = 0Number of asset objects unloaded after import = 8

========================================================================
Received Import Request.
  Time since last request: 0.000062 seconds.
  path: Assets/Lab2 - Copy/BTM_Assets/BTM_Items_Gems/Prefabs/Battery 1.prefab
  artifactKey: Guid(f9f6ddb79c292b64e9e817d5835268f9) Importer(2089858483,192608db42251d675da83286b1cce702)
Start importing Assets/Lab2 - Copy/BTM_Assets/BTM_Items_Gems/Prefabs/Battery 1.prefab using Guid(f9f6ddb79c292b64e9e817d5835268f9) Importer(2089858483,192608db42251d675da83286b1cce702) (ScriptedImporter) -> (artifact id: '164c20bd2656d0f2868d4e0847dd0ae3') in 0.1233814 seconds
Number of updated asset objects reloaded before import = 0Number of asset objects unloaded after import = 15

========================================================================
Received Import Request.
  Time since last request: 0.000041 seconds.
  path: Assets/Lab2 - Copy/RPGHero/Scene/PBR_Character.unity
  artifactKey: Guid(0f835f7fd35f288419113152e2200a7c) Importer(2089858483,192608db42251d675da83286b1cce702)
Start importing Assets/Lab2 - Copy/RPGHero/Scene/PBR_Character.unity using Guid(0f835f7fd35f288419113152e2200a7c) Importer(2089858483,192608db42251d675da83286b1cce702) (ScriptedImporter) -> (artifact id: '4ae114f91b57f0ba9b98ce129b5ab96f') in 0.0451475 seconds
Number of updated asset objects reloaded before import = 0Number of asset objects unloaded after import = 1

========================================================================
Received Import Request.
  Time since last request: 0.000069 seconds.
  path: Assets/FreeDragons/Texture/DragonBoarPBR/Blue/Normal.png
  artifactKey: Guid(b26800cb6cdf6224081095f4f4636a2f) Importer(2089858483,192608db42251d675da83286b1cce702)
Start importing Assets/FreeDragons/Texture/DragonBoarPBR/Blue/Normal.png using Guid(b26800cb6cdf6224081095f4f4636a2f) Importer(2089858483,192608db42251d675da83286b1cce702) (ScriptedImporter) -> (artifact id: '6e2e64eafcb92c593ac1feddd2ded0f9') in 0.1618032 seconds
Number of updated asset objects reloaded before import = 0Number of asset objects unloaded after import = 1

========================================================================
Received Import Request.
  Time since last request: 0.000025 seconds.
  path: Assets/Lab2 - Copy/BTM_Assets/BTM_Items_Gems/Scripts
  artifactKey: Guid(22cad24b7166e0943819f75145ac0aa1) Importer(2089858483,192608db42251d675da83286b1cce702)
Start importing Assets/Lab2 - Copy/BTM_Assets/BTM_Items_Gems/Scripts using Guid(22cad24b7166e0943819f75145ac0aa1) Importer(2089858483,192608db42251d675da83286b1cce702) (ScriptedImporter) -> (artifact id: 'bbe89acb9a1839dd091403a4e149cf56') in 0.0296907 seconds
Number of updated asset objects reloaded before import = 0Number of asset objects unloaded after import = 1

========================================================================
Received Import Request.
  Time since last request: 0.000073 seconds.
  path: Assets/Lab2 - Copy/BTM_Assets/BTM_Items_Gems/Prefabs/CubieB.prefab
  artifactKey: Guid(9b1ba9d8b6d5e2b4f8b93951cfa07f79) Importer(2089858483,192608db42251d675da83286b1cce702)
Start importing Assets/Lab2 - Copy/BTM_Assets/BTM_Items_Gems/Prefabs/CubieB.prefab using Guid(9b1ba9d8b6d5e2b4f8b93951cfa07f79) Importer(2089858483,192608db42251d675da83286b1cce702) (ScriptedImporter) -> (artifact id: '31d313dca7cbeefe168470054f29b871') in 0.1515478 seconds
Number of updated asset objects reloaded before import = 0Number of asset objects unloaded after import = 15

========================================================================
Received Import Request.
  Time since last request: 0.000052 seconds.
  path: Assets/Lab2 - Copy/BTM_Assets/BTM_Items_Gems/Prefabs
  artifactKey: Guid(9d2c8291d66ddb34d84ac104ccde81bf) Importer(2089858483,192608db42251d675da83286b1cce702)
Start importing Assets/Lab2 - Copy/BTM_Assets/BTM_Items_Gems/Prefabs using Guid(9d2c8291d66ddb34d84ac104ccde81bf) Importer(2089858483,192608db42251d675da83286b1cce702) (ScriptedImporter) -> (artifact id: '1496cb201d83831bdff58e3cc5c584a4') in 0.0859362 seconds
Number of updated asset objects reloaded before import = 0Number of asset objects unloaded after import = 1

========================================================================
Received Import Request.
  Time since last request: 0.000061 seconds.
  path: Assets/Settings - Copy/DefaultVolumeProfile.asset
  artifactKey: Guid(ab09877e2e707104187f6f83e2f62510) Importer(2089858483,192608db42251d675da83286b1cce702)
Start importing Assets/Settings - Copy/DefaultVolumeProfile.asset using Guid(ab09877e2e707104187f6f83e2f62510) Importer(2089858483,192608db42251d675da83286b1cce702) (ScriptedImporter) -> (artifact id: '5a574d0a961ab201368ba74427dff19d') in 0.1093157 seconds
Number of updated asset objects reloaded before import = 0Number of asset objects unloaded after import = 20

========================================================================
Received Import Request.
  Time since last request: 0.000059 seconds.
  path: Assets/FreeDragons/Materials/Skybox_Mat.mat
  artifactKey: Guid(03fa2b9871fd84540a5f7f3697104c30) Importer(2089858483,192608db42251d675da83286b1cce702)
Start importing Assets/FreeDragons/Materials/Skybox_Mat.mat using Guid(03fa2b9871fd84540a5f7f3697104c30) Importer(2089858483,192608db42251d675da83286b1cce702) (ScriptedImporter) -> (artifact id: 'a6734e93f1c4d47a55106cb82d7411ea') in 0.0682031 seconds
Number of updated asset objects reloaded before import = 0Number of asset objects unloaded after import = 1

========================================================================
Received Import Request.
  Time since last request: 0.000035 seconds.
  path: Assets/Scenes/CatBorg Studio/3D Dungeon Lowpoly Pack/Prefabs/99_Enviroment_Wall_02.prefab
  artifactKey: Guid(dd057b69bb9b25e468854341f1abb5a6) Importer(2089858483,192608db42251d675da83286b1cce702)
Start importing Assets/Scenes/CatBorg Studio/3D Dungeon Lowpoly Pack/Prefabs/99_Enviroment_Wall_02.prefab using Guid(dd057b69bb9b25e468854341f1abb5a6) Importer(2089858483,192608db42251d675da83286b1cce702) (ScriptedImporter) -> (artifact id: '08333830f7dabe4fd4d7d78424c77ef2') in 0.0452206 seconds
Number of updated asset objects reloaded before import = 0Number of asset objects unloaded after import = 14

========================================================================
Received Import Request.
  Time since last request: 0.000034 seconds.
  path: Assets/Lab2 - Copy/BTM_Assets/BTM_Items_Gems/Models/Cuboid.fbx
  artifactKey: Guid(5b95901ea9b9ede4da89cf8cad216e46) Importer(2089858483,192608db42251d675da83286b1cce702)
Start importing Assets/Lab2 - Copy/BTM_Assets/BTM_Items_Gems/Models/Cuboid.fbx using Guid(5b95901ea9b9ede4da89cf8cad216e46) Importer(2089858483,192608db42251d675da83286b1cce702) (ScriptedImporter) -> (artifact id: '1b133aadd3588d4b7bca4d34c1399b9a') in 0.0519877 seconds
Number of updated asset objects reloaded before import = 0Number of asset objects unloaded after import = 9

========================================================================
Received Import Request.
  Time since last request: 0.000046 seconds.
  path: Assets/Scenes/CatBorg Studio/3D Dungeon Lowpoly Pack/Prefabs/99_Decorations_WallBanner_0.prefab
  artifactKey: Guid(176d5285766cfaa42bf3540a6c941dfc) Importer(2089858483,192608db42251d675da83286b1cce702)
Start importing Assets/Scenes/CatBorg Studio/3D Dungeon Lowpoly Pack/Prefabs/99_Decorations_WallBanner_0.prefab using Guid(176d5285766cfaa42bf3540a6c941dfc) Importer(2089858483,192608db42251d675da83286b1cce702) (ScriptedImporter) -> (artifact id: '979b778c8bfed4365e3080364c97a036') in 0.0993544 seconds
Number of updated asset objects reloaded before import = 0Number of asset objects unloaded after import = 8

========================================================================
Received Import Request.
  Time since last request: 0.000036 seconds.
  path: Assets/Scenes/CatBorg Studio/3D Dungeon Lowpoly Pack/Prefabs/01_Library_01_InkWell#1.prefab
  artifactKey: Guid(2f570eda51c25004f9aa924d657af75c) Importer(2089858483,192608db42251d675da83286b1cce702)
Start importing Assets/Scenes/CatBorg Studio/3D Dungeon Lowpoly Pack/Prefabs/01_Library_01_InkWell#1.prefab using Guid(2f570eda51c25004f9aa924d657af75c) Importer(2089858483,192608db42251d675da83286b1cce702) (ScriptedImporter) -> (artifact id: '2b2cbb583a1936af161ceebad1f66d42') in 0.0691768 seconds
Number of updated asset objects reloaded before import = 0Number of asset objects unloaded after import = 8

========================================================================
Received Import Request.
  Time since last request: 0.000047 seconds.
  path: Assets/Lab2 - Copy/RPGHero/Animations/NormalAttack01_SwordShield.anim
  artifactKey: Guid(4495a43c986886c40af23d3c9ec0d337) Importer(2089858483,192608db42251d675da83286b1cce702)
Start importing Assets/Lab2 - Copy/RPGHero/Animations/NormalAttack01_SwordShield.anim using Guid(4495a43c986886c40af23d3c9ec0d337) Importer(2089858483,192608db42251d675da83286b1cce702) (ScriptedImporter) -> (artifact id: '71df106f980afff935641bdc566232ad') in 0.1074016 seconds
Number of updated asset objects reloaded before import = 0Number of asset objects unloaded after import = 1

========================================================================
Received Import Request.
  Time since last request: 0.000058 seconds.
  path: Assets/Lab2 - Copy/BTM_Assets/BTM_Items_Gems/Prefabs/SpeedChevBlue.prefab
  artifactKey: Guid(19b7e95a091652640b4df605bec6a161) Importer(2089858483,192608db42251d675da83286b1cce702)
Start importing Assets/Lab2 - Copy/BTM_Assets/BTM_Items_Gems/Prefabs/SpeedChevBlue.prefab using Guid(19b7e95a091652640b4df605bec6a161) Importer(2089858483,192608db42251d675da83286b1cce702) (ScriptedImporter) -> (artifact id: '4f663587d8ba587f32ab3718767aca4e') in 0.0821242 seconds
Number of updated asset objects reloaded before import = 0Number of asset objects unloaded after import = 15

========================================================================
Received Import Request.
  Time since last request: 0.000044 seconds.
  path: Assets/Scenes/CatBorg Studio/3D Dungeon Lowpoly Pack/Models/99_Enviroment_Doors.fbx
  artifactKey: Guid(65536e910924dd84cbb1310ea1cdd100) Importer(2089858483,192608db42251d675da83286b1cce702)
Start importing Assets/Scenes/CatBorg Studio/3D Dungeon Lowpoly Pack/Models/99_Enviroment_Doors.fbx using Guid(65536e910924dd84cbb1310ea1cdd100) Importer(2089858483,192608db42251d675da83286b1cce702) (ScriptedImporter) -> (artifact id: '3a3bf44d28105e36a925bd12ee2dac8f') in 0.140634 seconds
Number of updated asset objects reloaded before import = 0Number of asset objects unloaded after import = 21

========================================================================
Received Import Request.
  Time since last request: 0.000060 seconds.
  path: Assets/TutorialInfo - Copy
  artifactKey: Guid(ba062aa6c92b140379dbc06b43dd3b9b) Importer(2089858483,192608db42251d675da83286b1cce702)
Start importing Assets/TutorialInfo - Copy using Guid(ba062aa6c92b140379dbc06b43dd3b9b) Importer(2089858483,192608db42251d675da83286b1cce702) (ScriptedImporter) -> (artifact id: 'a37efa043f867e62107802238d1366e9') in 0.0845016 seconds
Number of updated asset objects reloaded before import = 0Number of asset objects unloaded after import = 1

========================================================================
Received Import Request.
  Time since last request: 0.000083 seconds.
  path: Assets/Scenes/CatBorg Studio/3D Dungeon Lowpoly Pack/Prefabs/05_Vault_01_Chest_Top#1.prefab
  artifactKey: Guid(7bc40f2a5b27761468e228e387db9d0e) Importer(2089858483,192608db42251d675da83286b1cce702)
Start importing Assets/Scenes/CatBorg Studio/3D Dungeon Lowpoly Pack/Prefabs/05_Vault_01_Chest_Top#1.prefab using Guid(7bc40f2a5b27761468e228e387db9d0e) Importer(2089858483,192608db42251d675da83286b1cce702) (ScriptedImporter) -> (artifact id: 'a3e844f7c517c808484af25b26f2210a') in 0.0985451 seconds
Number of updated asset objects reloaded before import = 0Number of asset objects unloaded after import = 8

========================================================================
Received Import Request.
  Time since last request: 0.000048 seconds.
  path: Assets/Scenes/CatBorg Studio/3D Dungeon Lowpoly Pack/Models/01_Library_01_Candle#1.fbx
  artifactKey: Guid(99c532f0f6a3efd46a5c46e41a790c3c) Importer(2089858483,192608db42251d675da83286b1cce702)
Start importing Assets/Scenes/CatBorg Studio/3D Dungeon Lowpoly Pack/Models/01_Library_01_Candle#1.fbx using Guid(99c532f0f6a3efd46a5c46e41a790c3c) Importer(2089858483,192608db42251d675da83286b1cce702) (ScriptedImporter) -> (artifact id: '208fa3e58a7c27ce093afc5c16cbc6d1') in 0.0856112 seconds
Number of updated asset objects reloaded before import = 0Number of asset objects unloaded after import = 8

========================================================================
Received Import Request.
  Time since last request: 0.000041 seconds.
  path: Assets/Lab2 - Copy
  artifactKey: Guid(362a269abf72ec0439a74cc0b9921bcd) Importer(2089858483,192608db42251d675da83286b1cce702)
Start importing Assets/Lab2 - Copy using Guid(362a269abf72ec0439a74cc0b9921bcd) Importer(2089858483,192608db42251d675da83286b1cce702) (ScriptedImporter) -> (artifact id: 'b9404c4a7524d66da8f75319bc16699a') in 0.0619975 seconds
Number of updated asset objects reloaded before import = 0Number of asset objects unloaded after import = 1

========================================================================
Received Import Request.
  Time since last request: 0.000044 seconds.
  path: Assets/Scenes/CatBorg Studio/3D Dungeon Lowpoly Pack/Models/97_Othert_Barrel_Whole.fbx
  artifactKey: Guid(f4a2f9011f80b8149958fbd8accb1077) Importer(2089858483,192608db42251d675da83286b1cce702)
Start importing Assets/Scenes/CatBorg Studio/3D Dungeon Lowpoly Pack/Models/97_Othert_Barrel_Whole.fbx using Guid(f4a2f9011f80b8149958fbd8accb1077) Importer(2089858483,192608db42251d675da83286b1cce702) (ScriptedImporter) -> (artifact id: 'e1829b295068461f8106a4d580dd9f64') in 0.0584121 seconds
Number of updated asset objects reloaded before import = 0Number of asset objects unloaded after import = 8

========================================================================
Received Import Request.
  Time since last request: 0.000106 seconds.
  path: Assets/Scenes - Copy/SampleScene.unity
  artifactKey: Guid(99c9720ab356a0642a771bea13969a05) Importer(2089858483,192608db42251d675da83286b1cce702)
Start importing Assets/Scenes - Copy/SampleScene.unity using Guid(99c9720ab356a0642a771bea13969a05) Importer(2089858483,192608db42251d675da83286b1cce702) (ScriptedImporter) -> (artifact id: 'e923c146cee6a1d125fcc7ccf0645ceb') in 0.1313944 seconds
Number of updated asset objects reloaded before import = 0Number of asset objects unloaded after import = 1

========================================================================
Received Import Request.
  Time since last request: 0.000035 seconds.
  path: Assets/Lab2 - Copy/BTM_Assets/BTM_Items_Gems/Prefabs/SphereGem2.prefab
  artifactKey: Guid(50e7064084f724541b538851733cd3ce) Importer(2089858483,192608db42251d675da83286b1cce702)
Start importing Assets/Lab2 - Copy/BTM_Assets/BTM_Items_Gems/Prefabs/SphereGem2.prefab using Guid(50e7064084f724541b538851733cd3ce) Importer(2089858483,192608db42251d675da83286b1cce702) (ScriptedImporter) -> (artifact id: 'a8a1ba89de6d956f642d7b3829862e0d') in 0.0811998 seconds
Number of updated asset objects reloaded before import = 0Number of asset objects unloaded after import = 15

========================================================================
Received Import Request.
  Time since last request: 0.000032 seconds.
  path: Assets/Lab2 - Copy/RPGHero/Prefabs/RPGHeroPolyart.prefab
  artifactKey: Guid(c647a6e9ba715004ebbf4dc6d7bd1e7a) Importer(2089858483,192608db42251d675da83286b1cce702)
Start importing Assets/Lab2 - Copy/RPGHero/Prefabs/RPGHeroPolyart.prefab using Guid(c647a6e9ba715004ebbf4dc6d7bd1e7a) Importer(2089858483,192608db42251d675da83286b1cce702) (ScriptedImporter) -> (artifact id: 'c6b476b3ece0fcf9f9cf2df79cd0b20b') in 0.133712 seconds
Number of updated asset objects reloaded before import = 0Number of asset objects unloaded after import = 162

========================================================================
Received Import Request.
  Time since last request: 0.000055 seconds.
  path: Assets/Lab2 - Copy/RPGHero/Materials/HandPainted.mat
  artifactKey: Guid(6acc71550c566ce42a8bedab0c3b42af) Importer(2089858483,192608db42251d675da83286b1cce702)
Start importing Assets/Lab2 - Copy/RPGHero/Materials/HandPainted.mat using Guid(6acc71550c566ce42a8bedab0c3b42af) Importer(2089858483,192608db42251d675da83286b1cce702) (ScriptedImporter) -> (artifact id: '093e17e3e240ecd08e5543d96735dc9a') in 0.1645561 seconds
Number of updated asset objects reloaded before import = 0Number of asset objects unloaded after import = 3

========================================================================
Received Import Request.
  Time since last request: 0.000059 seconds.
  path: Assets/_Recovery
  artifactKey: Guid(928e8f7d05b5e8a4bb117efd86b62c8c) Importer(2089858483,192608db42251d675da83286b1cce702)
Start importing Assets/_Recovery using Guid(928e8f7d05b5e8a4bb117efd86b62c8c) Importer(2089858483,192608db42251d675da83286b1cce702) (ScriptedImporter) -> (artifact id: '956620319b26b3b1381ff21a3a245b29') in 0.0624474 seconds
Number of updated asset objects reloaded before import = 0Number of asset objects unloaded after import = 1

========================================================================
Received Import Request.
  Time since last request: 0.000031 seconds.
  path: Assets/Scenes/CatBorg Studio/3D Dungeon Lowpoly Pack/Prefabs/03_Blacksmith_01_WoodenRack.prefab
  artifactKey: Guid(6fbf4207e2fef5e4687d16c507fc055b) Importer(2089858483,192608db42251d675da83286b1cce702)
Start importing Assets/Scenes/CatBorg Studio/3D Dungeon Lowpoly Pack/Prefabs/03_Blacksmith_01_WoodenRack.prefab using Guid(6fbf4207e2fef5e4687d16c507fc055b) Importer(2089858483,192608db42251d675da83286b1cce702) (ScriptedImporter) -> (artifact id: 'a4fa304f5a6da77284c78f05d3589755') in 0.0613719 seconds
Number of updated asset objects reloaded before import = 0Number of asset objects unloaded after import = 8

========================================================================
Received Import Request.
  Time since last request: 0.000025 seconds.
  path: Assets/Lab2 - Copy/BTM_Assets/BTM_Items_Gems/Models
  artifactKey: Guid(a5ff2ec5967924140a0e2a48350f4dbb) Importer(2089858483,192608db42251d675da83286b1cce702)
Start importing Assets/Lab2 - Copy/BTM_Assets/BTM_Items_Gems/Models using Guid(a5ff2ec5967924140a0e2a48350f4dbb) Importer(2089858483,192608db42251d675da83286b1cce702) (ScriptedImporter) -> (artifact id: '8e437fd9063d70513864afd12c01820c') in 0.0448151 seconds
Number of updated asset objects reloaded before import = 0Number of asset objects unloaded after import = 1

========================================================================
Received Import Request.
  Time since last request: 0.000051 seconds.
  path: Assets/Scenes/CatBorg Studio/3D Dungeon Lowpoly Pack/Models/96_Traps_Trap_RamTower.fbx
  artifactKey: Guid(edbbcdc12b07aa844b4524d5f1b9cf13) Importer(2089858483,192608db42251d675da83286b1cce702)
Start importing Assets/Scenes/CatBorg Studio/3D Dungeon Lowpoly Pack/Models/96_Traps_Trap_RamTower.fbx using Guid(edbbcdc12b07aa844b4524d5f1b9cf13) Importer(2089858483,192608db42251d675da83286b1cce702) (ScriptedImporter) -> (artifact id: 'e17278a9a3becbc6c3eb6d1a0d1b4d51') in 0.1595862 seconds
Number of updated asset objects reloaded before import = 0Number of asset objects unloaded after import = 8

========================================================================
Received Import Request.
  Time since last request: 0.000027 seconds.
  path: Assets/Lab2 - Copy/BTM_Assets/BTM_Items_Gems/Models/SpeedChev.fbx
  artifactKey: Guid(64a927c80033db0409b71cfd8df5461a) Importer(2089858483,192608db42251d675da83286b1cce702)
Start importing Assets/Lab2 - Copy/BTM_Assets/BTM_Items_Gems/Models/SpeedChev.fbx using Guid(64a927c80033db0409b71cfd8df5461a) Importer(2089858483,192608db42251d675da83286b1cce702) (ScriptedImporter) -> (artifact id: '683551435bfad74524ca5a5f6ccf4555') in 0.114581 seconds
Number of updated asset objects reloaded before import = 0Number of asset objects unloaded after import = 9

========================================================================
Received Import Request.
  Time since last request: 0.000044 seconds.
  path: Assets/Scenes/CatBorg Studio/3D Dungeon Lowpoly Pack/Models/99_Decorations_WallBanner_1.fbx
  artifactKey: Guid(6dd5d9c3842edac4888f79ff894f2d77) Importer(2089858483,192608db42251d675da83286b1cce702)
Start importing Assets/Scenes/CatBorg Studio/3D Dungeon Lowpoly Pack/Models/99_Decorations_WallBanner_1.fbx using Guid(6dd5d9c3842edac4888f79ff894f2d77) Importer(2089858483,192608db42251d675da83286b1cce702) (ScriptedImporter) -> (artifact id: '4122511f8e3d8e1b8f2881e91e9019df') in 0.0589127 seconds
Number of updated asset objects reloaded before import = 0Number of asset objects unloaded after import = 8

========================================================================
Received Import Request.
  Time since last request: 0.000017 seconds.
  path: Assets/Scenes/CatBorg Studio/3D Dungeon Lowpoly Pack/Models/96_Traps_Trap_Spiner.fbx
  artifactKey: Guid(029b3feb059e5fd4087be5a3773e3172) Importer(2089858483,192608db42251d675da83286b1cce702)
Start importing Assets/Scenes/CatBorg Studio/3D Dungeon Lowpoly Pack/Models/96_Traps_Trap_Spiner.fbx using Guid(029b3feb059e5fd4087be5a3773e3172) Importer(2089858483,192608db42251d675da83286b1cce702) (ScriptedImporter) -> (artifact id: 'b4410213630c2cae7039e5fbeda6ef65') in 0.0673729 seconds
Number of updated asset objects reloaded before import = 0Number of asset objects unloaded after import = 8

========================================================================
Received Import Request.
  Time since last request: 0.000025 seconds.
  path: Assets/Lab2 - Copy/BTM_Assets/BTM_Items_Gems/Models/GoldBar.fbx
  artifactKey: Guid(b595019e353f6c64196dd301530f35a4) Importer(2089858483,192608db42251d675da83286b1cce702)
Start importing Assets/Lab2 - Copy/BTM_Assets/BTM_Items_Gems/Models/GoldBar.fbx using Guid(b595019e353f6c64196dd301530f35a4) Importer(2089858483,192608db42251d675da83286b1cce702) (ScriptedImporter) -> (artifact id: 'c4ed632c9928ec7c47b604d6c5dc21a7') in 0.095928 seconds
Number of updated asset objects reloaded before import = 0Number of asset objects unloaded after import = 9

========================================================================
Received Import Request.
  Time since last request: 0.000092 seconds.
  path: Assets/Scenes/CatBorg Studio/3D Dungeon Lowpoly Pack/Prefabs/01_DiningHall_01_WoodenTable#1.prefab
  artifactKey: Guid(dc9b885602f11ae4b81c7749b464e6dc) Importer(2089858483,192608db42251d675da83286b1cce702)
Start importing Assets/Scenes/CatBorg Studio/3D Dungeon Lowpoly Pack/Prefabs/01_DiningHall_01_WoodenTable#1.prefab using Guid(dc9b885602f11ae4b81c7749b464e6dc) Importer(2089858483,192608db42251d675da83286b1cce702) (ScriptedImporter) -> (artifact id: '76d2c56853141af52bee88275eee906c') in 0.0826789 seconds
Number of updated asset objects reloaded before import = 0Number of asset objects unloaded after import = 8

========================================================================
Received Import Request.
  Time since last request: 0.000033 seconds.
  path: Assets/Scenes/CatBorg Studio/3D Dungeon Lowpoly Pack/Prefabs/03_Blacksmith_01_Forge.prefab
  artifactKey: Guid(375aacc276d724f41b0baa76221478d3) Importer(2089858483,192608db42251d675da83286b1cce702)
Start importing Assets/Scenes/CatBorg Studio/3D Dungeon Lowpoly Pack/Prefabs/03_Blacksmith_01_Forge.prefab using Guid(375aacc276d724f41b0baa76221478d3) Importer(2089858483,192608db42251d675da83286b1cce702) (ScriptedImporter) -> (artifact id: 'a4d27035278b1ffcdc40ac02901f1277') in 0.0862649 seconds
Number of updated asset objects reloaded before import = 0Number of asset objects unloaded after import = 8

========================================================================
Received Import Request.
  Time since last request: 0.000060 seconds.
  path: Assets/FreeDragons/Prefab/DragonSoulEaterPBR
  artifactKey: Guid(5d7d0afb1a4a2334099a3b364f931492) Importer(2089858483,192608db42251d675da83286b1cce702)
Start importing Assets/FreeDragons/Prefab/DragonSoulEaterPBR using Guid(5d7d0afb1a4a2334099a3b364f931492) Importer(2089858483,192608db42251d675da83286b1cce702) (ScriptedImporter) -> (artifact id: 'ef43f6c332854c8e0ed72f7937ac5e27') in 0.0610947 seconds
Number of updated asset objects reloaded before import = 0Number of asset objects unloaded after import = 1

========================================================================
Received Import Request.
  Time since last request: 0.000089 seconds.
  path: Assets/Lab2 - Copy/BTM_Assets/BTM_Items_Gems/Prefabs/StarCoin.prefab
  artifactKey: Guid(a73eca55382651c449497eca9a2be0be) Importer(2089858483,192608db42251d675da83286b1cce702)
Start importing Assets/Lab2 - Copy/BTM_Assets/BTM_Items_Gems/Prefabs/StarCoin.prefab using Guid(a73eca55382651c449497eca9a2be0be) Importer(2089858483,192608db42251d675da83286b1cce702) (ScriptedImporter) -> (artifact id: '6e62a1ff722b75c414b0fdb0723658d4') in 0.0652828 seconds
Number of updated asset objects reloaded before import = 0Number of asset objects unloaded after import = 15

========================================================================
Received Import Request.
  Time since last request: 0.000020 seconds.
  path: Assets/Scenes/CatBorg Studio/3D Dungeon Lowpoly Pack/Models/02_Kitchen_01_Chopper.fbx
  artifactKey: Guid(21676d294d655b5478ce76c58d15f06e) Importer(2089858483,192608db42251d675da83286b1cce702)
Start importing Assets/Scenes/CatBorg Studio/3D Dungeon Lowpoly Pack/Models/02_Kitchen_01_Chopper.fbx using Guid(21676d294d655b5478ce76c58d15f06e) Importer(2089858483,192608db42251d675da83286b1cce702) (ScriptedImporter) -> (artifact id: '7aa9f4cb6747148b442831d881807556') in 0.0466382 seconds
Number of updated asset objects reloaded before import = 0Number of asset objects unloaded after import = 8

========================================================================
Received Import Request.
  Time since last request: 0.000082 seconds.
  path: Assets/Scenes/CatBorg Studio/3D Dungeon Lowpoly Pack/Models/99_Enviroment_Column_Rocky_1.fbx
  artifactKey: Guid(3b065307e61a1b04abb4d0063d1265c5) Importer(2089858483,192608db42251d675da83286b1cce702)
Start importing Assets/Scenes/CatBorg Studio/3D Dungeon Lowpoly Pack/Models/99_Enviroment_Column_Rocky_1.fbx using Guid(3b065307e61a1b04abb4d0063d1265c5) Importer(2089858483,192608db42251d675da83286b1cce702) (ScriptedImporter) -> (artifact id: '6e5d9304bc21f7f7065a06318e30aba2') in 0.1108381 seconds
Number of updated asset objects reloaded before import = 0Number of asset objects unloaded after import = 8

========================================================================
Received Import Request.
  Time since last request: 0.000069 seconds.
  path: Assets/FreeDragons/Prefab/DragonSoulEaterPBR/DragonSoulEaterBluePBR.prefab
  artifactKey: Guid(31a77d5e57bdce243a1c38bc0ba2808f) Importer(2089858483,192608db42251d675da83286b1cce702)
Start importing Assets/FreeDragons/Prefab/DragonSoulEaterPBR/DragonSoulEaterBluePBR.prefab using Guid(31a77d5e57bdce243a1c38bc0ba2808f) Importer(2089858483,192608db42251d675da83286b1cce702) (ScriptedImporter) -> (artifact id: '4377881d5ec3a1cec23966d7b93a298a') in 0.0497547 seconds
Number of updated asset objects reloaded before import = 0Number of asset objects unloaded after import = 140

========================================================================
Received Import Request.
  Time since last request: 0.000025 seconds.
  path: Assets/Lab2 - Copy/BTM_Assets/BTM_Items_Gems/Prefabs/Lock.prefab
  artifactKey: Guid(1b3904c27daf8ec40998027dcc750477) Importer(2089858483,192608db42251d675da83286b1cce702)
Start importing Assets/Lab2 - Copy/BTM_Assets/BTM_Items_Gems/Prefabs/Lock.prefab using Guid(1b3904c27daf8ec40998027dcc750477) Importer(2089858483,192608db42251d675da83286b1cce702) (ScriptedImporter) -> (artifact id: 'b09faa5f9c6eb841634a87588ee27b98') in 0.0982301 seconds
Number of updated asset objects reloaded before import = 0Number of asset objects unloaded after import = 15

========================================================================
Received Import Request.
  Time since last request: 0.329735 seconds.
  path: Assets/Scenes/CatBorg Studio/3D Dungeon Lowpoly Pack/Models/01_Library_01_BookShelve_1.fbx
  artifactKey: Guid(96e8e095ce718cb48ab139ad2ca550e5) Importer(2089858483,192608db42251d675da83286b1cce702)
Start importing Assets/Scenes/CatBorg Studio/3D Dungeon Lowpoly Pack/Models/01_Library_01_BookShelve_1.fbx using Guid(96e8e095ce718cb48ab139ad2ca550e5) Importer(2089858483,192608db42251d675da83286b1cce702) (ScriptedImporter) -> (artifact id: '1f282509cdd860b36f4b253062d3f1c1') in 0.1468814 seconds
Number of updated asset objects reloaded before import = 1Number of asset objects unloaded after import = 9

========================================================================
Received Import Request.
  Time since last request: 0.000024 seconds.
  path: Assets/Scenes/CatBorg Studio/3D Dungeon Lowpoly Pack/Models/02_Kitchen_01_CookingPot#3.fbx
  artifactKey: Guid(7d1974cd9f00a6642becc6a9c5f9dd16) Importer(2089858483,192608db42251d675da83286b1cce702)
Start importing Assets/Scenes/CatBorg Studio/3D Dungeon Lowpoly Pack/Models/02_Kitchen_01_CookingPot#3.fbx using Guid(7d1974cd9f00a6642becc6a9c5f9dd16) Importer(2089858483,192608db42251d675da83286b1cce702) (ScriptedImporter) -> (artifact id: 'a29a4d5fbf09b08553de22c4ee1b99b9') in 0.0649504 seconds
Number of updated asset objects reloaded before import = 0Number of asset objects unloaded after import = 8

========================================================================
Received Import Request.
  Time since last request: 0.000056 seconds.
  path: Assets/Scenes/CatBorg Studio/3D Dungeon Lowpoly Pack/Models/02_Kitchen_01_CuttingBoard#2.fbx
  artifactKey: Guid(833386d75d20afc47ae8848a6f445176) Importer(2089858483,192608db42251d675da83286b1cce702)
Start importing Assets/Scenes/CatBorg Studio/3D Dungeon Lowpoly Pack/Models/02_Kitchen_01_CuttingBoard#2.fbx using Guid(833386d75d20afc47ae8848a6f445176) Importer(2089858483,192608db42251d675da83286b1cce702) (ScriptedImporter) -> (artifact id: '4c18a86e50fca83eca9ac3a71d114d77') in 0.0956654 seconds
Number of updated asset objects reloaded before import = 0Number of asset objects unloaded after import = 8

========================================================================
Received Import Request.
  Time since last request: 0.000062 seconds.
  path: Assets/Lab2 - Copy/BTM_Assets/BTM_Items_Gems/Prefabs/StarGem3.prefab
  artifactKey: Guid(c51c431c1c28a7b4082c610fc0aa0a46) Importer(2089858483,192608db42251d675da83286b1cce702)
Start importing Assets/Lab2 - Copy/BTM_Assets/BTM_Items_Gems/Prefabs/StarGem3.prefab using Guid(c51c431c1c28a7b4082c610fc0aa0a46) Importer(2089858483,192608db42251d675da83286b1cce702) (ScriptedImporter) -> (artifact id: '55542dbf0fea77f1495986d2a93d9b69') in 0.0485514 seconds
Number of updated asset objects reloaded before import = 0Number of asset objects unloaded after import = 15

========================================================================
Received Import Request.
  Time since last request: 0.000062 seconds.
  path: Assets/FreeDragons/Texture/DragonSoulEaterPBR/Red/Normal.png
  artifactKey: Guid(24b71f068cc3266479fc9fa8a8eaf85e) Importer(2089858483,192608db42251d675da83286b1cce702)
Start importing Assets/FreeDragons/Texture/DragonSoulEaterPBR/Red/Normal.png using Guid(24b71f068cc3266479fc9fa8a8eaf85e) Importer(2089858483,192608db42251d675da83286b1cce702) (ScriptedImporter) -> (artifact id: '7d4ab7890cbd4bd6b367f9ea0f4d1115') in 0.1068943 seconds
Number of updated asset objects reloaded before import = 0Number of asset objects unloaded after import = 1

========================================================================
Received Import Request.
  Time since last request: 0.000076 seconds.
  path: Assets/FreeDragons/Texture/DragonBoarPBR/Gold/Materials
  artifactKey: Guid(1caa5d441378ed44eb481476c29b6ff1) Importer(2089858483,192608db42251d675da83286b1cce702)
Start importing Assets/FreeDragons/Texture/DragonBoarPBR/Gold/Materials using Guid(1caa5d441378ed44eb481476c29b6ff1) Importer(2089858483,192608db42251d675da83286b1cce702) (ScriptedImporter) -> (artifact id: 'd808c2ed3f73fffd6a5d1a094c31b594') in 0.0429799 seconds
Number of updated asset objects reloaded before import = 0Number of asset objects unloaded after import = 1

========================================================================
Received Import Request.
  Time since last request: 0.000033 seconds.
  path: Assets/Scenes/CatBorg Studio/3D Dungeon Lowpoly Pack/Prefabs/03_Blacksmith_01_Hammer#1.prefab
  artifactKey: Guid(b14c26b3ab0a0a54a98340c8d9fb1fff) Importer(2089858483,192608db42251d675da83286b1cce702)
Start importing Assets/Scenes/CatBorg Studio/3D Dungeon Lowpoly Pack/Prefabs/03_Blacksmith_01_Hammer#1.prefab using Guid(b14c26b3ab0a0a54a98340c8d9fb1fff) Importer(2089858483,192608db42251d675da83286b1cce702) (ScriptedImporter) -> (artifact id: '47fb899d688e1b8f446ddd3f8649bf88') in 0.0487104 seconds
Number of updated asset objects reloaded before import = 0Number of asset objects unloaded after import = 8

========================================================================
Received Import Request.
  Time since last request: 0.000029 seconds.
  path: Assets/Scenes/CatBorg Studio/3D Dungeon Lowpoly Pack/Models/03_Blacksmith_01_Hammer#2.fbx
  artifactKey: Guid(1e457b6408d1a6d43a5ea2846d1bd88f) Importer(2089858483,192608db42251d675da83286b1cce702)
Start importing Assets/Scenes/CatBorg Studio/3D Dungeon Lowpoly Pack/Models/03_Blacksmith_01_Hammer#2.fbx using Guid(1e457b6408d1a6d43a5ea2846d1bd88f) Importer(2089858483,192608db42251d675da83286b1cce702) (ScriptedImporter) -> (artifact id: '39a1bad8dfe7ce61e8701187312a5713') in 0.0715887 seconds
Number of updated asset objects reloaded before import = 0Number of asset objects unloaded after import = 8

========================================================================
Received Import Request.
  Time since last request: 0.000285 seconds.
  path: Assets/Scenes/CatBorg Studio/3D Dungeon Lowpoly Pack/Models/99_Decorations_WallBanner_2.fbx
  artifactKey: Guid(0a3f008b7c8f235498390d0f705b7705) Importer(2089858483,192608db42251d675da83286b1cce702)
Start importing Assets/Scenes/CatBorg Studio/3D Dungeon Lowpoly Pack/Models/99_Decorations_WallBanner_2.fbx using Guid(0a3f008b7c8f235498390d0f705b7705) Importer(2089858483,192608db42251d675da83286b1cce702) (ScriptedImporter) -> (artifact id: '2754915e9f2c5d98806b5d6585413fdf') in 0.0771346 seconds
Number of updated asset objects reloaded before import = 0Number of asset objects unloaded after import = 8

========================================================================
Received Import Request.
  Time since last request: 0.000036 seconds.
  path: Assets/Lab2 - Copy/BTM_Assets/BTM_Items_Gems/Prefabs/RedPill.prefab
  artifactKey: Guid(159a122a2346fae4fb92f428464c2837) Importer(2089858483,192608db42251d675da83286b1cce702)
Start importing Assets/Lab2 - Copy/BTM_Assets/BTM_Items_Gems/Prefabs/RedPill.prefab using Guid(159a122a2346fae4fb92f428464c2837) Importer(2089858483,192608db42251d675da83286b1cce702) (ScriptedImporter) -> (artifact id: '3897bf52e41dddf16a0c81b1f8120449') in 0.1076975 seconds
Number of updated asset objects reloaded before import = 0Number of asset objects unloaded after import = 15

========================================================================
Received Import Request.
  Time since last request: 0.000039 seconds.
  path: Assets/Scenes/CatBorg Studio/3D Dungeon Lowpoly Pack/Models/99_Enviroment_Floor_01.fbx
  artifactKey: Guid(67db746dbd507f24093eca27ac44957b) Importer(2089858483,192608db42251d675da83286b1cce702)
Start importing Assets/Scenes/CatBorg Studio/3D Dungeon Lowpoly Pack/Models/99_Enviroment_Floor_01.fbx using Guid(67db746dbd507f24093eca27ac44957b) Importer(2089858483,192608db42251d675da83286b1cce702) (ScriptedImporter) -> (artifact id: '9995c9f80251065589c70d44f433e770') in 0.0611701 seconds
Number of updated asset objects reloaded before import = 0Number of asset objects unloaded after import = 8

========================================================================
Received Import Request.
  Time since last request: 0.000037 seconds.
  path: Assets/Scenes/CatBorg Studio/3D Dungeon Lowpoly Pack/Models/97_Othert_Torch_1.fbx
  artifactKey: Guid(0a0e49f111f777f48a1b4586c089df4e) Importer(2089858483,192608db42251d675da83286b1cce702)
Start importing Assets/Scenes/CatBorg Studio/3D Dungeon Lowpoly Pack/Models/97_Othert_Torch_1.fbx using Guid(0a0e49f111f777f48a1b4586c089df4e) Importer(2089858483,192608db42251d675da83286b1cce702) (ScriptedImporter) -> (artifact id: 'c5574a89032d8fa8e27f897393af23ac') in 0.0751758 seconds
Number of updated asset objects reloaded before import = 0Number of asset objects unloaded after import = 8

========================================================================
Received Import Request.
  Time since last request: 0.000019 seconds.
  path: Assets/Lab2 - Copy/Scripts/dragonCollider.cs
  artifactKey: Guid(8b39f5c817f020148ab10b03ebc606dc) Importer(2089858483,192608db42251d675da83286b1cce702)
Start importing Assets/Lab2 - Copy/Scripts/dragonCollider.cs using Guid(8b39f5c817f020148ab10b03ebc606dc) Importer(2089858483,192608db42251d675da83286b1cce702) (ScriptedImporter) -> (artifact id: '32e9678fdbcebd7a5fedced5178e9013') in 0.0332984 seconds
Number of updated asset objects reloaded before import = 0Number of asset objects unloaded after import = 0

========================================================================
Received Import Request.
  Time since last request: 0.000023 seconds.
  path: Assets/Scenes/CatBorg Studio/3D Dungeon Lowpoly Pack/Models/01_DiningHall_01_Bowl#2.fbx
  artifactKey: Guid(73ce0a416903c7641822479ada6bc80c) Importer(2089858483,192608db42251d675da83286b1cce702)
Start importing Assets/Scenes/CatBorg Studio/3D Dungeon Lowpoly Pack/Models/01_DiningHall_01_Bowl#2.fbx using Guid(73ce0a416903c7641822479ada6bc80c) Importer(2089858483,192608db42251d675da83286b1cce702) (ScriptedImporter) -> (artifact id: '758fcfc37756d4ba76100766e1f2b34c') in 0.0445146 seconds
Number of updated asset objects reloaded before import = 0Number of asset objects unloaded after import = 8

========================================================================
Received Import Request.
  Time since last request: 0.167924 seconds.
  path: Assets/FreeDragons/Prefab/DragonBoarPBR/RedBoarPBR.prefab
  artifactKey: Guid(83187382e7bb7844da2964a6fec3b29b) Importer(2089858483,192608db42251d675da83286b1cce702)
Start importing Assets/FreeDragons/Prefab/DragonBoarPBR/RedBoarPBR.prefab using Guid(83187382e7bb7844da2964a6fec3b29b) Importer(2089858483,192608db42251d675da83286b1cce702) (ScriptedImporter) -> (artifact id: '2ae0b121c73b4667dafe9995a7f3a9e4') in 0.0750075 seconds
Number of updated asset objects reloaded before import = 0Number of asset objects unloaded after import = 120

========================================================================
Received Import Request.
  Time since last request: 0.000064 seconds.
  path: Assets/Scenes/CatBorg Studio/3D Dungeon Lowpoly Pack/Prefabs/97_Othert_Key_Red.prefab
  artifactKey: Guid(fb7a8fe8399823041b978461ce797a7f) Importer(2089858483,192608db42251d675da83286b1cce702)
Start importing Assets/Scenes/CatBorg Studio/3D Dungeon Lowpoly Pack/Prefabs/97_Othert_Key_Red.prefab using Guid(fb7a8fe8399823041b978461ce797a7f) Importer(2089858483,192608db42251d675da83286b1cce702) (ScriptedImporter) -> (artifact id: 'a6035d90e7febcfd6bd05e987c92cd96') in 0.1267124 seconds
Number of updated asset objects reloaded before import = 0Number of asset objects unloaded after import = 8

========================================================================
Received Import Request.
  Time since last request: 0.000027 seconds.
  path: Assets/Lab2 - Copy/RPGHero/SRP/FreeRPGHeroesLW.zip
  artifactKey: Guid(08e5378003a93e442af2c2ca9ee9de41) Importer(2089858483,192608db42251d675da83286b1cce702)
Start importing Assets/Lab2 - Copy/RPGHero/SRP/FreeRPGHeroesLW.zip using Guid(08e5378003a93e442af2c2ca9ee9de41) Importer(2089858483,192608db42251d675da83286b1cce702) (ScriptedImporter) -> (artifact id: '41d9e106d188d37aa87bdf15804cf7f9') in 0.0326292 seconds
Number of updated asset objects reloaded before import = 0Number of asset objects unloaded after import = 1

========================================================================
Received Import Request.
  Time since last request: 0.000041 seconds.
  path: Assets/Lab2 - Copy/BTM_Assets/BTM_Items_Gems/Models/Time.fbx
  artifactKey: Guid(0136abae75221dc4e8e1ba4f9d24c63b) Importer(2089858483,192608db42251d675da83286b1cce702)
Start importing Assets/Lab2 - Copy/BTM_Assets/BTM_Items_Gems/Models/Time.fbx using Guid(0136abae75221dc4e8e1ba4f9d24c63b) Importer(2089858483,192608db42251d675da83286b1cce702) (ScriptedImporter) -> (artifact id: '0ede5239e6157512693e32d29faa00b7') in 0.1147114 seconds
Number of updated asset objects reloaded before import = 0Number of asset objects unloaded after import = 9

========================================================================
Received Import Request.
  Time since last request: 0.000052 seconds.
  path: Assets/Lab2 - Copy/BTM_Assets/BTM_Items_Gems/Prefabs/Ruby.prefab
  artifactKey: Guid(e61c9a4b7ad4e684f9866d27135607f5) Importer(2089858483,192608db42251d675da83286b1cce702)
Start importing Assets/Lab2 - Copy/BTM_Assets/BTM_Items_Gems/Prefabs/Ruby.prefab using Guid(e61c9a4b7ad4e684f9866d27135607f5) Importer(2089858483,192608db42251d675da83286b1cce702) (ScriptedImporter) -> (artifact id: 'f310a10a2dcc6cdc843a0816d0849fd5') in 0.033082 seconds
Number of updated asset objects reloaded before import = 0Number of asset objects unloaded after import = 15

========================================================================
Received Import Request.
  Time since last request: 0.000030 seconds.
  path: Assets/Scenes/CatBorg Studio/3D Dungeon Lowpoly Pack/Prefabs/97_Othert_Amphora_Destroyable.prefab
  artifactKey: Guid(22c3c9f59017bab44a6af40069e7785f) Importer(2089858483,192608db42251d675da83286b1cce702)
Start importing Assets/Scenes/CatBorg Studio/3D Dungeon Lowpoly Pack/Prefabs/97_Othert_Amphora_Destroyable.prefab using Guid(22c3c9f59017bab44a6af40069e7785f) Importer(2089858483,192608db42251d675da83286b1cce702) (ScriptedImporter) -> (artifact id: 'dd79f284f88b83a9bcb500d86118ab89') in 0.0623434 seconds
Number of updated asset objects reloaded before import = 0Number of asset objects unloaded after import = 44

========================================================================
Received Import Request.
  Time since last request: 1.349121 seconds.
  path: Assets/Lab2 - Copy/BTM_Assets/BTM_Items_Gems/Models/Clock.fbx
  artifactKey: Guid(1e5b0c023ae30f04c81e40590c70ac4c) Importer(2089858483,192608db42251d675da83286b1cce702)
Start importing Assets/Lab2 - Copy/BTM_Assets/BTM_Items_Gems/Models/Clock.fbx using Guid(1e5b0c023ae30f04c81e40590c70ac4c) Importer(2089858483,192608db42251d675da83286b1cce702) (ScriptedImporter) -> (artifact id: '53c8772b49c961aaf5ec7090484e2866') in 0.1375574 seconds
Number of updated asset objects reloaded before import = 0Number of asset objects unloaded after import = 9

========================================================================
Received Import Request.
  Time since last request: 0.000028 seconds.
  path: Assets/Lab2 - Copy/BTM_Assets/BTM_Items_Gems/Models/5SideDiamond.fbx
  artifactKey: Guid(7d7b6793cdd278a4084fd1e487655b7e) Importer(2089858483,192608db42251d675da83286b1cce702)
Start importing Assets/Lab2 - Copy/BTM_Assets/BTM_Items_Gems/Models/5SideDiamond.fbx using Guid(7d7b6793cdd278a4084fd1e487655b7e) Importer(2089858483,192608db42251d675da83286b1cce702) (ScriptedImporter) -> (artifact id: 'e47be24d699d7f555c8a294741da5036') in 0.1009477 seconds
Number of updated asset objects reloaded before import = 0Number of asset objects unloaded after import = 9

========================================================================
Received Import Request.
  Time since last request: 0.000040 seconds.
  path: Assets/Lab2 - Copy/BTM_Assets/BTM_Items_Gems/Models/Heart.fbx
  artifactKey: Guid(80844d124bb3cb54893e9d8bf21ba7e2) Importer(2089858483,192608db42251d675da83286b1cce702)
Start importing Assets/Lab2 - Copy/BTM_Assets/BTM_Items_Gems/Models/Heart.fbx using Guid(80844d124bb3cb54893e9d8bf21ba7e2) Importer(2089858483,192608db42251d675da83286b1cce702) (ScriptedImporter) -> (artifact id: 'df52b405afe7b792a95e5db704a70586') in 0.1074296 seconds
Number of updated asset objects reloaded before import = 0Number of asset objects unloaded after import = 9

========================================================================
Received Import Request.
  Time since last request: 0.000103 seconds.
  path: Assets/Scenes/CatBorg Studio/3D Dungeon Lowpoly Pack/Prefabs/02_Kitchen_01_CookingPot#2.prefab
  artifactKey: Guid(3e949684ea4f4744d8394630ed256f96) Importer(2089858483,192608db42251d675da83286b1cce702)
Start importing Assets/Scenes/CatBorg Studio/3D Dungeon Lowpoly Pack/Prefabs/02_Kitchen_01_CookingPot#2.prefab using Guid(3e949684ea4f4744d8394630ed256f96) Importer(2089858483,192608db42251d675da83286b1cce702) (ScriptedImporter) -> (artifact id: '08c2ac9c485fb5abe0d16474f573fd8c') in 0.12192 seconds
Number of updated asset objects reloaded before import = 0Number of asset objects unloaded after import = 8

========================================================================
Received Import Request.
  Time since last request: 0.652269 seconds.
  path: Assets/Scenes/CatBorg Studio/3D Dungeon Lowpoly Pack/Prefabs/02_Kitchen_01_CookingPot#1.prefab
  artifactKey: Guid(16dfe05c8ffa4d84681d7cd84ab17842) Importer(2089858483,192608db42251d675da83286b1cce702)
Start importing Assets/Scenes/CatBorg Studio/3D Dungeon Lowpoly Pack/Prefabs/02_Kitchen_01_CookingPot#1.prefab using Guid(16dfe05c8ffa4d84681d7cd84ab17842) Importer(2089858483,192608db42251d675da83286b1cce702) (ScriptedImporter) -> (artifact id: '025ae70c3df11aba4a7a32126a0c2dde') in 0.153359 seconds
Number of updated asset objects reloaded before import = 0Number of asset objects unloaded after import = 8

========================================================================
Received Import Request.
  Time since last request: 1.236139 seconds.
  path: Assets/FreeDragons/Animations/DragonBoar/HornAttack.fbx
  artifactKey: Guid(3496cda763ff70b40aeed94cf510c9db) Importer(2089858483,192608db42251d675da83286b1cce702)
Start importing Assets/FreeDragons/Animations/DragonBoar/HornAttack.fbx using Guid(3496cda763ff70b40aeed94cf510c9db) Importer(2089858483,192608db42251d675da83286b1cce702) (ScriptedImporter) -> (artifact id: '5172726371ebff856683b5dc7186744d') in 0.1671316 seconds
Number of updated asset objects reloaded before import = 0Number of asset objects unloaded after import = 91

========================================================================
Received Import Request.
  Time since last request: 0.000036 seconds.
  path: Assets/Scenes/CatBorg Studio/3D Dungeon Lowpoly Pack/Models/01_Library_01_BookSmall_Green.fbx
  artifactKey: Guid(19beee987cc34624cb12ac982e0dc8e6) Importer(2089858483,192608db42251d675da83286b1cce702)
Start importing Assets/Scenes/CatBorg Studio/3D Dungeon Lowpoly Pack/Models/01_Library_01_BookSmall_Green.fbx using Guid(19beee987cc34624cb12ac982e0dc8e6) Importer(2089858483,192608db42251d675da83286b1cce702) (ScriptedImporter) -> (artifact id: '9efe2c58d607f6662b1716e1246c9cbf') in 0.0882286 seconds
Number of updated asset objects reloaded before import = 0Number of asset objects unloaded after import = 9

========================================================================
Received Import Request.
  Time since last request: 0.000089 seconds.
  path: Assets/Lab2 - Copy/RPGHero/Materials/PBR.mat
  artifactKey: Guid(c12dcb13975c4f046aeb892393f83184) Importer(2089858483,192608db42251d675da83286b1cce702)
Start importing Assets/Lab2 - Copy/RPGHero/Materials/PBR.mat using Guid(c12dcb13975c4f046aeb892393f83184) Importer(2089858483,192608db42251d675da83286b1cce702) (ScriptedImporter) -> (artifact id: '85e3fe9660c296850222169f7b283a32') in 0.1667497 seconds
Number of updated asset objects reloaded before import = 0Number of asset objects unloaded after import = 5

========================================================================
Received Import Request.
  Time since last request: 0.209579 seconds.
  path: Assets/FreeDragons/Scene/DragonSoulEaterPBR.unity
  artifactKey: Guid(00a9cf0784dd64e48b9d6da780d0e039) Importer(2089858483,192608db42251d675da83286b1cce702)
Start importing Assets/FreeDragons/Scene/DragonSoulEaterPBR.unity using Guid(00a9cf0784dd64e48b9d6da780d0e039) Importer(2089858483,192608db42251d675da83286b1cce702) (ScriptedImporter) -> (artifact id: '68f744dbcc3e13e9c2cb38e21f3d0c75') in 0.0905847 seconds
Number of updated asset objects reloaded before import = 0Number of asset objects unloaded after import = 1

========================================================================
Received Import Request.
  Time since last request: 0.000019 seconds.
  path: Assets/Lab2 - Copy/BTM_Assets/BTM_Items_Gems/Models/StarCoin.fbx
  artifactKey: Guid(8596f346ea0284b41bb900ae6f4ce276) Importer(2089858483,192608db42251d675da83286b1cce702)
Start importing Assets/Lab2 - Copy/BTM_Assets/BTM_Items_Gems/Models/StarCoin.fbx using Guid(8596f346ea0284b41bb900ae6f4ce276) Importer(2089858483,192608db42251d675da83286b1cce702) (ScriptedImporter) -> (artifact id: '9a2e1d7de7d736fc68844d6e650a34ab') in 0.0465543 seconds
Number of updated asset objects reloaded before import = 0Number of asset objects unloaded after import = 9

